date,close_usd,eur_per_usd,close_eur,fx_source
1997-05-15,0.097917,0.87108,0.085294,fed_h10_ecu
1997-05-16,0.086458,0.868432,0.075083,fed_h10_ecu
1997-05-19,0.085417,0.875657,0.074796,fed_h10_ecu
1997-05-20,0.081771,0.868432,0.071013,fed_h10_ecu
1997-05-21,0.071354,0.866026,0.061794,fed_h10_ecu
1997-05-22,0.069792,0.86881,0.060636,fed_h10_ecu
1997-05-23,0.075,0.86881,0.065161,fed_h10_ecu
1997-05-27,0.079167,0.8726,0.069081,fed_h10_ecu
1997-05-28,0.076563,0.87184,0.066751,fed_h10_ecu
1997-05-29,0.07526,0.872676,0.065678,fed_h10_ecu
1997-05-30,0.075,0.877963,0.065847,fed_h10_ecu
1997-06-02,0.075521,0.886525,0.066951,fed_h10_ecu
1997-06-03,0.073958,0.885897,0.065519,fed_h10_ecu
1997-06-04,0.070833,0.887705,0.062879,fed_h10_ecu
1997-06-05,0.077083,0.887233,0.068391,fed_h10_ecu
1997-06-06,0.082813,0.888889,0.073612,fed_h10_ecu
1997-06-09,0.084375,0.878194,0.074098,fed_h10_ecu
1997-06-10,0.079167,0.884017,0.069985,fed_h10_ecu
1997-06-11,0.077083,0.882457,0.068022,fed_h10_ecu
1997-06-12,0.080208,0.884956,0.070981,fed_h10_ecu
1997-06-13,0.079167,0.892459,0.070653,fed_h10_ecu
1997-06-16,0.078646,0.886368,0.069709,fed_h10_ecu
1997-06-17,0.07526,0.886132,0.06669,fed_h10_ecu
1997-06-18,0.075521,0.885347,0.066862,fed_h10_ecu
1997-06-19,0.075521,0.882613,0.066656,fed_h10_ecu
1997-06-20,0.076302,0.884017,0.067452,fed_h10_ecu
1997-06-23,0.075,0.877732,0.06583,fed_h10_ecu
1997-06-24,0.075521,0.881057,0.066538,fed_h10_ecu
1997-06-25,0.075521,0.880514,0.066497,fed_h10_ecu
1997-06-26,0.075521,0.881601,0.066579,fed_h10_ecu
1997-06-27,0.074479,0.885975,0.065987,fed_h10_ecu
1997-06-30,0.077083,0.887626,0.068421,fed_h10_ecu
1997-07-01,0.075781,0.886918,0.067212,fed_h10_ecu
1997-07-02,0.079427,0.892698,0.070904,fed_h10_ecu
1997-07-03,0.095573,0.888494,0.084916,fed_h10_ecu
1997-07-07,0.1,0.888889,0.088889,fed_h10_ecu
1997-07-08,0.115104,0.893416,0.102836,fed_h10_ecu
1997-07-09,0.116146,0.894055,0.103841,fed_h10_ecu
1997-07-10,0.128125,0.890948,0.114153,fed_h10_ecu
1997-07-11,0.114583,0.898392,0.10294,fed_h10_ecu
1997-07-14,0.106771,0.908678,0.09702,fed_h10_ecu
1997-07-15,0.121875,0.912409,0.1112,fed_h10_ecu
1997-07-16,0.116667,0.910996,0.106283,fed_h10_ecu
1997-07-17,0.110938,0.907935,0.100725,fed_h10_ecu
1997-07-18,0.107813,0.907029,0.09779,fed_h10_ecu
1997-07-21,0.109115,0.908595,0.099141,fed_h10_ecu
1997-07-22,0.106771,0.91954,0.09818,fed_h10_ecu
1997-07-23,0.114583,0.920132,0.105432,fed_h10_ecu
1997-07-24,0.113021,0.924044,0.104436,fed_h10_ecu
1997-07-25,0.111458,0.927214,0.103345,fed_h10_ecu
1997-07-28,0.116146,0.936417,0.108761,fed_h10_ecu
1997-07-29,0.123958,0.930233,0.11531,fed_h10_ecu
1997-07-30,0.122396,0.929368,0.113751,fed_h10_ecu
1997-07-31,0.119792,0.932749,0.111736,fed_h10_ecu
1997-08-01,0.120833,0.944287,0.114101,fed_h10_ecu
1997-08-04,0.115625,0.944733,0.109235,fed_h10_ecu
1997-08-05,0.110417,0.952381,0.105159,fed_h10_ecu
1997-08-06,0.1125,0.954016,0.107327,fed_h10_ecu
1997-08-07,0.108854,0.951928,0.103621,fed_h10_ecu
1997-08-08,0.114583,0.939408,0.10764,fed_h10_ecu
1997-08-11,0.116406,0.943396,0.109817,fed_h10_ecu
1997-08-12,0.109896,0.948767,0.104266,fed_h10_ecu
1997-08-13,0.109896,0.934143,0.102659,fed_h10_ecu
1997-08-14,0.107813,0.938262,0.101157,fed_h10_ecu
1997-08-15,0.105729,0.926784,0.097988,fed_h10_ecu
1997-08-18,0.102083,0.927214,0.094653,fed_h10_ecu
1997-08-19,0.108333,0.935454,0.101341,fed_h10_ecu
1997-08-20,0.108333,0.94304,0.102162,fed_h10_ecu
1997-08-21,0.105729,0.937383,0.099109,fed_h10_ecu
1997-08-22,0.10625,0.922509,0.098017,fed_h10_ecu
1997-08-25,0.110938,0.926956,0.102835,fed_h10_ecu
1997-08-26,0.117188,0.916086,0.107354,fed_h10_ecu
1997-08-27,0.115885,0.921234,0.106757,fed_h10_ecu
1997-08-28,0.11875,0.915164,0.108676,fed_h10_ecu
1997-08-29,0.116927,0.918695,0.10742,fed_h10_ecu
1997-09-02,0.117708,0.932227,0.109731,fed_h10_ecu
1997-09-03,0.116667,0.924984,0.107915,fed_h10_ecu
1997-09-04,0.127604,0.926097,0.118174,fed_h10_ecu
1997-09-05,0.125,0.917263,0.114658,fed_h10_ecu
1997-09-08,0.15,0.922084,0.138313,fed_h10_ecu
1997-09-09,0.161979,0.923788,0.149634,fed_h10_ecu
1997-09-10,0.165104,0.916926,0.151388,fed_h10_ecu
1997-09-11,0.157813,0.908265,0.143336,fed_h10_ecu
1997-09-12,0.184375,0.903751,0.166629,fed_h10_ecu
1997-09-15,0.154688,0.898876,0.139045,fed_h10_ecu
1997-09-16,0.167708,0.903342,0.151498,fed_h10_ecu
1997-09-17,0.170313,0.903751,0.15392,fed_h10_ecu
1997-09-18,0.164583,0.906125,0.149133,fed_h10_ecu
1997-09-19,0.197396,0.903751,0.178397,fed_h10_ecu
1997-09-22,0.225,0.914077,0.205667,fed_h10_ecu
1997-09-23,0.23125,0.914913,0.211574,fed_h10_ecu
1997-09-24,0.21875,0.904568,0.197874,fed_h10_ecu
1997-09-25,0.203906,0.901551,0.183832,fed_h10_ecu
1997-09-26,0.208333,0.900333,0.187569,fed_h10_ecu
1997-09-29,0.202083,0.898069,0.181485,fed_h10_ecu
1997-09-30,0.216927,0.901713,0.195606,fed_h10_ecu
1997-10-01,0.201042,0.905797,0.182103,fed_h10_ecu
1997-10-02,0.200521,0.903996,0.18127,fed_h10_ecu
1997-10-03,0.200781,0.898553,0.180412,fed_h10_ecu
1997-10-06,0.20625,0.899928,0.18561,fed_h10_ecu
1997-10-07,0.202865,0.895095,0.181583,fed_h10_ecu
1997-10-08,0.20026,0.894694,0.179172,fed_h10_ecu
1997-10-09,0.1875,0.890551,0.166978,fed_h10_ecu
1997-10-10,0.195052,0.894614,0.174496,fed_h10_ecu
1997-10-13,0.2,0.894614,0.178923,fed_h10_ecu
1997-10-14,0.198958,0.894134,0.177895,fed_h10_ecu
1997-10-15,0.196094,0.890472,0.174616,fed_h10_ecu
1997-10-16,0.18125,0.890076,0.161326,fed_h10_ecu
1997-10-17,0.18125,0.901551,0.163406,fed_h10_ecu
1997-10-20,0.191146,0.899928,0.172018,fed_h10_ecu
1997-10-21,0.221354,0.906618,0.200684,fed_h10_ecu
1997-10-22,0.226042,0.904159,0.204378,fed_h10_ecu
1997-10-23,0.225,0.899523,0.202393,fed_h10_ecu
1997-10-24,0.251302,0.90009,0.226194,fed_h10_ecu
1997-10-27,0.213542,0.893017,0.190697,fed_h10_ecu
1997-10-28,0.247396,0.877963,0.217205,fed_h10_ecu
1997-10-29,0.269531,0.880669,0.237368,fed_h10_ecu
1997-10-30,0.25625,0.877578,0.224879,fed_h10_ecu
1997-10-31,0.254167,0.874508,0.222271,fed_h10_ecu
1997-11-03,0.253646,0.879894,0.223182,fed_h10_ecu
1997-11-04,0.247917,0.872981,0.216427,fed_h10_ecu
1997-11-05,0.24375,0.873362,0.212882,fed_h10_ecu
1997-11-06,0.233073,0.870777,0.202955,fed_h10_ecu
1997-11-07,0.223958,0.866476,0.194054,fed_h10_ecu
1997-11-10,0.210417,0.867152,0.182464,fed_h10_ecu
1997-11-11,0.197396,0.867152,0.171172,fed_h10_ecu
1997-11-12,0.188542,0.87184,0.164378,fed_h10_ecu
1997-11-13,0.192969,0.869565,0.167799,fed_h10_ecu
1997-11-14,0.208333,0.875657,0.182428,fed_h10_ecu
1997-11-17,0.21875,0.875044,0.191416,fed_h10_ecu
1997-11-18,0.220833,0.871688,0.192497,fed_h10_ecu
1997-11-19,0.225521,0.875964,0.197548,fed_h10_ecu
1997-11-20,0.229167,0.875274,0.200584,fed_h10_ecu
1997-11-21,0.224479,0.881446,0.197866,fed_h10_ecu
1997-11-24,0.211458,0.876808,0.185408,fed_h10_ecu
1997-11-25,0.210156,0.880282,0.184996,fed_h10_ecu
1997-11-26,0.213021,0.88968,0.18952,fed_h10_ecu
1997-11-28,0.20625,0.890076,0.183578,fed_h10_ecu
1997-12-01,0.213542,0.897183,0.191586,fed_h10_ecu
1997-12-02,0.211719,0.895255,0.189543,fed_h10_ecu
1997-12-03,0.218229,0.892459,0.19476,fed_h10_ecu
1997-12-04,0.225,0.893256,0.200983,fed_h10_ecu
1997-12-05,0.229688,0.899766,0.206665,fed_h10_ecu
1997-12-08,0.235417,0.901713,0.212279,fed_h10_ecu
1997-12-09,0.234375,0.905797,0.212296,fed_h10_ecu
1997-12-10,0.225521,0.901551,0.203319,fed_h10_ecu
1997-12-11,0.234375,0.894214,0.209582,fed_h10_ecu
1997-12-12,0.227083,0.897666,0.203845,fed_h10_ecu
1997-12-15,0.229167,0.89823,0.205845,fed_h10_ecu
1997-12-16,0.222917,0.903342,0.20137,fed_h10_ecu
1997-12-17,0.219531,0.8967,0.196853,fed_h10_ecu
1997-12-18,0.214583,0.898634,0.192832,fed_h10_ecu
1997-12-19,0.225,0.896861,0.201794,fed_h10_ecu
1997-12-22,0.234896,0.900495,0.211523,fed_h10_ecu
1997-12-23,0.23125,0.897666,0.207585,fed_h10_ecu
1997-12-24,0.230208,0.897263,0.206557,fed_h10_ecu
1997-12-26,0.226042,0.897666,0.20291,fed_h10_ecu
1997-12-29,0.2375,0.903751,0.214641,fed_h10_ecu
1997-12-30,0.242448,0.906208,0.219708,fed_h10_ecu
1997-12-31,0.251042,0.910747,0.228636,fed_h10_ecu
1998-01-02,0.247917,0.913242,0.226408,fed_h10_ecu
1998-01-05,0.2375,0.921829,0.218934,fed_h10_ecu
1998-01-06,0.241927,0.920217,0.222625,fed_h10_ecu
1998-01-07,0.239063,0.921829,0.220375,fed_h10_ecu
1998-01-08,0.230729,0.922935,0.212948,fed_h10_ecu
1998-01-09,0.213021,0.92098,0.196188,fed_h10_ecu
1998-01-12,0.215104,0.920387,0.197979,fed_h10_ecu
1998-01-13,0.232292,0.92081,0.213897,fed_h10_ecu
1998-01-14,0.24375,0.922509,0.224862,fed_h10_ecu
1998-01-15,0.247656,0.926355,0.229417,fed_h10_ecu
1998-01-16,0.239583,0.926355,0.221939,fed_h10_ecu
1998-01-20,0.247656,0.931099,0.230592,fed_h10_ecu
1998-01-21,0.253646,0.926269,0.234944,fed_h10_ecu
1998-01-22,0.256771,0.914077,0.234708,fed_h10_ecu
1998-01-23,0.246875,0.904159,0.223214,fed_h10_ecu
1998-01-26,0.240625,0.911162,0.219248,fed_h10_ecu
1998-01-27,0.2375,0.909504,0.216007,fed_h10_ecu
1998-01-28,0.238542,0.918274,0.219047,fed_h10_ecu
1998-01-29,0.247917,0.922084,0.2286,fed_h10_ecu
1998-01-30,0.245833,0.928505,0.228257,fed_h10_ecu
1998-02-02,0.259896,0.921659,0.239535,fed_h10_ecu
1998-02-03,0.257552,0.921404,0.237309,fed_h10_ecu
1998-02-04,0.253125,0.913576,0.231249,fed_h10_ecu
1998-02-05,0.246875,0.908678,0.22433,fed_h10_ecu
1998-02-06,0.245313,0.914077,0.224235,fed_h10_ecu
1998-02-09,0.242708,0.921659,0.223694,fed_h10_ecu
1998-02-10,0.265104,0.919963,0.243886,fed_h10_ecu
1998-02-11,0.264583,0.921659,0.243855,fed_h10_ecu
1998-02-12,0.263021,0.91617,0.240972,fed_h10_ecu
1998-02-13,0.259375,0.923788,0.239607,fed_h10_ecu
1998-02-17,0.257292,0.923532,0.237617,fed_h10_ecu
1998-02-18,0.253646,0.920387,0.233452,fed_h10_ecu
1998-02-19,0.261458,0.922509,0.241197,fed_h10_ecu
1998-02-20,0.263542,0.922509,0.24312,fed_h10_ecu
1998-02-23,0.270313,0.907688,0.24536,fed_h10_ecu
1998-02-24,0.270313,0.911162,0.246299,fed_h10_ecu
1998-02-25,0.274479,0.91617,0.25147,fed_h10_ecu
1998-02-26,0.303125,0.917852,0.278224,fed_h10_ecu
1998-02-27,0.320833,0.918274,0.294612,fed_h10_ecu
1998-03-02,0.317708,0.917431,0.291475,fed_h10_ecu
1998-03-03,0.298958,0.914077,0.273271,fed_h10_ecu
1998-03-04,0.30599,0.918274,0.280983,fed_h10_ecu
1998-03-05,0.3125,0.923788,0.288684,fed_h10_ecu
1998-03-06,0.319792,0.927214,0.296516,fed_h10_ecu
1998-03-09,0.347917,0.923361,0.321253,fed_h10_ecu
1998-03-10,0.346289,0.925155,0.320371,fed_h10_ecu
1998-03-11,0.331771,0.925926,0.307195,fed_h10_ecu
1998-03-12,0.327083,0.922084,0.301598,fed_h10_ecu
1998-03-13,0.327865,0.917011,0.300656,fed_h10_ecu
1998-03-16,0.329167,0.918274,0.302265,fed_h10_ecu
1998-03-17,0.332813,0.915583,0.304718,fed_h10_ecu
1998-03-18,0.355469,0.92081,0.32732,fed_h10_ecu
1998-03-19,0.35,0.922084,0.322729,fed_h10_ecu
1998-03-20,0.35,0.923361,0.323176,fed_h10_ecu
1998-03-23,0.349219,0.918695,0.320826,fed_h10_ecu
1998-03-24,0.351042,0.919963,0.322946,fed_h10_ecu
1998-03-25,0.340365,0.92081,0.313412,fed_h10_ecu
1998-03-26,0.344792,0.917852,0.316468,fed_h10_ecu
1998-03-27,0.354167,0.91954,0.325671,fed_h10_ecu
1998-03-30,0.357813,0.928936,0.332386,fed_h10_ecu
1998-03-31,0.35638,0.930233,0.331516,fed_h10_ecu
1998-04-01,0.375521,0.932401,0.350136,fed_h10_ecu
1998-04-02,0.396094,0.931099,0.368803,fed_h10_ecu
1998-04-03,0.3875,0.932401,0.361305,fed_h10_ecu
1998-04-06,0.369271,0.927644,0.342552,fed_h10_ecu
1998-04-07,0.358333,0.927214,0.332251,fed_h10_ecu
1998-04-08,0.369271,0.918949,0.339341,fed_h10_ecu
1998-04-09,0.396875,0.918949,0.364708,fed_h10_ecu
1998-04-13,0.392969,0.919879,0.361484,fed_h10_ecu
1998-04-14,0.404948,0.910332,0.368637,fed_h10_ecu
1998-04-15,0.400521,0.908678,0.363945,fed_h10_ecu
1998-04-16,0.410417,0.912159,0.374366,fed_h10_ecu
1998-04-17,0.395313,0.912409,0.360687,fed_h10_ecu
1998-04-20,0.392708,0.90876,0.356878,fed_h10_ecu
1998-04-21,0.38776,0.904568,0.350755,fed_h10_ecu
1998-04-22,0.363542,0.906783,0.329654,fed_h10_ecu
1998-04-23,0.3375,0.910415,0.307265,fed_h10_ecu
1998-04-24,0.353646,0.907194,0.320826,fed_h10_ecu
1998-04-27,0.344792,0.904732,0.311944,fed_h10_ecu
1998-04-28,0.398438,0.907441,0.361559,fed_h10_ecu
1998-04-29,0.397917,0.907853,0.36125,fed_h10_ecu
1998-04-30,0.382292,0.907112,0.346782,fed_h10_ecu
1998-05-01,0.39375,0.900657,0.354634,fed_h10_ecu
1998-05-04,0.396875,0.901551,0.357803,fed_h10_ecu
1998-05-05,0.390495,0.898715,0.350944,fed_h10_ecu
1998-05-06,0.376563,0.895656,0.337271,fed_h10_ecu
1998-05-07,0.379167,0.896057,0.339755,fed_h10_ecu
1998-05-08,0.384896,0.899928,0.346379,fed_h10_ecu
1998-05-11,0.361979,0.903342,0.326991,fed_h10_ecu
1998-05-12,0.380729,0.901307,0.343154,fed_h10_ecu
1998-05-13,0.386979,0.903342,0.349575,fed_h10_ecu
1998-05-14,0.38151,0.904568,0.345102,fed_h10_ecu
1998-05-15,0.373438,0.905305,0.338075,fed_h10_ecu
1998-05-18,0.366927,0.907276,0.332904,fed_h10_ecu
1998-05-19,0.376563,0.90629,0.341275,fed_h10_ecu
1998-05-20,0.369271,0.898957,0.331959,fed_h10_ecu
1998-05-21,0.369792,0.894055,0.330614,fed_h10_ecu
1998-05-22,0.358333,0.894855,0.320656,fed_h10_ecu
1998-05-26,0.341146,0.897747,0.306263,fed_h10_ecu
1998-05-27,0.360938,0.904077,0.326316,fed_h10_ecu
1998-05-28,0.358073,0.904732,0.32396,fed_h10_ecu
1998-05-29,0.367188,0.905797,0.332598,fed_h10_ecu
1998-06-01,0.356771,0.902935,0.322141,fed_h10_ecu
1998-06-02,0.364063,0.903669,0.328992,fed_h10_ecu
1998-06-03,0.352083,0.899685,0.316764,fed_h10_ecu
1998-06-04,0.365625,0.8967,0.327856,fed_h10_ecu
1998-06-05,0.36875,0.90082,0.332177,fed_h10_ecu
1998-06-08,0.385417,0.902527,0.347849,fed_h10_ecu
1998-06-09,0.427083,0.904159,0.386151,fed_h10_ecu
1998-06-10,0.451042,0.911411,0.411085,fed_h10_ecu
1998-06-11,0.520833,0.914411,0.476256,fed_h10_ecu
1998-06-12,0.508333,0.915332,0.465293,fed_h10_ecu
1998-06-15,0.547917,0.919287,0.503693,fed_h10_ecu
1998-06-16,0.613542,0.909918,0.558273,fed_h10_ecu
1998-06-17,0.658333,0.905387,0.596046,fed_h10_ecu
1998-06-18,0.601042,0.906454,0.544817,fed_h10_ecu
1998-06-19,0.631771,0.902935,0.570448,fed_h10_ecu
1998-06-22,0.678125,0.906783,0.614912,fed_h10_ecu
1998-06-23,0.772396,0.911079,0.703714,fed_h10_ecu
1998-06-24,0.831771,0.909918,0.756844,fed_h10_ecu
1998-06-25,0.825521,0.906618,0.748432,fed_h10_ecu
1998-06-26,0.785417,0.915332,0.718917,fed_h10_ecu
1998-06-29,0.822917,0.915332,0.753242,fed_h10_ecu
1998-06-30,0.83125,0.910747,0.757058,fed_h10_ecu
1998-07-01,0.951042,0.917431,0.872516,fed_h10_ecu
1998-07-02,1.033333,0.920471,0.951153,fed_h10_ecu
1998-07-06,1.1625,0.915751,1.06456,fed_h10_ecu
1998-07-07,1.017708,0.918021,0.934277,fed_h10_ecu
1998-07-08,0.892708,0.919456,0.820805,fed_h10_ecu
1998-07-09,0.879167,0.924898,0.81314,fed_h10_ecu
1998-07-10,0.829167,0.919963,0.762803,fed_h10_ecu
1998-07-13,0.896875,0.911245,0.817273,fed_h10_ecu
1998-07-14,0.958333,0.911577,0.873594,fed_h10_ecu
1998-07-15,0.9375,0.911743,0.854759,fed_h10_ecu
1998-07-16,0.944792,0.906618,0.856566,fed_h10_ecu
1998-07-17,0.998438,0.903506,0.902094,fed_h10_ecu
1998-07-20,1.145833,0.902039,1.033586,fed_h10_ecu
1998-07-21,1.100521,0.907853,0.999111,fed_h10_ecu
1998-07-22,1.116667,0.906208,1.011932,fed_h10_ecu
1998-07-23,1.063542,0.907771,0.965452,fed_h10_ecu
1998-07-24,1.035417,0.900739,0.93264,fed_h10_ecu
1998-07-27,1.046354,0.902609,0.944448,fed_h10_ecu
1998-07-28,0.991146,0.898957,0.890998,fed_h10_ecu
1998-07-29,0.898438,0.900901,0.809404,fed_h10_ecu
1998-07-30,0.947917,0.900414,0.853518,fed_h10_ecu
1998-07-31,0.923958,0.902527,0.833897,fed_h10_ecu
1998-08-03,0.902083,0.906208,0.817474,fed_h10_ecu
1998-08-04,0.915625,0.904159,0.827871,fed_h10_ecu
1998-08-05,0.884896,0.899523,0.795985,fed_h10_ecu
1998-08-06,0.9125,0.899281,0.820594,fed_h10_ecu
1998-08-07,0.966667,0.903996,0.873863,fed_h10_ecu
1998-08-10,1.013542,0.903751,0.915989,fed_h10_ecu
1998-08-11,1.033333,0.903342,0.933453,fed_h10_ecu
1998-08-12,1.086458,0.900739,0.978615,fed_h10_ecu
1998-08-13,1.0625,0.906208,0.962845,fed_h10_ecu
1998-08-14,1.022917,0.912409,0.933318,fed_h10_ecu
1998-08-17,0.997396,0.910249,0.907879,fed_h10_ecu
1998-08-18,1.072396,0.912159,0.978196,fed_h10_ecu
1998-08-19,1.072917,0.911577,0.978046,fed_h10_ecu
1998-08-20,1.076042,0.910747,0.980002,fed_h10_ecu
1998-08-21,1.080729,0.910747,0.98427,fed_h10_ecu
1998-08-24,1.122917,0.909256,1.021019,fed_h10_ecu
1998-08-25,1.096875,0.910747,0.998975,fed_h10_ecu
1998-08-26,1.060417,0.914913,0.970189,fed_h10_ecu
1998-08-27,0.991667,0.909091,0.901515,fed_h10_ecu
1998-08-28,0.882422,0.897666,0.79212,fed_h10_ecu
1998-08-31,0.697917,0.893655,0.623697,fed_h10_ecu
1998-09-01,0.666276,0.887548,0.591352,fed_h10_ecu
1998-09-02,0.732292,0.888257,0.650464,fed_h10_ecu
1998-09-03,0.715625,0.876194,0.627026,fed_h10_ecu
1998-09-04,0.71875,0.88129,0.633427,fed_h10_ecu
1998-09-08,0.76875,0.878349,0.675231,fed_h10_ecu
1998-09-09,0.704167,0.876271,0.617041,fed_h10_ecu
1998-09-10,0.663542,0.861326,0.571526,fed_h10_ecu
1998-09-11,0.633854,0.85859,0.544221,fed_h10_ecu
1998-09-14,0.614063,0.866927,0.532348,fed_h10_ecu
1998-09-15,0.608333,0.860733,0.523612,fed_h10_ecu
1998-09-16,0.704167,0.861326,0.606518,fed_h10_ecu
1998-09-17,0.641667,0.859107,0.55126,fed_h10_ecu
1998-09-18,0.664063,0.860363,0.571335,fed_h10_ecu
1998-09-21,0.7125,0.855871,0.609808,fed_h10_ecu
1998-09-22,0.734896,0.857265,0.630001,fed_h10_ecu
1998-09-23,0.876042,0.859623,0.753066,fed_h10_ecu
1998-09-24,0.851042,0.853388,0.726269,fed_h10_ecu
1998-09-25,0.910417,0.850919,0.774691,fed_h10_ecu
1998-09-28,0.963542,0.852878,0.821784,fed_h10_ecu
1998-09-29,0.942708,0.851571,0.802783,fed_h10_ecu
1998-09-30,0.930208,0.848896,0.78965,fed_h10_ecu
1998-10-01,0.855208,0.839419,0.717878,fed_h10_ecu
1998-10-02,0.91875,0.833681,0.765944,fed_h10_ecu
1998-10-05,0.872526,0.829325,0.723608,fed_h10_ecu
1998-10-06,0.902604,0.829876,0.749049,fed_h10_ecu
1998-10-07,0.778646,0.821288,0.639492,fed_h10_ecu
1998-10-08,0.718229,0.815528,0.585736,fed_h10_ecu
1998-10-09,0.759896,0.823181,0.625532,fed_h10_ecu
1998-10-12,0.776563,0.823181,0.639252,fed_h10_ecu
1998-10-13,0.761458,0.831601,0.633229,fed_h10_ecu
1998-10-14,0.779167,0.833194,0.649198,fed_h10_ecu
1998-10-15,0.808854,0.826105,0.668198,fed_h10_ecu
1998-10-16,0.828646,0.821355,0.680613,fed_h10_ecu
1998-10-19,0.88125,0.828638,0.730237,fed_h10_ecu
1998-10-20,0.889583,0.833333,0.741319,fed_h10_ecu
1998-10-21,0.916667,0.834725,0.765164,fed_h10_ecu
1998-10-22,0.955729,0.834376,0.797438,fed_h10_ecu
1998-10-23,0.967708,0.832362,0.805484,fed_h10_ecu
1998-10-26,1.011979,0.839067,0.849118,fed_h10_ecu
1998-10-27,0.969271,0.841397,0.815541,fed_h10_ecu
1998-10-28,0.975521,0.841043,0.820455,fed_h10_ecu
1998-10-29,1.054167,0.841184,0.886749,fed_h10_ecu
1998-10-30,1.053646,0.842602,0.887804,fed_h10_ecu
1998-11-02,1.091667,0.84246,0.919686,fed_h10_ecu
1998-11-03,1.050521,0.846382,0.889142,fed_h10_ecu
1998-11-04,1.081771,0.849257,0.918701,fed_h10_ecu
1998-11-05,1.070833,0.844238,0.904038,fed_h10_ecu
1998-11-06,1.038021,0.850123,0.882446,fed_h10_ecu
1998-11-09,1.057292,0.860289,0.909577,fed_h10_ecu
1998-11-10,1.097917,0.857339,0.941287,fed_h10_ecu
1998-11-11,1.055208,0.857339,0.904671,fed_h10_ecu
1998-11-12,1.091667,0.861104,0.940039,fed_h10_ecu
1998-11-13,1.064583,0.857559,0.912943,fed_h10_ecu
1998-11-16,1.052083,0.847458,0.891596,fed_h10_ecu
1998-11-17,1.2375,0.848752,1.050331,fed_h10_ecu
1998-11-18,1.366667,0.849041,1.160356,fed_h10_ecu
1998-11-19,1.277083,0.855945,1.093112,fed_h10_ecu
1998-11-20,1.505208,0.859476,1.29369,fed_h10_ecu
1998-11-23,1.816667,0.867303,1.5756,fed_h10_ecu
1998-11-24,1.7875,0.868056,1.551649,fed_h10_ecu
1998-11-25,1.752604,0.865801,1.517406,fed_h10_ecu
1998-11-27,1.805208,0.872068,1.574264,fed_h10_ecu
1998-11-30,1.6,0.86408,1.382528,fed_h10_ecu
1998-12-01,1.745833,0.856531,1.49536,fed_h10_ecu
1998-12-02,1.6625,0.852079,1.416581,fed_h10_ecu
1998-12-03,1.579167,0.85237,1.346034,fed_h10_ecu
1998-12-04,1.570833,0.854701,1.342592,fed_h10_ecu
1998-12-07,1.591667,0.854701,1.360399,fed_h10_ecu
1998-12-08,1.700521,0.851789,1.448485,fed_h10_ecu
1998-12-09,1.802083,0.851064,1.533688,fed_h10_ecu
1998-12-10,1.776042,0.844167,1.499276,fed_h10_ecu
1998-12-11,1.858333,0.841751,1.564253,fed_h10_ecu
1998-12-14,1.852083,0.840689,1.557026,fed_h10_ecu
1998-12-15,2.022917,0.844024,1.707391,fed_h10_ecu
1998-12-16,2.408333,0.847961,2.042172,fed_h10_ecu
1998-12-17,2.30625,0.847817,1.955278,fed_h10_ecu
1998-12-18,2.389063,0.848248,2.026519,fed_h10_ecu
1998-12-21,2.65625,0.851571,2.261986,fed_h10_ecu
1998-12-22,2.686458,0.85237,2.289855,fed_h10_ecu
1998-12-23,2.708333,0.851861,2.307124,fed_h10_ecu
1998-12-24,2.706771,0.856898,2.319427,fed_h10_ecu
1998-12-28,2.932813,0.854847,2.507106,fed_h10_ecu
1998-12-29,2.769271,0.850847,2.356225,fed_h10_ecu
1998-12-30,2.677083,0.856018,2.291631,fed_h10_ecu
1998-12-31,2.677083,0.851861,2.280503,fed_h10_ecu
1999-01-04,2.957813,0.8466,2.504085,fed_h10_eur
1999-01-05,3.1125,0.8503,2.646559,fed_h10_eur
1999-01-06,3.45,0.8594,2.96493,fed_h10_eur
1999-01-07,3.971875,0.8568,3.403102,fed_h10_eur
1999-01-08,4.00625,0.8655,3.467409,fed_h10_eur
1999-01-11,4.615625,0.867,4.001747,fed_h10_eur
1999-01-12,4.084375,0.866,3.537069,fed_h10_eur
1999-01-13,3.7,0.8548,3.16276,fed_h10_eur
1999-01-14,3.45,0.8555,2.951475,fed_h10_eur
1999-01-15,3.509375,0.8627,3.027538,fed_h10_eur
1999-01-19,3.495313,0.8613,3.010513,fed_h10_eur
1999-01-20,2.825,0.8639,2.440518,fed_h10_eur
1999-01-21,2.65,0.8638,2.28907,fed_h10_eur
1999-01-22,3.075,0.8634,2.654955,fed_h10_eur
1999-01-25,2.809375,0.8646,2.428986,fed_h10_eur
1999-01-26,2.877344,0.8638,2.48545,fed_h10_eur
1999-01-27,3.140625,0.871,2.735484,fed_h10_eur
1999-01-28,3.071875,0.8776,2.695878,fed_h10_eur
1999-01-29,2.923438,0.8794,2.570871,fed_h10_eur
1999-02-01,2.896875,0.8847,2.562865,fed_h10_eur
1999-02-02,2.75625,0.8828,2.433217,fed_h10_eur
1999-02-03,3.14375,0.8819,2.772473,fed_h10_eur
1999-02-04,2.95,0.8845,2.609275,fed_h10_eur
1999-02-05,2.896875,0.8863,2.5675,fed_h10_eur
1999-02-08,2.728125,0.8853,2.415209,fed_h10_eur
1999-02-09,2.5,0.885,2.2125,fed_h10_eur
1999-02-10,2.435938,0.8825,2.149715,fed_h10_eur
1999-02-11,2.746875,0.8847,2.43016,fed_h10_eur
1999-02-12,2.6125,0.8864,2.31572,fed_h10_eur
1999-02-16,2.465625,0.8937,2.203529,fed_h10_eur
1999-02-17,2.3375,0.8905,2.081544,fed_h10_eur
1999-02-18,2.2375,0.891,1.993612,fed_h10_eur
1999-02-19,2.546875,0.9029,2.299573,fed_h10_eur
1999-02-22,2.6625,0.906,2.412225,fed_h10_eur
1999-02-23,2.879688,0.9097,2.619652,fed_h10_eur
1999-02-24,2.773438,0.9114,2.527711,fed_h10_eur
1999-02-25,3.125,0.9035,2.823438,fed_h10_eur
1999-02-26,3.203125,0.9095,2.913242,fed_h10_eur
1999-03-01,3.325,0.9182,3.053015,fed_h10_eur
1999-03-02,3.032813,0.9148,2.774417,fed_h10_eur
1999-03-03,3.0875,0.9184,2.83556,fed_h10_eur
1999-03-04,3.003125,0.9239,2.774587,fed_h10_eur
1999-03-05,3.0375,0.9223,2.801486,fed_h10_eur
1999-03-08,3.054688,0.9175,2.802676,fed_h10_eur
1999-03-09,3.248438,0.9197,2.987588,fed_h10_eur
1999-03-10,3.428125,0.9123,3.127478,fed_h10_eur
1999-03-11,3.371875,0.9147,3.084254,fed_h10_eur
1999-03-12,3.332813,0.9144,3.047524,fed_h10_eur
1999-03-15,3.473438,0.9149,3.177848,fed_h10_eur
1999-03-16,3.345313,0.9162,3.064976,fed_h10_eur
1999-03-17,3.275,0.9079,2.973373,fed_h10_eur
1999-03-18,3.460938,0.9099,3.149107,fed_h10_eur
1999-03-19,3.376563,0.9155,3.091243,fed_h10_eur
1999-03-22,3.3,0.9162,3.02346,fed_h10_eur
1999-03-23,2.984375,0.9159,2.733389,fed_h10_eur
1999-03-24,3.092188,0.9157,2.831516,fed_h10_eur
1999-03-25,3.496875,0.9199,3.216775,fed_h10_eur
1999-03-26,3.476563,0.9308,3.235985,fed_h10_eur
1999-03-29,3.740625,0.9332,3.490751,fed_h10_eur
1999-03-30,4.117188,0.9318,3.836396,fed_h10_eur
1999-03-31,4.304688,0.9252,3.982697,fed_h10_eur
1999-04-01,4.275,0.9275,3.965063,fed_h10_eur
1999-04-05,4.6625,0.9341,4.355241,fed_h10_eur
1999-04-06,4.571875,0.9227,4.218469,fed_h10_eur
1999-04-07,4.395313,0.9273,4.075774,fed_h10_eur
1999-04-08,4.475,0.9229,4.129977,fed_h10_eur
1999-04-09,4.571875,0.9271,4.238585,fed_h10_eur
1999-04-12,4.610938,0.9223,4.252668,fed_h10_eur
1999-04-13,4.459375,0.9276,4.136516,fed_h10_eur
1999-04-14,4.2,0.9277,3.89634,fed_h10_eur
1999-04-15,4.18125,0.9331,3.901524,fed_h10_eur
1999-04-16,4.75,0.9356,4.4441,fed_h10_eur
1999-04-19,3.973438,0.9427,3.74576,fed_h10_eur
1999-04-20,4.3,0.9407,4.04501,fed_h10_eur
1999-04-21,4.48125,0.9423,4.222682,fed_h10_eur
1999-04-22,4.751563,0.9436,4.483575,fed_h10_eur
1999-04-23,5.253125,0.9404,4.940039,fed_h10_eur
1999-04-26,5.179688,0.9443,4.891179,fed_h10_eur
1999-04-27,5.146875,0.9391,4.83343,fed_h10_eur
1999-04-28,4.8375,0.942,4.556925,fed_h10_eur
1999-04-29,4.20625,0.9442,3.971541,fed_h10_eur
1999-04-30,4.301563,0.9466,4.071859,fed_h10_eur
1999-05-03,3.773438,0.946,3.569672,fed_h10_eur
1999-05-04,3.575,0.944,3.3748,fed_h10_eur
1999-05-05,3.6625,0.9325,3.415281,fed_h10_eur
1999-05-06,3.434375,0.9277,3.18607,fed_h10_eur
1999-05-07,3.409375,0.9276,3.162536,fed_h10_eur
1999-05-10,3.671875,0.927,3.403828,fed_h10_eur
1999-05-11,3.709375,0.9328,3.460105,fed_h10_eur
1999-05-12,3.573438,0.9376,3.350455,fed_h10_eur
1999-05-13,3.4,0.9411,3.19974,fed_h10_eur
1999-05-14,3.309375,0.939,3.107503,fed_h10_eur
1999-05-17,3.440625,0.937,3.223866,fed_h10_eur
1999-05-18,3.315625,0.937,3.106741,fed_h10_eur
1999-05-19,3.489063,0.9398,3.279021,fed_h10_eur
1999-05-20,3.270313,0.9407,3.076383,fed_h10_eur
1999-05-21,3.214063,0.9454,3.038575,fed_h10_eur
1999-05-24,2.9375,0.944,2.773,fed_h10_eur
1999-05-25,2.789063,0.9446,2.634549,fed_h10_eur
1999-05-26,3.023438,0.955,2.887383,fed_h10_eur
1999-05-27,2.864063,0.9579,2.743486,fed_h10_eur
1999-05-28,2.96875,0.9595,2.848516,fed_h10_eur
1999-06-01,2.645313,0.957,2.531565,fed_h10_eur
1999-06-02,2.803125,0.9655,2.706417,fed_h10_eur
1999-06-03,2.626563,0.9657,2.536472,fed_h10_eur
1999-06-04,2.710938,0.9683,2.625001,fed_h10_eur
1999-06-07,2.934375,0.9713,2.850158,fed_h10_eur
1999-06-08,2.789063,0.958,2.671922,fed_h10_eur
1999-06-09,2.85,0.9569,2.727165,fed_h10_eur
1999-06-10,2.898438,0.9545,2.766559,fed_h10_eur
1999-06-11,2.645313,0.9509,2.515428,fed_h10_eur
1999-06-14,2.3,0.9601,2.20823,fed_h10_eur
1999-06-15,2.4125,0.9597,2.315276,fed_h10_eur
1999-06-16,2.792188,0.9711,2.711494,fed_h10_eur
1999-06-17,2.823438,0.9681,2.73337,fed_h10_eur
1999-06-18,2.782813,0.9645,2.684023,fed_h10_eur
1999-06-21,3.0875,0.9687,2.990861,fed_h10_eur
1999-06-22,2.9375,0.9687,2.845556,fed_h10_eur
1999-06-23,2.94375,0.9694,2.853671,fed_h10_eur
1999-06-24,2.840625,0.9641,2.738647,fed_h10_eur
1999-06-25,2.754688,0.9571,2.636512,fed_h10_eur
1999-06-28,2.767188,0.964,2.667569,fed_h10_eur
1999-06-29,2.901563,0.9674,2.806972,fed_h10_eur
1999-06-30,3.128125,0.9699,3.033968,fed_h10_eur
1999-07-01,3.059375,0.9769,2.988703,fed_h10_eur
1999-07-02,3.101563,0.9762,3.027746,fed_h10_eur
1999-07-06,3.171875,0.9757,3.094798,fed_h10_eur
1999-07-07,3.046875,0.9781,2.980148,fed_h10_eur
1999-07-08,3.134375,0.9806,3.073568,fed_h10_eur
1999-07-09,3.1375,0.9817,3.080084,fed_h10_eur
1999-07-12,2.934375,0.9863,2.894174,fed_h10_eur
1999-07-13,3.153125,0.9827,3.098576,fed_h10_eur
1999-07-14,3.375,0.979,3.304125,fed_h10_eur
1999-07-15,3.489063,0.9785,3.414048,fed_h10_eur
1999-07-16,3.440625,0.9801,3.372157,fed_h10_eur
1999-07-19,3.292188,0.9801,3.226673,fed_h10_eur
1999-07-20,3.003125,0.9597,2.882099,fed_h10_eur
1999-07-21,3.135938,0.95,2.979141,fed_h10_eur
1999-07-22,2.670313,0.9516,2.54107,fed_h10_eur
1999-07-23,2.864063,0.9527,2.728593,fed_h10_eur
1999-07-26,2.648438,0.9389,2.486618,fed_h10_eur
1999-07-27,2.525,0.941,2.376025,fed_h10_eur
1999-07-28,2.64375,0.9395,2.483803,fed_h10_eur
1999-07-29,2.539063,0.9329,2.368692,fed_h10_eur
1999-07-30,2.501563,0.9351,2.339212,fed_h10_eur
1999-08-02,2.35,0.938,2.2043,fed_h10_eur
1999-08-03,2.371875,0.9363,2.220787,fed_h10_eur
1999-08-04,2.210938,0.9289,2.05374,fed_h10_eur
1999-08-05,2.43125,0.9265,2.252553,fed_h10_eur
1999-08-06,2.239063,0.9285,2.07897,fed_h10_eur
1999-08-09,2.1375,0.9351,1.998776,fed_h10_eur
1999-08-10,2.275,0.9301,2.115978,fed_h10_eur
1999-08-11,2.273438,0.9381,2.132712,fed_h10_eur
1999-08-12,2.29375,0.9402,2.156584,fed_h10_eur
1999-08-13,2.435938,0.9463,2.305128,fed_h10_eur
1999-08-16,2.457813,0.9472,2.32804,fed_h10_eur
1999-08-17,2.73125,0.9501,2.594961,fed_h10_eur
1999-08-18,2.828125,0.9519,2.692092,fed_h10_eur
1999-08-19,2.653125,0.9396,2.492876,fed_h10_eur
1999-08-20,2.835938,0.9386,2.661811,fed_h10_eur
1999-08-23,2.959375,0.9476,2.804304,fed_h10_eur
1999-08-24,3.001563,0.9518,2.856888,fed_h10_eur
1999-08-25,3.321875,0.9559,3.17538,fed_h10_eur
1999-08-26,3.214063,0.9578,3.078429,fed_h10_eur
1999-08-27,3.2125,0.956,3.07115,fed_h10_eur
1999-08-30,2.98125,0.9574,2.854249,fed_h10_eur
1999-08-31,3.109375,0.9451,2.93867,fed_h10_eur
1999-09-01,2.976563,0.945,2.812852,fed_h10_eur
1999-09-02,3.003125,0.9355,2.809423,fed_h10_eur
1999-09-03,3.121875,0.943,2.943928,fed_h10_eur
1999-09-07,3.146875,0.9451,2.974111,fed_h10_eur
1999-09-08,3.071875,0.9443,2.900772,fed_h10_eur
1999-09-09,3.18125,0.9485,3.017416,fed_h10_eur
1999-09-10,3.325,0.9614,3.196655,fed_h10_eur
1999-09-13,3.165625,0.9615,3.043749,fed_h10_eur
1999-09-14,3.3,0.9608,3.17064,fed_h10_eur
1999-09-15,3.278125,0.9629,3.156507,fed_h10_eur
1999-09-16,3.2625,0.9599,3.131674,fed_h10_eur
1999-09-17,3.190625,0.9616,3.068105,fed_h10_eur
1999-09-20,3.1375,0.9608,3.01451,fed_h10_eur
1999-09-21,3.1125,0.956,2.97555,fed_h10_eur
1999-09-22,3.3,0.9524,3.14292,fed_h10_eur
1999-09-23,3.1125,0.9602,2.988622,fed_h10_eur
1999-09-24,3.25,0.9555,3.105375,fed_h10_eur
1999-09-27,3.128125,0.9587,2.998933,fed_h10_eur
1999-09-28,3.29375,0.9516,3.134333,fed_h10_eur
1999-09-29,4.0375,0.9422,3.804132,fed_h10_eur
1999-09-30,3.996875,0.9396,3.755464,fed_h10_eur
1999-10-01,3.8625,0.933,3.603712,fed_h10_eur
1999-10-04,3.853125,0.9343,3.599975,fed_h10_eur
1999-10-05,3.921875,0.9352,3.667738,fed_h10_eur
1999-10-06,4.121875,0.9342,3.850655,fed_h10_eur
1999-10-07,4.365625,0.9327,4.071818,fed_h10_eur
1999-10-08,4.4625,0.9407,4.197874,fed_h10_eur
1999-10-11,4.41875,0.9407,4.156718,fed_h10_eur
1999-10-12,4.246875,0.9314,3.955539,fed_h10_eur
1999-10-13,3.996875,0.9295,3.715095,fed_h10_eur
1999-10-14,3.979688,0.926,3.685191,fed_h10_eur
1999-10-15,3.753125,0.9185,3.447245,fed_h10_eur
1999-10-18,3.703125,0.9206,3.409097,fed_h10_eur
1999-10-19,3.83125,0.9231,3.536627,fed_h10_eur
1999-10-20,4.025,0.9289,3.738823,fed_h10_eur
1999-10-21,4.0375,0.9252,3.735495,fed_h10_eur
1999-10-22,3.93125,0.9365,3.681616,fed_h10_eur
1999-10-25,4.1375,0.9376,3.87932,fed_h10_eur
1999-10-26,4.0625,0.9454,3.840688,fed_h10_eur
1999-10-27,3.796875,0.9495,3.605133,fed_h10_eur
1999-10-28,3.55,0.9507,3.374985,fed_h10_eur
1999-10-29,3.53125,0.9508,3.357512,fed_h10_eur
1999-11-01,3.45625,0.9529,3.293461,fed_h10_eur
1999-11-02,3.321875,0.9518,3.161761,fed_h10_eur
1999-11-03,3.290625,0.9537,3.138269,fed_h10_eur
1999-11-04,3.153125,0.9579,3.020378,fed_h10_eur
1999-11-05,3.246875,0.9615,3.12187,fed_h10_eur
1999-11-08,3.9,0.965,3.7635,fed_h10_eur
1999-11-09,3.540625,0.9614,3.403957,fed_h10_eur
1999-11-10,3.6,0.9582,3.44952,fed_h10_eur
1999-11-11,3.65,0.9582,3.49743,fed_h10_eur
1999-11-12,3.746875,0.9695,3.632595,fed_h10_eur
1999-11-15,3.675,0.9695,3.562912,fed_h10_eur
1999-11-16,3.946875,0.9697,3.827285,fed_h10_eur
1999-11-17,3.825,0.9613,3.676973,fed_h10_eur
1999-11-18,3.896875,0.9712,3.784645,fed_h10_eur
1999-11-19,3.896875,0.9696,3.77841,fed_h10_eur
1999-11-22,4.025,0.9683,3.897408,fed_h10_eur
1999-11-23,4.0875,0.9746,3.983678,fed_h10_eur
1999-11-24,4.3625,0.9827,4.287029,fed_h10_eur
1999-11-26,4.65625,0.9865,4.593391,fed_h10_eur
1999-11-29,4.521875,0.9901,4.477108,fed_h10_eur
1999-11-30,4.253125,0.9924,4.220801,fed_h10_eur
1999-12-01,4.25,0.9941,4.224925,fed_h10_eur
1999-12-02,4.453125,0.9977,4.442883,fed_h10_eur
1999-12-03,4.328125,0.9984,4.3212,fed_h10_eur
1999-12-06,4.3875,0.9754,4.279567,fed_h10_eur
1999-12-07,4.303125,0.9783,4.209747,fed_h10_eur
1999-12-08,4.428125,0.9744,4.314765,fed_h10_eur
1999-12-09,5.18125,0.9842,5.099386,fed_h10_eur
1999-12-10,5.334375,0.9844,5.251159,fed_h10_eur
1999-12-13,5.125,0.9881,5.064012,fed_h10_eur
1999-12-14,4.78125,0.9933,4.749216,fed_h10_eur
1999-12-15,4.825,0.9934,4.793155,fed_h10_eur
1999-12-16,4.74375,0.9834,4.665004,fed_h10_eur
1999-12-17,4.703125,0.9913,4.662208,fed_h10_eur
1999-12-20,4.85,0.9934,4.81799,fed_h10_eur
1999-12-21,4.99375,0.9908,4.947808,fed_h10_eur
1999-12-22,4.884375,0.9921,4.845789,fed_h10_eur
1999-12-23,4.5,0.9841,4.42845,fed_h10_eur
1999-12-27,4.05625,0.9866,4.001896,fed_h10_eur
1999-12-28,4.115625,0.9932,4.087639,fed_h10_eur
1999-12-29,4.175,0.9955,4.156213,fed_h10_eur
1999-12-30,3.953125,0.9976,3.943638,fed_h10_eur
1999-12-31,3.80625,0.993,3.779606,fed_h10_eur
2000-01-03,4.46875,0.9847,4.400378,fed_h10_eur
2000-01-04,4.096875,0.97,3.973969,fed_h10_eur
2000-01-05,3.4875,0.9676,3.374505,fed_h10_eur
2000-01-06,3.278125,0.9686,3.175192,fed_h10_eur
2000-01-07,3.478125,0.9714,3.378651,fed_h10_eur
2000-01-10,3.459375,0.9754,3.374274,fed_h10_eur
2000-01-11,3.3375,0.9688,3.23337,fed_h10_eur
2000-01-12,3.178125,0.9727,3.091362,fed_h10_eur
2000-01-13,3.296875,0.9737,3.210167,fed_h10_eur
2000-01-14,3.2125,0.9874,3.172023,fed_h10_eur
2000-01-18,3.20625,0.988,3.167775,fed_h10_eur
2000-01-19,3.340625,0.9886,3.302542,fed_h10_eur
2000-01-20,3.2375,0.9869,3.195089,fed_h10_eur
2000-01-21,3.103125,0.9901,3.072404,fed_h10_eur
2000-01-24,3.50625,0.9981,3.499588,fed_h10_eur
2000-01-25,3.4625,0.9959,3.448304,fed_h10_eur
2000-01-26,3.240625,0.9989,3.23706,fed_h10_eur
2000-01-27,3.346875,1.0111,3.384025,fed_h10_eur
2000-01-28,3.084375,1.0241,3.158708,fed_h10_eur
2000-01-31,3.228125,1.0249,3.308505,fed_h10_eur
2000-02-01,3.371875,1.0276,3.464939,fed_h10_eur
2000-02-02,3.471875,1.0238,3.554506,fed_h10_eur
2000-02-03,4.209375,1.0114,4.257362,fed_h10_eur
2000-02-04,3.928125,1.0246,4.024757,fed_h10_eur
2000-02-07,3.75,1.0222,3.83325,fed_h10_eur
2000-02-08,4.15625,1.014,4.214438,fed_h10_eur
2000-02-09,4.0125,1.0087,4.047409,fed_h10_eur
2000-02-10,3.809375,1.0137,3.861563,fed_h10_eur
2000-02-11,3.809375,1.0155,3.86842,fed_h10_eur
2000-02-14,3.721875,1.0222,3.804501,fed_h10_eur
2000-02-15,3.690625,1.0169,3.752997,fed_h10_eur
2000-02-16,3.534375,1.0161,3.591278,fed_h10_eur
2000-02-17,3.45,1.0139,3.497955,fed_h10_eur
2000-02-18,3.2375,1.0152,3.28671,fed_h10_eur
2000-02-22,3.178125,0.994,3.159056,fed_h10_eur
2000-02-23,3.521875,0.9983,3.515888,fed_h10_eur
2000-02-24,3.421875,1.0069,3.445486,fed_h10_eur
2000-02-25,3.45625,1.0243,3.540237,fed_h10_eur
2000-02-28,3.2875,1.0342,3.399932,fed_h10_eur
2000-02-29,3.44375,1.037,3.571169,fed_h10_eur
2000-03-01,3.29375,1.0309,3.395527,fed_h10_eur
2000-03-02,3.128125,1.0396,3.251999,fed_h10_eur
2000-03-03,3.125,1.0397,3.249063,fed_h10_eur
2000-03-06,3.196875,1.0413,3.328906,fed_h10_eur
2000-03-07,3.175,1.046,3.32105,fed_h10_eur
2000-03-08,3.18125,1.0443,3.322179,fed_h10_eur
2000-03-09,3.440625,1.0326,3.552789,fed_h10_eur
2000-03-10,3.34375,1.0353,3.461784,fed_h10_eur
2000-03-13,3.265625,1.0365,3.38482,fed_h10_eur
2000-03-14,3.28125,1.0369,3.402328,fed_h10_eur
2000-03-15,3.1875,1.0314,3.287588,fed_h10_eur
2000-03-16,3.3125,1.0299,3.411544,fed_h10_eur
2000-03-17,3.240625,1.0316,3.343029,fed_h10_eur
2000-03-20,3.209375,1.0299,3.305335,fed_h10_eur
2000-03-21,3.61875,1.0306,3.729484,fed_h10_eur
2000-03-22,3.534375,1.0408,3.678577,fed_h10_eur
2000-03-23,3.384375,1.0319,3.492337,fed_h10_eur
2000-03-24,3.634375,1.0284,3.737591,fed_h10_eur
2000-03-27,3.65625,1.0368,3.7908,fed_h10_eur
2000-03-28,3.50625,1.0401,3.646851,fed_h10_eur
2000-03-29,3.3125,1.05,3.478125,fed_h10_eur
2000-03-30,3.325,1.0423,3.465648,fed_h10_eur
2000-03-31,3.35,1.0445,3.499075,fed_h10_eur
2000-04-03,3.178125,1.046,3.324319,fed_h10_eur
2000-04-04,3.196875,1.043,3.334341,fed_h10_eur
2000-04-05,3.109375,1.0366,3.223178,fed_h10_eur
2000-04-06,3.2125,1.0438,3.353208,fed_h10_eur
2000-04-07,3.378125,1.0428,3.522709,fed_h10_eur
2000-04-10,3.16875,1.043,3.305006,fed_h10_eur
2000-04-11,3.16875,1.0426,3.303739,fed_h10_eur
2000-04-12,2.81875,1.047,2.951231,fed_h10_eur
2000-04-13,2.4,1.05,2.52,fed_h10_eur
2000-04-14,2.34375,1.0456,2.450625,fed_h10_eur
2000-04-17,2.353125,1.0471,2.463957,fed_h10_eur
2000-04-18,2.746875,1.0552,2.898503,fed_h10_eur
2000-04-19,2.671875,1.0673,2.851692,fed_h10_eur
2000-04-20,2.61875,1.0666,2.793159,fed_h10_eur
2000-04-24,2.490625,1.0643,2.650772,fed_h10_eur
2000-04-25,2.621875,1.0793,2.82979,fed_h10_eur
2000-04-26,2.675,1.085,2.902375,fed_h10_eur
2000-04-27,2.64375,1.101,2.910769,fed_h10_eur
2000-04-28,2.759375,1.1002,3.035864,fed_h10_eur
2000-05-01,2.996875,1.0965,3.286073,fed_h10_eur
2000-05-02,2.80625,1.1028,3.094733,fed_h10_eur
2000-05-03,2.70625,1.1247,3.043719,fed_h10_eur
2000-05-04,2.753125,1.1227,3.090933,fed_h10_eur
2000-05-05,2.925,1.1169,3.266932,fed_h10_eur
2000-05-08,2.800781,1.1173,3.129313,fed_h10_eur
2000-05-09,2.8125,1.1083,3.117094,fed_h10_eur
2000-05-10,2.665625,1.0993,2.930322,fed_h10_eur
2000-05-11,2.74375,1.1085,3.041447,fed_h10_eur
2000-05-12,2.6875,1.1013,2.959744,fed_h10_eur
2000-05-15,2.803125,1.0943,3.06746,fed_h10_eur
2000-05-16,2.953125,1.1046,3.262022,fed_h10_eur
2000-05-17,3.05,1.121,3.41905,fed_h10_eur
2000-05-18,2.76875,1.1171,3.092971,fed_h10_eur
2000-05-19,2.63125,1.1178,2.941211,fed_h10_eur
2000-05-22,2.59375,1.1067,2.870503,fed_h10_eur
2000-05-23,2.334375,1.1072,2.58462,fed_h10_eur
2000-05-24,2.428125,1.0994,2.669481,fed_h10_eur
2000-05-25,2.275,1.1023,2.507733,fed_h10_eur
2000-05-26,2.325,1.0741,2.497283,fed_h10_eur
2000-05-30,2.5875,1.0737,2.778199,fed_h10_eur
2000-05-31,2.415625,1.072,2.58955,fed_h10_eur
2000-06-01,2.509375,1.0745,2.696324,fed_h10_eur
2000-06-02,2.89375,1.0602,3.067954,fed_h10_eur
2000-06-05,2.725,1.0559,2.877327,fed_h10_eur
2000-06-06,2.528125,1.0449,2.641638,fed_h10_eur
2000-06-07,2.590625,1.0417,2.698654,fed_h10_eur
2000-06-08,2.59375,1.0473,2.716434,fed_h10_eur
2000-06-09,2.609375,1.0498,2.739322,fed_h10_eur
2000-06-12,2.421875,1.0478,2.537641,fed_h10_eur
2000-06-13,2.45,1.0396,2.54702,fed_h10_eur
2000-06-14,2.321875,1.0428,2.421251,fed_h10_eur
2000-06-15,2.315625,1.0493,2.429785,fed_h10_eur
2000-06-16,2.3,1.0365,2.38395,fed_h10_eur
2000-06-19,2.265625,1.0393,2.354664,fed_h10_eur
2000-06-20,2.30625,1.0464,2.41326,fed_h10_eur
2000-06-21,2.303125,1.0576,2.435785,fed_h10_eur
2000-06-22,2.1,1.0641,2.23461,fed_h10_eur
2000-06-23,1.69375,1.0686,1.809941,fed_h10_eur
2000-06-26,1.696875,1.0659,1.808699,fed_h10_eur
2000-06-27,1.825,1.0589,1.932493,fed_h10_eur
2000-06-28,1.89375,1.0589,2.005292,fed_h10_eur
2000-06-29,1.85625,1.051,1.950919,fed_h10_eur
2000-06-30,1.815625,1.0477,1.90223,fed_h10_eur
2000-07-03,1.85,1.0498,1.94213,fed_h10_eur
2000-07-05,1.825,1.0473,1.911323,fed_h10_eur
2000-07-06,1.803125,1.0496,1.89256,fed_h10_eur
2000-07-07,1.80625,1.0544,1.90451,fed_h10_eur
2000-07-10,1.753125,1.0503,1.841307,fed_h10_eur
2000-07-11,1.65625,1.053,1.744031,fed_h10_eur
2000-07-12,1.753125,1.0637,1.864799,fed_h10_eur
2000-07-13,1.75,1.0708,1.8739,fed_h10_eur
2000-07-14,2.13125,1.0668,2.273617,fed_h10_eur
2000-07-17,2.05625,1.0694,2.198954,fed_h10_eur
2000-07-18,2.0875,1.0727,2.239261,fed_h10_eur
2000-07-19,2.04375,1.0826,2.212564,fed_h10_eur
2000-07-20,2.015625,1.0762,2.169216,fed_h10_eur
2000-07-21,2.05625,1.0703,2.200804,fed_h10_eur
2000-07-24,1.9375,1.0737,2.080294,fed_h10_eur
2000-07-25,1.88125,1.0648,2.003155,fed_h10_eur
2000-07-26,1.803125,1.0624,1.91564,fed_h10_eur
2000-07-27,1.56875,1.0717,1.681229,fed_h10_eur
2000-07-28,1.5,1.0815,1.62225,fed_h10_eur
2000-07-31,1.50625,1.0792,1.625545,fed_h10_eur
2000-08-01,1.5125,1.0837,1.639096,fed_h10_eur
2000-08-02,1.540625,1.0945,1.686214,fed_h10_eur
2000-08-03,1.575,1.106,1.74195,fed_h10_eur
2000-08-04,1.625,1.1019,1.790588,fed_h10_eur
2000-08-07,1.690625,1.0983,1.856813,fed_h10_eur
2000-08-08,1.646875,1.1088,1.826055,fed_h10_eur
2000-08-09,1.54375,1.1122,1.716959,fed_h10_eur
2000-08-10,1.521875,1.1017,1.67665,fed_h10_eur
2000-08-11,1.684375,1.1055,1.862077,fed_h10_eur
2000-08-14,1.74375,1.1066,1.929634,fed_h10_eur
2000-08-15,1.878125,1.0947,2.055983,fed_h10_eur
2000-08-16,1.93125,1.0937,2.112208,fed_h10_eur
2000-08-17,1.9125,1.0927,2.089789,fed_h10_eur
2000-08-18,1.95,1.1028,2.15046,fed_h10_eur
2000-08-21,1.875,1.1078,2.077125,fed_h10_eur
2000-08-22,1.825,1.1154,2.035605,fed_h10_eur
2000-08-23,1.940625,1.1152,2.164185,fed_h10_eur
2000-08-24,1.96875,1.1077,2.180784,fed_h10_eur
2000-08-25,1.996875,1.1082,2.212937,fed_h10_eur
2000-08-28,1.95625,1.1109,2.173198,fed_h10_eur
2000-08-29,1.98125,1.1153,2.209688,fed_h10_eur
2000-08-30,2.146875,1.1206,2.405788,fed_h10_eur
2000-08-31,2.075,1.1264,2.33728,fed_h10_eur
2000-09-01,2.075,1.112,2.3074,fed_h10_eur
2000-09-05,2.284375,1.1266,2.573577,fed_h10_eur
2000-09-06,2.29375,1.1492,2.635978,fed_h10_eur
2000-09-07,2.175,1.1442,2.488635,fed_h10_eur
2000-09-08,2.146875,1.1542,2.477923,fed_h10_eur
2000-09-11,2.11875,1.1596,2.456903,fed_h10_eur
2000-09-12,2.134375,1.1633,2.482919,fed_h10_eur
2000-09-13,2.121875,1.1574,2.455858,fed_h10_eur
2000-09-14,2.24375,1.1605,2.603872,fed_h10_eur
2000-09-15,2.18125,1.1666,2.544646,fed_h10_eur
2000-09-18,2.140625,1.1733,2.511595,fed_h10_eur
2000-09-19,2.0375,1.1745,2.393044,fed_h10_eur
2000-09-20,1.875,1.1818,2.215875,fed_h10_eur
2000-09-21,2.003125,1.1685,2.340652,fed_h10_eur
2000-09-22,2.071875,1.1373,2.356344,fed_h10_eur
2000-09-25,2.01875,1.1444,2.310257,fed_h10_eur
2000-09-26,1.9875,1.1344,2.25462,fed_h10_eur
2000-09-27,1.89375,1.1357,2.150732,fed_h10_eur
2000-09-28,2.0,1.133,2.266,fed_h10_eur
2000-09-29,1.921875,1.1316,2.174794,fed_h10_eur
2000-10-02,1.79375,1.1356,2.036983,fed_h10_eur
2000-10-03,1.753125,1.144,2.005575,fed_h10_eur
2000-10-04,1.8,1.146,2.0628,fed_h10_eur
2000-10-05,1.678125,1.1514,1.932193,fed_h10_eur
2000-10-06,1.578125,1.1521,1.818158,fed_h10_eur
2000-10-09,1.503125,1.1521,1.73175,fed_h10_eur
2000-10-10,1.521875,1.1518,1.752896,fed_h10_eur
2000-10-11,1.390625,1.1474,1.595603,fed_h10_eur
2000-10-12,1.25625,1.1569,1.453356,fed_h10_eur
2000-10-13,1.421875,1.1671,1.65947,fed_h10_eur
2000-10-16,1.215625,1.178,1.432006,fed_h10_eur
2000-10-17,1.096875,1.1755,1.289377,fed_h10_eur
2000-10-18,1.25625,1.1918,1.497199,fed_h10_eur
2000-10-19,1.3875,1.1896,1.65057,fed_h10_eur
2000-10-20,1.540625,1.1905,1.834114,fed_h10_eur
2000-10-23,1.5,1.1956,1.7934,fed_h10_eur
2000-10-24,1.478125,1.1956,1.767246,fed_h10_eur
2000-10-25,1.59375,1.2092,1.927162,fed_h10_eur
2000-10-26,1.84375,1.209,2.229094,fed_h10_eur
2000-10-27,1.78125,1.1896,2.118975,fed_h10_eur
2000-10-30,1.64375,1.186,1.949487,fed_h10_eur
2000-10-31,1.83125,1.1784,2.157945,fed_h10_eur
2000-11-01,1.86875,1.165,2.177094,fed_h10_eur
2000-11-02,1.9875,1.1636,2.312655,fed_h10_eur
2000-11-03,1.878125,1.1609,2.180315,fed_h10_eur
2000-11-06,1.828125,1.165,2.129766,fed_h10_eur
2000-11-07,1.846875,1.1651,2.151794,fed_h10_eur
2000-11-08,1.69375,1.1684,1.978978,fed_h10_eur
2000-11-09,1.5625,1.1663,1.822344,fed_h10_eur
2000-11-10,1.503125,1.1594,1.742723,fed_h10_eur
2000-11-13,1.390625,1.1618,1.615628,fed_h10_eur
2000-11-14,1.446875,1.1665,1.68778,fed_h10_eur
2000-11-15,1.475,1.1669,1.721178,fed_h10_eur
2000-11-16,1.390625,1.1721,1.629952,fed_h10_eur
2000-11-17,1.371875,1.1743,1.610993,fed_h10_eur
2000-11-20,1.290625,1.1784,1.520872,fed_h10_eur
2000-11-21,1.2125,1.1823,1.433539,fed_h10_eur
2000-11-22,1.259375,1.1872,1.49513,fed_h10_eur
2000-11-24,1.446875,1.193,1.726122,fed_h10_eur
2000-11-27,1.4,1.1765,1.6471,fed_h10_eur
2000-11-28,1.251563,1.17,1.464329,fed_h10_eur
2000-11-29,1.346875,1.1659,1.570322,fed_h10_eur
2000-11-30,1.234375,1.1502,1.419778,fed_h10_eur
2000-12-01,1.23125,1.1409,1.404733,fed_h10_eur
2000-12-04,1.328125,1.1268,1.496531,fed_h10_eur
2000-12-05,1.26875,1.1358,1.441046,fed_h10_eur
2000-12-06,1.18125,1.1265,1.330678,fed_h10_eur
2000-12-07,1.06875,1.1247,1.202023,fed_h10_eur
2000-12-08,1.171875,1.1315,1.325977,fed_h10_eur
2000-12-11,1.265625,1.1401,1.442939,fed_h10_eur
2000-12-12,1.29375,1.1396,1.474358,fed_h10_eur
2000-12-13,1.1875,1.1422,1.356362,fed_h10_eur
2000-12-14,1.134375,1.1289,1.280596,fed_h10_eur
2000-12-15,1.14375,1.1135,1.273566,fed_h10_eur
2000-12-18,0.99375,1.1199,1.112901,fed_h10_eur
2000-12-19,0.9125,1.1233,1.025011,fed_h10_eur
2000-12-20,0.834375,1.104,0.92115,fed_h10_eur
2000-12-21,0.759375,1.0975,0.833414,fed_h10_eur
2000-12-22,0.778125,1.0834,0.843021,fed_h10_eur
2000-12-26,0.846875,1.0762,0.911407,fed_h10_eur
2000-12-27,0.84375,1.0748,0.906862,fed_h10_eur
2000-12-28,0.86875,1.0803,0.938511,fed_h10_eur
2000-12-29,0.778125,1.0652,0.828859,fed_h10_eur
2001-01-02,0.69375,1.0565,0.732947,fed_h10_eur
2001-01-03,0.878125,1.0556,0.926949,fed_h10_eur
2001-01-04,0.775,1.0584,0.82026,fed_h10_eur
2001-01-05,0.728125,1.0488,0.763657,fed_h10_eur
2001-01-08,0.746875,1.0542,0.787356,fed_h10_eur
2001-01-09,0.81875,1.0642,0.871314,fed_h10_eur
2001-01-10,0.825,1.0653,0.878872,fed_h10_eur
2001-01-11,0.85,1.0504,0.89284,fed_h10_eur
2001-01-12,0.884375,1.0542,0.932308,fed_h10_eur
2001-01-16,0.903125,1.0668,0.963454,fed_h10_eur
2001-01-17,0.91875,1.0746,0.987289,fed_h10_eur
2001-01-18,0.975,1.0586,1.032135,fed_h10_eur
2001-01-19,0.996875,1.068,1.064662,fed_h10_eur
2001-01-22,0.925,1.0668,0.98679,fed_h10_eur
2001-01-23,0.947656,1.0651,1.009348,fed_h10_eur
2001-01-24,1.09375,1.0801,1.181359,fed_h10_eur
2001-01-25,0.95,1.0847,1.030465,fed_h10_eur
2001-01-26,0.975,1.0854,1.058265,fed_h10_eur
2001-01-29,1.00625,1.0892,1.096008,fed_h10_eur
2001-01-30,0.946875,1.0794,1.022057,fed_h10_eur
2001-01-31,0.865625,1.0743,0.929941,fed_h10_eur
2001-02-01,0.8125,1.0656,0.8658,fed_h10_eur
2001-02-02,0.71875,1.0687,0.768128,fed_h10_eur
2001-02-05,0.721875,1.0644,0.768364,fed_h10_eur
2001-02-06,0.790625,1.0748,0.849764,fed_h10_eur
2001-02-07,0.75,1.0717,0.803775,fed_h10_eur
2001-02-08,0.71875,1.0889,0.782647,fed_h10_eur
2001-02-09,0.66875,1.0791,0.721648,fed_h10_eur
2001-02-12,0.725,1.0768,0.78068,fed_h10_eur
2001-02-13,0.6875,1.0865,0.746969,fed_h10_eur
2001-02-14,0.721875,1.0873,0.784895,fed_h10_eur
2001-02-15,0.725,1.1041,0.800473,fed_h10_eur
2001-02-16,0.684375,1.0915,0.746995,fed_h10_eur
2001-02-20,0.625,1.0994,0.687125,fed_h10_eur
2001-02-21,0.596875,1.1017,0.657577,fed_h10_eur
2001-02-22,0.596875,1.1027,0.658174,fed_h10_eur
2001-02-23,0.590625,1.0995,0.649392,fed_h10_eur
2001-02-26,0.596875,1.0997,0.656383,fed_h10_eur
2001-02-27,0.5875,1.0955,0.643606,fed_h10_eur
2001-02-28,0.509375,1.0855,0.552927,fed_h10_eur
2001-03-01,0.521875,1.0763,0.561694,fed_h10_eur
2001-03-02,0.5,1.0707,0.53535,fed_h10_eur
2001-03-05,0.63125,1.0765,0.679541,fed_h10_eur
2001-03-06,0.59375,1.0738,0.637569,fed_h10_eur
2001-03-07,0.6125,1.0783,0.660459,fed_h10_eur
2001-03-08,0.584375,1.0775,0.629664,fed_h10_eur
2001-03-09,0.6125,1.0735,0.657519,fed_h10_eur
2001-03-12,0.53125,1.0753,0.571253,fed_h10_eur
2001-03-13,0.55,1.0931,0.601205,fed_h10_eur
2001-03-14,0.53125,1.0949,0.581666,fed_h10_eur
2001-03-15,0.54375,1.1055,0.601116,fed_h10_eur
2001-03-16,0.55,1.1199,0.615945,fed_h10_eur
2001-03-19,0.525,1.113,0.584325,fed_h10_eur
2001-03-20,0.5125,1.1045,0.566056,fed_h10_eur
2001-03-21,0.5,1.1148,0.5574,fed_h10_eur
2001-03-22,0.509375,1.126,0.573556,fed_h10_eur
2001-03-23,0.509375,1.1203,0.570653,fed_h10_eur
2001-03-26,0.547,1.1167,0.610835,fed_h10_eur
2001-03-27,0.582,1.1223,0.653179,fed_h10_eur
2001-03-28,0.54,1.1259,0.607986,fed_h10_eur
2001-03-29,0.5,1.1355,0.56775,fed_h10_eur
2001-03-30,0.5115,1.1371,0.581627,fed_h10_eur
2001-04-02,0.455,1.1333,0.515652,fed_h10_eur
2001-04-03,0.4315,1.1198,0.483194,fed_h10_eur
2001-04-04,0.42,1.1095,0.46599,fed_h10_eur
2001-04-05,0.456,1.1141,0.50803,fed_h10_eur
2001-04-06,0.4185,1.1109,0.464912,fed_h10_eur
2001-04-09,0.559,1.1094,0.620155,fed_h10_eur
2001-04-10,0.6005,1.1256,0.675923,fed_h10_eur
2001-04-11,0.666,1.1292,0.752047,fed_h10_eur
2001-04-12,0.7335,1.1208,0.822107,fed_h10_eur
2001-04-16,0.7015,1.1284,0.791573,fed_h10_eur
2001-04-17,0.737,1.1346,0.8362,fed_h10_eur
2001-04-18,0.827,1.1343,0.938066,fed_h10_eur
2001-04-19,0.7995,1.1225,0.897439,fed_h10_eur
2001-04-20,0.789,1.1072,0.873581,fed_h10_eur
2001-04-23,0.81,1.1161,0.904041,fed_h10_eur
2001-04-24,0.784,1.1178,0.876355,fed_h10_eur
2001-04-25,0.8045,1.1146,0.896696,fed_h10_eur
2001-04-26,0.7715,1.1098,0.856211,fed_h10_eur
2001-04-27,0.7635,1.1206,0.855578,fed_h10_eur
2001-04-30,0.789,1.1269,0.889124,fed_h10_eur
2001-05-01,0.8445,1.1189,0.944911,fed_h10_eur
2001-05-02,0.8555,1.1204,0.958502,fed_h10_eur
2001-05-03,0.8375,1.1247,0.941936,fed_h10_eur
2001-05-04,0.878,1.1193,0.982745,fed_h10_eur
2001-05-07,0.846,1.1216,0.948874,fed_h10_eur
2001-05-08,0.809,1.1302,0.914332,fed_h10_eur
2001-05-09,0.7505,1.1306,0.848515,fed_h10_eur
2001-05-10,0.731,1.1374,0.831439,fed_h10_eur
2001-05-11,0.734,1.1417,0.838008,fed_h10_eur
2001-05-14,0.6665,1.1431,0.761876,fed_h10_eur
2001-05-15,0.677,1.1379,0.770358,fed_h10_eur
2001-05-16,0.7065,1.131,0.799051,fed_h10_eur
2001-05-17,0.739,1.1328,0.837139,fed_h10_eur
2001-05-18,0.736,1.1397,0.838819,fed_h10_eur
2001-05-21,0.819,1.1413,0.934725,fed_h10_eur
2001-05-22,0.8125,1.1551,0.938519,fed_h10_eur
2001-05-23,0.78,1.1631,0.907218,fed_h10_eur
2001-05-24,0.8375,1.1669,0.977279,fed_h10_eur
2001-05-25,0.8545,1.1659,0.996262,fed_h10_eur
2001-05-29,0.861,1.17,1.00737,fed_h10_eur
2001-05-30,0.783,1.166,0.912978,fed_h10_eur
2001-05-31,0.8345,1.1827,0.986963,fed_h10_eur
2001-06-01,0.8475,1.1832,1.002762,fed_h10_eur
2001-06-04,0.8455,1.1836,1.000734,fed_h10_eur
2001-06-05,0.822,1.1759,0.96659,fed_h10_eur
2001-06-06,0.7995,1.1832,0.945968,fed_h10_eur
2001-06-07,0.8065,1.1756,0.948121,fed_h10_eur
2001-06-08,0.785,1.1758,0.923003,fed_h10_eur
2001-06-11,0.743,1.1869,0.881867,fed_h10_eur
2001-06-12,0.732,1.1794,0.863321,fed_h10_eur
2001-06-13,0.706,1.1715,0.827079,fed_h10_eur
2001-06-14,0.6645,1.1631,0.77288,fed_h10_eur
2001-06-15,0.6245,1.159,0.723795,fed_h10_eur
2001-06-18,0.5915,1.1614,0.686968,fed_h10_eur
2001-06-19,0.568,1.1685,0.663708,fed_h10_eur
2001-06-20,0.6265,1.1756,0.736513,fed_h10_eur
2001-06-21,0.654,1.1704,0.765442,fed_h10_eur
2001-06-22,0.62,1.1669,0.723478,fed_h10_eur
2001-06-25,0.6405,1.1613,0.743813,fed_h10_eur
2001-06-26,0.6625,1.1597,0.768301,fed_h10_eur
2001-06-27,0.702,1.16,0.81432,fed_h10_eur
2001-06-28,0.718,1.1806,0.847671,fed_h10_eur
2001-06-29,0.7075,1.1801,0.834921,fed_h10_eur
2001-07-02,0.7265,1.1827,0.859232,fed_h10_eur
2001-07-03,0.7065,1.1797,0.833458,fed_h10_eur
2001-07-05,0.7635,1.1947,0.912153,fed_h10_eur
2001-07-06,0.7635,1.1813,0.901923,fed_h10_eur
2001-07-09,0.7905,1.1801,0.932869,fed_h10_eur
2001-07-10,0.7805,1.1686,0.912092,fed_h10_eur
2001-07-11,0.767,1.1609,0.89041,fed_h10_eur
2001-07-12,0.8245,1.1723,0.966561,fed_h10_eur
2001-07-13,0.849,1.1727,0.995622,fed_h10_eur
2001-07-16,0.8005,1.1697,0.936345,fed_h10_eur
2001-07-17,0.8175,1.1697,0.95623,fed_h10_eur
2001-07-18,0.798,1.1493,0.917141,fed_h10_eur
2001-07-19,0.8245,1.1507,0.948752,fed_h10_eur
2001-07-20,0.849,1.1477,0.974397,fed_h10_eur
2001-07-23,0.8015,1.1526,0.923809,fed_h10_eur
2001-07-24,0.603,1.1426,0.688988,fed_h10_eur
2001-07-25,0.5755,1.1368,0.654228,fed_h10_eur
2001-07-26,0.6165,1.1409,0.703365,fed_h10_eur
2001-07-27,0.6125,1.143,0.700088,fed_h10_eur
2001-07-30,0.6275,1.1429,0.71717,fed_h10_eur
2001-07-31,0.6245,1.1426,0.713554,fed_h10_eur
2001-08-01,0.625,1.1373,0.710812,fed_h10_eur
2001-08-02,0.6095,1.1347,0.6916,fed_h10_eur
2001-08-03,0.6075,1.1308,0.686961,fed_h10_eur
2001-08-06,0.595,1.1361,0.67598,fed_h10_eur
2001-08-07,0.58,1.1396,0.660968,fed_h10_eur
2001-08-08,0.5555,1.1392,0.632826,fed_h10_eur
2001-08-09,0.523,1.1254,0.588584,fed_h10_eur
2001-08-10,0.4975,1.1186,0.556504,fed_h10_eur
2001-08-13,0.506,1.1132,0.563279,fed_h10_eur
2001-08-14,0.5265,1.108,0.583362,fed_h10_eur
2001-08-15,0.504,1.0972,0.552989,fed_h10_eur
2001-08-16,0.4905,1.0943,0.536754,fed_h10_eur
2001-08-17,0.4995,1.0911,0.545004,fed_h10_eur
2001-08-20,0.52,1.0957,0.569764,fed_h10_eur
2001-08-21,0.4945,1.0971,0.542516,fed_h10_eur
2001-08-22,0.51,1.0877,0.554727,fed_h10_eur
2001-08-23,0.4815,1.091,0.525316,fed_h10_eur
2001-08-24,0.5115,1.097,0.561116,fed_h10_eur
2001-08-27,0.5065,1.0991,0.556694,fed_h10_eur
2001-08-28,0.4985,1.0987,0.547702,fed_h10_eur
2001-08-29,0.4595,1.0993,0.505128,fed_h10_eur
2001-08-30,0.4345,1.0924,0.474648,fed_h10_eur
2001-08-31,0.447,1.1001,0.491745,fed_h10_eur
2001-09-04,0.4295,1.1276,0.484304,fed_h10_eur
2001-09-05,0.3825,1.124,0.42993,fed_h10_eur
2001-09-06,0.4075,1.1182,0.455666,fed_h10_eur
2001-09-07,0.4255,1.1057,0.470475,fed_h10_eur
2001-09-10,0.4315,1.1126,0.480087,fed_h10_eur
2001-09-17,0.3745,1.0872,0.407156,fed_h10_eur
2001-09-18,0.3645,1.0831,0.39479,fed_h10_eur
2001-09-19,0.3655,1.0741,0.392584,fed_h10_eur
2001-09-20,0.374,1.0805,0.404107,fed_h10_eur
2001-09-21,0.374,1.099,0.411026,fed_h10_eur
2001-09-24,0.373,1.0947,0.408323,fed_h10_eur
2001-09-25,0.3545,1.0844,0.38442,fed_h10_eur
2001-09-26,0.3175,1.0833,0.343948,fed_h10_eur
2001-09-27,0.31,1.0892,0.337652,fed_h10_eur
2001-09-28,0.2985,1.099,0.328052,fed_h10_eur
2001-10-01,0.3005,1.0918,0.328086,fed_h10_eur
2001-10-02,0.304,1.093,0.332272,fed_h10_eur
2001-10-03,0.338,1.0892,0.36815,fed_h10_eur
2001-10-04,0.352,1.094,0.385088,fed_h10_eur
2001-10-05,0.36,1.0908,0.392688,fed_h10_eur
2001-10-08,0.356,1.0908,0.388325,fed_h10_eur
2001-10-09,0.3455,1.0929,0.377597,fed_h10_eur
2001-10-10,0.363,1.0967,0.398102,fed_h10_eur
2001-10-11,0.3925,1.1101,0.435714,fed_h10_eur
2001-10-12,0.4035,1.1016,0.444496,fed_h10_eur
2001-10-15,0.444,1.1017,0.489155,fed_h10_eur
2001-10-16,0.478,1.0996,0.525609,fed_h10_eur
2001-10-17,0.446,1.1031,0.491983,fed_h10_eur
2001-10-18,0.4235,1.108,0.469238,fed_h10_eur
2001-10-19,0.4005,1.1127,0.445636,fed_h10_eur
2001-10-22,0.4385,1.1228,0.492348,fed_h10_eur
2001-10-23,0.4775,1.1245,0.536949,fed_h10_eur
2001-10-24,0.382,1.1204,0.427993,fed_h10_eur
2001-10-25,0.3885,1.1154,0.433333,fed_h10_eur
2001-10-26,0.378,1.121,0.423738,fed_h10_eur
2001-10-29,0.3525,1.1066,0.390076,fed_h10_eur
2001-10-30,0.321,1.1038,0.35432,fed_h10_eur
2001-10-31,0.349,1.112,0.388088,fed_h10_eur
2001-11-01,0.3475,1.1057,0.384231,fed_h10_eur
2001-11-02,0.3355,1.1066,0.371264,fed_h10_eur
2001-11-05,0.3495,1.1157,0.389937,fed_h10_eur
2001-11-06,0.3525,1.1142,0.392755,fed_h10_eur
2001-11-07,0.3715,1.1112,0.412811,fed_h10_eur
2001-11-08,0.3485,1.1223,0.391122,fed_h10_eur
2001-11-09,0.356,1.1192,0.398435,fed_h10_eur
2001-11-12,0.3525,1.1192,0.394518,fed_h10_eur
2001-11-13,0.3645,1.1349,0.413671,fed_h10_eur
2001-11-14,0.4745,1.1326,0.537419,fed_h10_eur
2001-11-15,0.4525,1.1347,0.513452,fed_h10_eur
2001-11-16,0.4475,1.1301,0.50572,fed_h10_eur
2001-11-19,0.4595,1.1388,0.523279,fed_h10_eur
2001-11-20,0.43,1.1322,0.486846,fed_h10_eur
2001-11-21,0.44,1.1388,0.501072,fed_h10_eur
2001-11-23,0.454,1.1403,0.517696,fed_h10_eur
2001-11-26,0.6105,1.1349,0.692856,fed_h10_eur
2001-11-27,0.574,1.1348,0.651375,fed_h10_eur
2001-11-28,0.5795,1.1283,0.65385,fed_h10_eur
2001-11-29,0.5575,1.1263,0.627912,fed_h10_eur
2001-11-30,0.566,1.1163,0.631826,fed_h10_eur
2001-12-03,0.5245,1.124,0.589538,fed_h10_eur
2001-12-04,0.5965,1.1238,0.670347,fed_h10_eur
2001-12-05,0.588,1.1292,0.66397,fed_h10_eur
2001-12-06,0.605,1.1216,0.678568,fed_h10_eur
2001-12-07,0.5855,1.123,0.657517,fed_h10_eur
2001-12-10,0.5825,1.1256,0.655662,fed_h10_eur
2001-12-11,0.612,1.1231,0.687337,fed_h10_eur
2001-12-12,0.5955,1.1179,0.665709,fed_h10_eur
2001-12-13,0.5445,1.1141,0.606627,fed_h10_eur
2001-12-14,0.55,1.1057,0.608135,fed_h10_eur
2001-12-17,0.5405,1.1062,0.597901,fed_h10_eur
2001-12-18,0.543,1.1088,0.602078,fed_h10_eur
2001-12-19,0.5355,1.1115,0.595208,fed_h10_eur
2001-12-20,0.5075,1.1146,0.565659,fed_h10_eur
2001-12-21,0.5,1.1282,0.5641,fed_h10_eur
2001-12-24,0.4915,1.1399,0.560261,fed_h10_eur
2001-12-26,0.555,1.1392,0.632256,fed_h10_eur
2001-12-27,0.53,1.1308,0.599324,fed_h10_eur
2001-12-28,0.545,1.1335,0.617758,fed_h10_eur
2001-12-31,0.541,1.1235,0.607814,fed_h10_eur
2002-01-02,0.548,1.1073,0.6068,fed_h10_eur
2002-01-03,0.595,1.1121,0.6617,fed_h10_eur
2002-01-04,0.6125,1.1178,0.684653,fed_h10_eur
2002-01-07,0.617,1.1197,0.690855,fed_h10_eur
2002-01-08,0.5925,1.1204,0.663837,fed_h10_eur
2002-01-09,0.5765,1.1259,0.649081,fed_h10_eur
2002-01-10,0.552,1.1204,0.618461,fed_h10_eur
2002-01-11,0.5515,1.123,0.619335,fed_h10_eur
2002-01-14,0.5055,1.1192,0.565756,fed_h10_eur
2002-01-15,0.5145,1.122,0.577269,fed_h10_eur
2002-01-16,0.4565,1.132,0.516758,fed_h10_eur
2002-01-17,0.487,1.1364,0.553427,fed_h10_eur
2002-01-18,0.508,1.1307,0.574396,fed_h10_eur
2002-01-22,0.63,1.1315,0.712845,fed_h10_eur
2002-01-23,0.6235,1.1317,0.705615,fed_h10_eur
2002-01-24,0.7005,1.1387,0.797659,fed_h10_eur
2002-01-25,0.722,1.1554,0.834199,fed_h10_eur
2002-01-28,0.775,1.1621,0.900627,fed_h10_eur
2002-01-29,0.711,1.157,0.822627,fed_h10_eur
2002-01-30,0.695,1.1563,0.803628,fed_h10_eur
2002-01-31,0.7095,1.1636,0.825574,fed_h10_eur
2002-02-01,0.6865,1.161,0.797027,fed_h10_eur
2002-02-04,0.6265,1.1514,0.721352,fed_h10_eur
2002-02-05,0.575,1.1531,0.663032,fed_h10_eur
2002-02-06,0.563,1.1504,0.647675,fed_h10_eur
2002-02-07,0.562,1.1507,0.646693,fed_h10_eur
2002-02-08,0.626,1.1459,0.717333,fed_h10_eur
2002-02-11,0.665,1.1392,0.757568,fed_h10_eur
2002-02-12,0.645,1.1405,0.735622,fed_h10_eur
2002-02-13,0.6645,1.1455,0.761185,fed_h10_eur
2002-02-14,0.694,1.1477,0.796504,fed_h10_eur
2002-02-15,0.6705,1.1455,0.768058,fed_h10_eur
2002-02-19,0.6505,1.141,0.74222,fed_h10_eur
2002-02-20,0.648,1.1488,0.744422,fed_h10_eur
2002-02-21,0.663,1.1478,0.760991,fed_h10_eur
2002-02-22,0.6535,1.1419,0.746232,fed_h10_eur
2002-02-25,0.6865,1.1477,0.787896,fed_h10_eur
2002-02-26,0.72,1.1518,0.829296,fed_h10_eur
2002-02-27,0.7135,1.1571,0.825591,fed_h10_eur
2002-02-28,0.705,1.155,0.814275,fed_h10_eur
2002-03-01,0.7695,1.1558,0.889388,fed_h10_eur
2002-03-04,0.824,1.1488,0.946611,fed_h10_eur
2002-03-05,0.7985,1.1496,0.917956,fed_h10_eur
2002-03-06,0.8165,1.14,0.93081,fed_h10_eur
2002-03-07,0.781,1.137,0.887997,fed_h10_eur
2002-03-08,0.8175,1.1426,0.934075,fed_h10_eur
2002-03-11,0.8355,1.1405,0.952888,fed_h10_eur
2002-03-12,0.8155,1.1417,0.931056,fed_h10_eur
2002-03-13,0.787,1.1403,0.897416,fed_h10_eur
2002-03-14,0.724,1.1343,0.821233,fed_h10_eur
2002-03-15,0.7015,1.1334,0.79508,fed_h10_eur
2002-03-18,0.7505,1.133,0.850317,fed_h10_eur
2002-03-19,0.733,1.1357,0.832468,fed_h10_eur
2002-03-20,0.725,1.1317,0.820483,fed_h10_eur
2002-03-21,0.7585,1.1317,0.858394,fed_h10_eur
2002-03-22,0.7765,1.1375,0.883269,fed_h10_eur
2002-03-25,0.737,1.1405,0.840548,fed_h10_eur
2002-03-26,0.7415,1.1406,0.845755,fed_h10_eur
2002-03-27,0.7125,1.146,0.816525,fed_h10_eur
2002-03-28,0.715,1.148,0.82082,fed_h10_eur
2002-04-01,0.74,1.1356,0.840344,fed_h10_eur
2002-04-02,0.7125,1.1387,0.811324,fed_h10_eur
2002-04-03,0.6835,1.1358,0.776319,fed_h10_eur
2002-04-04,0.677,1.1391,0.771171,fed_h10_eur
2002-04-05,0.675,1.1357,0.766598,fed_h10_eur
2002-04-08,0.6975,1.1429,0.797173,fed_h10_eur
2002-04-09,0.68,1.1373,0.773364,fed_h10_eur
2002-04-10,0.674,1.1371,0.766405,fed_h10_eur
2002-04-11,0.637,1.1326,0.721466,fed_h10_eur
2002-04-12,0.6655,1.1374,0.75694,fed_h10_eur
2002-04-15,0.6945,1.1361,0.789021,fed_h10_eur
2002-04-16,0.7005,1.1325,0.793316,fed_h10_eur
2002-04-17,0.741,1.1255,0.833995,fed_h10_eur
2002-04-18,0.713,1.1238,0.801269,fed_h10_eur
2002-04-19,0.7265,1.1245,0.816949,fed_h10_eur
2002-04-22,0.7155,1.1265,0.806011,fed_h10_eur
2002-04-23,0.703,1.124,0.790172,fed_h10_eur
2002-04-24,0.8395,1.1217,0.941667,fed_h10_eur
2002-04-25,0.841,1.1138,0.936706,fed_h10_eur
2002-04-26,0.8455,1.1136,0.941549,fed_h10_eur
2002-04-29,0.809,1.1077,0.896129,fed_h10_eur
2002-04-30,0.8345,1.1109,0.927046,fed_h10_eur
2002-05-01,0.8245,1.1035,0.909836,fed_h10_eur
2002-05-02,0.816,1.1072,0.903475,fed_h10_eur
2002-05-03,0.8025,1.0949,0.878657,fed_h10_eur
2002-05-06,0.806,1.091,0.879346,fed_h10_eur
2002-05-07,0.8055,1.0931,0.880492,fed_h10_eur
2002-05-08,0.866,1.1062,0.957969,fed_h10_eur
2002-05-09,0.8865,1.1004,0.975505,fed_h10_eur
2002-05-10,0.847,1.097,0.929159,fed_h10_eur
2002-05-13,0.866,1.0981,0.950955,fed_h10_eur
2002-05-14,0.9405,1.1084,1.04245,fed_h10_eur
2002-05-15,0.997,1.102,1.098694,fed_h10_eur
2002-05-16,0.9805,1.0983,1.076883,fed_h10_eur
2002-05-17,0.958,1.0862,1.04058,fed_h10_eur
2002-05-20,0.9695,1.0854,1.052295,fed_h10_eur
2002-05-21,0.938,1.088,1.020544,fed_h10_eur
2002-05-22,0.9375,1.0793,1.011844,fed_h10_eur
2002-05-23,0.9725,1.0831,1.053315,fed_h10_eur
2002-05-24,0.9735,1.0846,1.055858,fed_h10_eur
2002-05-28,0.953,1.077,1.026381,fed_h10_eur
2002-05-29,0.9455,1.0738,1.015278,fed_h10_eur
2002-05-30,0.9185,1.0669,0.979948,fed_h10_eur
2002-05-31,0.9115,1.0708,0.976034,fed_h10_eur
2002-06-03,0.898,1.065,0.95637,fed_h10_eur
2002-06-04,0.8985,1.0611,0.953398,fed_h10_eur
2002-06-05,0.8995,1.0648,0.957788,fed_h10_eur
2002-06-06,0.9085,1.0574,0.960648,fed_h10_eur
2002-06-07,0.929,1.0583,0.983161,fed_h10_eur
2002-06-10,0.865,1.0586,0.915689,fed_h10_eur
2002-06-11,0.857,1.0588,0.907392,fed_h10_eur
2002-06-12,0.854,1.0556,0.901482,fed_h10_eur
2002-06-13,0.8715,1.0593,0.92318,fed_h10_eur
2002-06-14,0.841,1.0584,0.890114,fed_h10_eur
2002-06-17,0.9205,1.0591,0.974902,fed_h10_eur
2002-06-18,0.939,1.0545,0.990176,fed_h10_eur
2002-06-19,0.915,1.0478,0.958737,fed_h10_eur
2002-06-20,0.8775,1.0367,0.909704,fed_h10_eur
2002-06-21,0.8765,1.0304,0.903146,fed_h10_eur
2002-06-24,0.8755,1.0219,0.894673,fed_h10_eur
2002-06-25,0.767,1.0318,0.791391,fed_h10_eur
2002-06-26,0.7925,1.0178,0.806607,fed_h10_eur
2002-06-27,0.793,1.0116,0.802199,fed_h10_eur
2002-06-28,0.8125,1.0146,0.824362,fed_h10_eur
2002-07-01,0.6775,1.0108,0.684817,fed_h10_eur
2002-07-02,0.666,1.0163,0.676856,fed_h10_eur
2002-07-03,0.7125,1.0187,0.725824,fed_h10_eur
2002-07-05,0.7605,1.0277,0.781566,fed_h10_eur
2002-07-08,0.747,1.0133,0.756935,fed_h10_eur
2002-07-09,0.78,1.0062,0.784836,fed_h10_eur
2002-07-10,0.748,1.0111,0.756303,fed_h10_eur
2002-07-11,0.7775,1.0074,0.783253,fed_h10_eur
2002-07-12,0.7715,1.0097,0.778984,fed_h10_eur
2002-07-15,0.797,0.9929,0.791341,fed_h10_eur
2002-07-16,0.8145,0.9914,0.807495,fed_h10_eur
2002-07-17,0.808,0.9923,0.801778,fed_h10_eur
2002-07-18,0.7775,0.9933,0.772291,fed_h10_eur
2002-07-19,0.7645,0.9846,0.752727,fed_h10_eur
2002-07-22,0.775,0.9903,0.767482,fed_h10_eur
2002-07-23,0.7275,1.0067,0.732374,fed_h10_eur
2002-07-24,0.705,1.0055,0.708877,fed_h10_eur
2002-07-25,0.6245,1.0003,0.624687,fed_h10_eur
2002-07-26,0.6465,1.0119,0.654193,fed_h10_eur
2002-07-29,0.7165,1.0226,0.732693,fed_h10_eur
2002-07-30,0.7385,1.0122,0.74751,fed_h10_eur
2002-07-31,0.7225,1.0208,0.737528,fed_h10_eur
2002-08-01,0.708,1.016,0.719328,fed_h10_eur
2002-08-02,0.692,1.0119,0.700235,fed_h10_eur
2002-08-05,0.6435,1.0156,0.653539,fed_h10_eur
2002-08-06,0.687,1.0373,0.712625,fed_h10_eur
2002-08-07,0.68,1.0269,0.698292,fed_h10_eur
2002-08-08,0.695,1.0359,0.71995,fed_h10_eur
2002-08-09,0.713,1.0294,0.733962,fed_h10_eur
2002-08-12,0.723,1.0227,0.739412,fed_h10_eur
2002-08-13,0.6965,1.0218,0.711684,fed_h10_eur
2002-08-14,0.6955,1.0135,0.704889,fed_h10_eur
2002-08-15,0.731,1.0187,0.74467,fed_h10_eur
2002-08-16,0.745,1.0167,0.757442,fed_h10_eur
2002-08-19,0.775,1.023,0.792825,fed_h10_eur
2002-08-20,0.799,1.0226,0.817057,fed_h10_eur
2002-08-21,0.769,1.0208,0.784995,fed_h10_eur
2002-08-22,0.7865,1.0312,0.811039,fed_h10_eur
2002-08-23,0.7585,1.0282,0.77989,fed_h10_eur
2002-08-26,0.7465,1.0276,0.767103,fed_h10_eur
2002-08-27,0.726,1.019,0.739794,fed_h10_eur
2002-08-28,0.7285,1.0183,0.741832,fed_h10_eur
2002-08-29,0.757,1.0174,0.770172,fed_h10_eur
2002-08-30,0.747,1.0198,0.761791,fed_h10_eur
2002-09-03,0.73,1.0041,0.732993,fed_h10_eur
2002-09-04,0.7415,1.0078,0.747284,fed_h10_eur
2002-09-05,0.7125,1.009,0.718912,fed_h10_eur
2002-09-06,0.7655,1.016,0.777748,fed_h10_eur
2002-09-09,0.8255,1.0186,0.840854,fed_h10_eur
2002-09-10,0.8565,1.0254,0.878255,fed_h10_eur
2002-09-11,0.8555,1.0284,0.879796,fed_h10_eur
2002-09-12,0.8375,1.0245,0.858019,fed_h10_eur
2002-09-13,0.8305,1.0264,0.852425,fed_h10_eur
2002-09-16,0.8355,1.0285,0.859312,fed_h10_eur
2002-09-17,0.8675,1.0325,0.895694,fed_h10_eur
2002-09-18,0.8865,1.0216,0.905648,fed_h10_eur
2002-09-19,0.8605,1.0186,0.876505,fed_h10_eur
2002-09-20,0.793,1.0164,0.806005,fed_h10_eur
2002-09-23,0.8025,1.0181,0.817025,fed_h10_eur
2002-09-24,0.7965,1.0188,0.811474,fed_h10_eur
2002-09-25,0.7865,1.0207,0.802781,fed_h10_eur
2002-09-26,0.8575,1.0251,0.879023,fed_h10_eur
2002-09-27,0.8505,1.0233,0.870317,fed_h10_eur
2002-09-30,0.7965,1.0122,0.806217,fed_h10_eur
2002-10-01,0.8475,1.0143,0.859619,fed_h10_eur
2002-10-02,0.8505,1.0161,0.864193,fed_h10_eur
2002-10-03,0.8375,1.0131,0.848471,fed_h10_eur
2002-10-04,0.8275,1.0182,0.84256,fed_h10_eur
2002-10-07,0.832,1.0187,0.847558,fed_h10_eur
2002-10-08,0.847,1.0208,0.864618,fed_h10_eur
2002-10-09,0.843,1.0134,0.854296,fed_h10_eur
2002-10-10,0.898,1.0141,0.910662,fed_h10_eur
2002-10-11,0.923,1.0148,0.93666,fed_h10_eur
2002-10-14,0.96,1.0148,0.974208,fed_h10_eur
2002-10-15,0.947,1.0194,0.965372,fed_h10_eur
2002-10-16,0.9745,1.0179,0.991944,fed_h10_eur
2002-10-17,0.937,1.029,0.964173,fed_h10_eur
2002-10-18,0.952,1.0301,0.980655,fed_h10_eur
2002-10-21,0.963,1.0275,0.989482,fed_h10_eur
2002-10-22,0.969,1.0223,0.990609,fed_h10_eur
2002-10-23,0.9875,1.0233,1.010509,fed_h10_eur
2002-10-24,0.993,1.0265,1.019314,fed_h10_eur
2002-10-25,0.965,1.0239,0.988063,fed_h10_eur
2002-10-28,0.9295,1.016,0.944372,fed_h10_eur
2002-10-29,0.9285,1.0151,0.94252,fed_h10_eur
2002-10-30,0.954,1.0168,0.970027,fed_h10_eur
2002-10-31,0.968,1.012,0.979616,fed_h10_eur
2002-11-01,0.99,1.0029,0.992871,fed_h10_eur
2002-11-04,0.939,1.0047,0.943413,fed_h10_eur
2002-11-05,0.936,1.0006,0.936562,fed_h10_eur
2002-11-06,0.967,1.0026,0.969514,fed_h10_eur
2002-11-07,0.956,0.9909,0.9473,fed_h10_eur
2002-11-08,0.9755,0.9863,0.962136,fed_h10_eur
2002-11-11,0.95,0.9863,0.936985,fed_h10_eur
2002-11-12,0.991,0.9896,0.980694,fed_h10_eur
2002-11-13,1.0205,0.994,1.014377,fed_h10_eur
2002-11-14,1.0605,0.9966,1.056894,fed_h10_eur
2002-11-15,1.1105,0.9919,1.101505,fed_h10_eur
2002-11-18,1.121,0.9918,1.111808,fed_h10_eur
2002-11-19,1.0645,0.9894,1.053216,fed_h10_eur
2002-11-20,1.145,0.9976,1.142252,fed_h10_eur
2002-11-21,1.17,1.0016,1.171872,fed_h10_eur
2002-11-22,1.1995,1.0034,1.203578,fed_h10_eur
2002-11-25,1.2125,1.0063,1.220139,fed_h10_eur
2002-11-26,1.17,1.0088,1.180296,fed_h10_eur
2002-11-27,1.204,1.0106,1.216762,fed_h10_eur
2002-11-29,1.1675,1.0068,1.175439,fed_h10_eur
2002-12-02,1.2055,1.0074,1.214421,fed_h10_eur
2002-12-03,1.187,1.0032,1.190798,fed_h10_eur
2002-12-04,1.1695,1.0001,1.169617,fed_h10_eur
2002-12-05,1.129,1.0011,1.130242,fed_h10_eur
2002-12-06,1.1305,0.992,1.121456,fed_h10_eur
2002-12-09,1.084,0.9913,1.074569,fed_h10_eur
2002-12-10,1.093,0.9928,1.08513,fed_h10_eur
2002-12-11,1.1065,0.9918,1.097427,fed_h10_eur
2002-12-12,1.115,0.9815,1.094373,fed_h10_eur
2002-12-13,1.109,0.9779,1.084491,fed_h10_eur
2002-12-16,1.1255,0.9794,1.102315,fed_h10_eur
2002-12-17,1.123,0.974,1.093802,fed_h10_eur
2002-12-18,1.105,0.9752,1.077596,fed_h10_eur
2002-12-19,1.0845,0.9788,1.061509,fed_h10_eur
2002-12-20,1.0965,0.9739,1.067881,fed_h10_eur
2002-12-23,1.112,0.9788,1.088426,fed_h10_eur
2002-12-24,1.094,0.9704,1.061618,fed_h10_eur
2002-12-26,1.015,0.9654,0.979881,fed_h10_eur
2002-12-27,0.943,0.9605,0.905752,fed_h10_eur
2002-12-30,0.9625,0.956,0.92015,fed_h10_eur
2002-12-31,0.9445,0.9537,0.90077,fed_h10_eur
2003-01-02,0.9785,0.9652,0.944448,fed_h10_eur
2003-01-03,1.026,0.9599,0.984857,fed_h10_eur
2003-01-06,1.035,0.9552,0.988632,fed_h10_eur
2003-01-07,1.0775,0.9598,1.034184,fed_h10_eur
2003-01-08,1.051,0.9572,1.006017,fed_h10_eur
2003-01-09,1.0725,0.9554,1.024666,fed_h10_eur
2003-01-10,1.066,0.9492,1.011847,fed_h10_eur
2003-01-13,1.102,0.9492,1.046018,fed_h10_eur
2003-01-14,1.137,0.946,1.075602,fed_h10_eur
2003-01-15,1.1135,0.9455,1.052814,fed_h10_eur
2003-01-16,1.09,0.9462,1.031358,fed_h10_eur
2003-01-17,1.07,0.9381,1.003767,fed_h10_eur
2003-01-21,1.054,0.9366,0.987176,fed_h10_eur
2003-01-22,1.0585,0.9321,0.986628,fed_h10_eur
2003-01-23,1.0895,0.9288,1.011928,fed_h10_eur
2003-01-24,1.1055,0.9238,1.021261,fed_h10_eur
2003-01-27,1.089,0.9227,1.00482,fed_h10_eur
2003-01-28,1.081,0.9231,0.997871,fed_h10_eur
2003-01-29,1.104,0.9207,1.016453,fed_h10_eur
2003-01-30,1.091,0.928,1.012448,fed_h10_eur
2003-01-31,1.0925,0.9312,1.017336,fed_h10_eur
2003-02-03,1.108,0.9293,1.029664,fed_h10_eur
2003-02-04,1.1025,0.9195,1.013749,fed_h10_eur
2003-02-05,1.1085,0.9223,1.02237,fed_h10_eur
2003-02-06,1.1045,0.9235,1.020006,fed_h10_eur
2003-02-07,1.072,0.9258,0.992458,fed_h10_eur
2003-02-10,1.07,0.9311,0.996277,fed_h10_eur
2003-02-11,1.039,0.9305,0.96679,fed_h10_eur
2003-02-12,1.0565,0.9332,0.985926,fed_h10_eur
2003-02-13,1.003,0.923,0.925769,fed_h10_eur
2003-02-14,1.003,0.926,0.928778,fed_h10_eur
2003-02-18,1.0695,0.9339,0.998806,fed_h10_eur
2003-02-19,1.0595,0.9308,0.986183,fed_h10_eur
2003-02-20,1.068,0.9241,0.986939,fed_h10_eur
2003-02-21,1.089,0.927,1.009503,fed_h10_eur
2003-02-24,1.089,0.9274,1.009939,fed_h10_eur
2003-02-25,1.094,0.9275,1.014685,fed_h10_eur
2003-02-26,1.082,0.9262,1.002148,fed_h10_eur
2003-02-27,1.081,0.9291,1.004357,fed_h10_eur
2003-02-28,1.1005,0.9277,1.020934,fed_h10_eur
2003-03-03,1.0905,0.9229,1.006422,fed_h10_eur
2003-03-04,1.1135,0.9189,1.023195,fed_h10_eur
2003-03-05,1.121,0.9118,1.022128,fed_h10_eur
2003-03-06,1.1345,0.9093,1.031601,fed_h10_eur
2003-03-07,1.1485,0.9079,1.042723,fed_h10_eur
2003-03-10,1.144,0.904,1.034176,fed_h10_eur
2003-03-11,1.139,0.9068,1.032845,fed_h10_eur
2003-03-12,1.168,0.9072,1.05961,fed_h10_eur
2003-03-13,1.221,0.92,1.12332,fed_h10_eur
2003-03-14,1.2355,0.9324,1.15198,fed_h10_eur
2003-03-17,1.3275,0.9429,1.2517,fed_h10_eur
2003-03-18,1.339,0.9413,1.260401,fed_h10_eur
2003-03-19,1.327,0.9443,1.253086,fed_h10_eur
2003-03-20,1.3725,0.9422,1.293169,fed_h10_eur
2003-03-21,1.3965,0.9483,1.324301,fed_h10_eur
2003-03-24,1.3115,0.9395,1.232154,fed_h10_eur
2003-03-25,1.345,0.9369,1.260131,fed_h10_eur
2003-03-26,1.388,0.9366,1.300001,fed_h10_eur
2003-03-27,1.3885,0.9339,1.29672,fed_h10_eur
2003-03-28,1.359,0.9292,1.262783,fed_h10_eur
2003-03-31,1.3015,0.9174,1.193996,fed_h10_eur
2003-04-01,1.277,0.9171,1.171137,fed_h10_eur
2003-04-02,1.319,0.9289,1.225219,fed_h10_eur
2003-04-03,1.3325,0.9314,1.24109,fed_h10_eur
2003-04-04,1.311,0.9336,1.22395,fed_h10_eur
2003-04-07,1.341,0.9415,1.262551,fed_h10_eur
2003-04-08,1.326,0.936,1.241136,fed_h10_eur
2003-04-09,1.253,0.9327,1.168673,fed_h10_eur
2003-04-10,1.2835,0.9257,1.188136,fed_h10_eur
2003-04-11,1.2875,0.9301,1.197504,fed_h10_eur
2003-04-14,1.2525,0.9282,1.162571,fed_h10_eur
2003-04-15,1.2565,0.9258,1.163268,fed_h10_eur
2003-04-16,1.219,0.9198,1.121236,fed_h10_eur
2003-04-17,1.2495,0.9168,1.145542,fed_h10_eur
2003-04-21,1.2625,0.9211,1.162889,fed_h10_eur
2003-04-22,1.279,0.9119,1.16632,fed_h10_eur
2003-04-23,1.2715,0.9133,1.161261,fed_h10_eur
2003-04-24,1.256,0.9059,1.13781,fed_h10_eur
2003-04-25,1.4485,0.9058,1.312051,fed_h10_eur
2003-04-28,1.4555,0.9092,1.323341,fed_h10_eur
2003-04-29,1.4445,0.9083,1.312039,fed_h10_eur
2003-04-30,1.4345,0.8945,1.28316,fed_h10_eur
2003-05-01,1.433,0.8898,1.275083,fed_h10_eur
2003-05-02,1.4715,0.8929,1.313902,fed_h10_eur
2003-05-05,1.498,0.8872,1.329026,fed_h10_eur
2003-05-06,1.544,0.8807,1.359801,fed_h10_eur
2003-05-07,1.535,0.8818,1.353563,fed_h10_eur
2003-05-08,1.5225,0.8731,1.329295,fed_h10_eur
2003-05-09,1.548,0.8697,1.346296,fed_h10_eur
2003-05-12,1.585,0.8653,1.371501,fed_h10_eur
2003-05-13,1.6475,0.8696,1.432666,fed_h10_eur
2003-05-14,1.63,0.8697,1.417611,fed_h10_eur
2003-05-15,1.6315,0.8728,1.423973,fed_h10_eur
2003-05-16,1.6525,0.8664,1.431726,fed_h10_eur
2003-05-19,1.578,0.8557,1.350295,fed_h10_eur
2003-05-20,1.574,0.8558,1.347029,fed_h10_eur
2003-05-21,1.5875,0.8542,1.356042,fed_h10_eur
2003-05-22,1.65,0.8547,1.410255,fed_h10_eur
2003-05-23,1.636,0.8485,1.388146,fed_h10_eur
2003-05-27,1.7425,0.8437,1.470147,fed_h10_eur
2003-05-28,1.743,0.8516,1.484339,fed_h10_eur
2003-05-29,1.7775,0.845,1.501988,fed_h10_eur
2003-05-30,1.7945,0.8499,1.525146,fed_h10_eur
2003-06-02,1.77,0.8515,1.507155,fed_h10_eur
2003-06-03,1.7615,0.8546,1.505378,fed_h10_eur
2003-06-04,1.7695,0.8541,1.51133,fed_h10_eur
2003-06-05,1.776,0.8425,1.49628,fed_h10_eur
2003-06-06,1.6675,0.8551,1.425879,fed_h10_eur
2003-06-09,1.684,0.8516,1.434094,fed_h10_eur
2003-06-10,1.7035,0.8557,1.457685,fed_h10_eur
2003-06-11,1.7325,0.8501,1.472798,fed_h10_eur
2003-06-12,1.76,0.8498,1.495648,fed_h10_eur
2003-06-13,1.7065,0.8453,1.442504,fed_h10_eur
2003-06-16,1.792,0.8444,1.513165,fed_h10_eur
2003-06-17,1.792,0.8466,1.517107,fed_h10_eur
2003-06-18,1.7925,0.854,1.530795,fed_h10_eur
2003-06-19,1.775,0.8563,1.519932,fed_h10_eur
2003-06-20,1.752,0.8609,1.508297,fed_h10_eur
2003-06-23,1.779,0.866,1.540614,fed_h10_eur
2003-06-24,1.77,0.8697,1.539369,fed_h10_eur
2003-06-25,1.7695,0.8627,1.526548,fed_h10_eur
2003-06-26,1.836,0.875,1.6065,fed_h10_eur
2003-06-27,1.815,0.8754,1.588851,fed_h10_eur
2003-06-30,1.816,0.8694,1.57883,fed_h10_eur
2003-07-01,1.8625,0.8636,1.608455,fed_h10_eur
2003-07-02,1.8925,0.8678,1.642312,fed_h10_eur
2003-07-03,1.896,0.8693,1.648193,fed_h10_eur
2003-07-07,1.9525,0.8818,1.721714,fed_h10_eur
2003-07-08,2.0255,0.8877,1.798036,fed_h10_eur
2003-07-09,2.025,0.8841,1.790303,fed_h10_eur
2003-07-10,1.9125,0.878,1.679175,fed_h10_eur
2003-07-11,1.8825,0.8846,1.66526,fed_h10_eur
2003-07-14,1.9635,0.8851,1.737894,fed_h10_eur
2003-07-15,1.9215,0.8902,1.710519,fed_h10_eur
2003-07-16,1.884,0.8921,1.680716,fed_h10_eur
2003-07-17,1.816,0.8957,1.626591,fed_h10_eur
2003-07-18,1.749,0.8898,1.55626,fed_h10_eur
2003-07-21,1.7665,0.8814,1.556993,fed_h10_eur
2003-07-22,1.7435,0.883,1.53951,fed_h10_eur
2003-07-23,2.0055,0.8708,1.746389,fed_h10_eur
2003-07-24,2.0655,0.874,1.805247,fed_h10_eur
2003-07-25,2.08,0.8686,1.806688,fed_h10_eur
2003-07-28,2.104,0.8698,1.830059,fed_h10_eur
2003-07-29,2.0695,0.8721,1.804811,fed_h10_eur
2003-07-30,2.033,0.8797,1.78843,fed_h10_eur
2003-07-31,2.082,0.8904,1.853813,fed_h10_eur
2003-08-01,2.0015,0.8887,1.778733,fed_h10_eur
2003-08-04,1.9825,0.8821,1.748763,fed_h10_eur
2003-08-05,1.9335,0.8811,1.703607,fed_h10_eur
2003-08-06,1.947,0.8805,1.714334,fed_h10_eur
2003-08-07,1.9505,0.878,1.712539,fed_h10_eur
2003-08-08,1.9575,0.8833,1.72906,fed_h10_eur
2003-08-11,1.9465,0.8811,1.715061,fed_h10_eur
2003-08-12,1.9925,0.8846,1.762565,fed_h10_eur
2003-08-13,2.0105,0.8836,1.776478,fed_h10_eur
2003-08-14,2.015,0.889,1.791335,fed_h10_eur
2003-08-15,2.005,0.8885,1.781443,fed_h10_eur
2003-08-18,2.151,0.8978,1.931168,fed_h10_eur
2003-08-19,2.1785,0.8995,1.959561,fed_h10_eur
2003-08-20,2.188,0.9006,1.970513,fed_h10_eur
2003-08-21,2.285,0.9111,2.081864,fed_h10_eur
2003-08-22,2.261,0.9199,2.079894,fed_h10_eur
2003-08-25,2.2925,0.9181,2.104744,fed_h10_eur
2003-08-26,2.2965,0.918,2.108187,fed_h10_eur
2003-08-27,2.294,0.9169,2.103369,fed_h10_eur
2003-08-28,2.297,0.9178,2.108187,fed_h10_eur
2003-08-29,2.316,0.9102,2.108023,fed_h10_eur
2003-09-02,2.3665,0.9198,2.176707,fed_h10_eur
2003-09-03,2.3095,0.9221,2.12959,fed_h10_eur
2003-09-04,2.3645,0.9175,2.169429,fed_h10_eur
2003-09-05,2.326,0.9031,2.100611,fed_h10_eur
2003-09-08,2.364,0.899,2.125236,fed_h10_eur
2003-09-09,2.334,0.8937,2.085896,fed_h10_eur
2003-09-10,2.311,0.8933,2.064416,fed_h10_eur
2003-09-11,2.2595,0.894,2.019993,fed_h10_eur
2003-09-12,2.284,0.8844,2.01997,fed_h10_eur
2003-09-15,2.2755,0.8846,2.012907,fed_h10_eur
2003-09-16,2.312,0.8956,2.070627,fed_h10_eur
2003-09-17,2.308,0.8898,2.053658,fed_h10_eur
2003-09-18,2.3945,0.8897,2.130387,fed_h10_eur
2003-09-19,2.379,0.8814,2.096851,fed_h10_eur
2003-09-22,2.3735,0.872,2.069692,fed_h10_eur
2003-09-23,2.522,0.8705,2.195401,fed_h10_eur
2003-09-24,2.4805,0.8717,2.162252,fed_h10_eur
2003-09-25,2.5025,0.8708,2.179177,fed_h10_eur
2003-09-26,2.428,0.8709,2.114545,fed_h10_eur
2003-09-29,2.493,0.8637,2.153204,fed_h10_eur
2003-09-30,2.4215,0.8584,2.078616,fed_h10_eur
2003-10-01,2.456,0.8541,2.09767,fed_h10_eur
2003-10-02,2.5045,0.8535,2.137591,fed_h10_eur
2003-10-03,2.6445,0.8624,2.280617,fed_h10_eur
2003-10-06,2.7075,0.8543,2.313017,fed_h10_eur
2003-10-07,2.7455,0.8486,2.329831,fed_h10_eur
2003-10-08,2.785,0.8471,2.359174,fed_h10_eur
2003-10-09,2.893,0.8551,2.473804,fed_h10_eur
2003-10-10,2.903,0.8466,2.45768,fed_h10_eur
2003-10-13,2.915,0.8466,2.467839,fed_h10_eur
2003-10-14,2.9955,0.853,2.555162,fed_h10_eur
2003-10-15,2.9275,0.8582,2.512381,fed_h10_eur
2003-10-16,2.9955,0.8573,2.568042,fed_h10_eur
2003-10-17,2.9845,0.8598,2.566073,fed_h10_eur
2003-10-20,2.9795,0.8568,2.552836,fed_h10_eur
2003-10-21,2.9675,0.8565,2.541664,fed_h10_eur
2003-10-22,2.7015,0.8471,2.288441,fed_h10_eur
2003-10-23,2.716,0.8478,2.302625,fed_h10_eur
2003-10-24,2.7255,0.8451,2.30332,fed_h10_eur
2003-10-27,2.741,0.8502,2.330398,fed_h10_eur
2003-10-28,2.8365,0.8555,2.426626,fed_h10_eur
2003-10-29,2.8345,0.8567,2.428316,fed_h10_eur
2003-10-30,2.7915,0.8551,2.387012,fed_h10_eur
2003-10-31,2.7215,0.8614,2.3443,fed_h10_eur
2003-11-03,2.837,0.8731,2.476985,fed_h10_eur
2003-11-04,2.843,0.8698,2.472841,fed_h10_eur
2003-11-05,2.837,0.8716,2.472729,fed_h10_eur
2003-11-06,2.7495,0.8759,2.408287,fed_h10_eur
2003-11-07,2.7155,0.8692,2.360313,fed_h10_eur
2003-11-10,2.599,0.8684,2.256972,fed_h10_eur
2003-11-11,2.6115,0.8684,2.267827,fed_h10_eur
2003-11-12,2.7065,0.8586,2.323801,fed_h10_eur
2003-11-13,2.74,0.8539,2.339686,fed_h10_eur
2003-11-14,2.6225,0.8516,2.233321,fed_h10_eur
2003-11-17,2.518,0.8515,2.144077,fed_h10_eur
2003-11-18,2.425,0.8408,2.03894,fed_h10_eur
2003-11-19,2.4765,0.8397,2.079517,fed_h10_eur
2003-11-20,2.4425,0.8407,2.05341,fed_h10_eur
2003-11-21,2.429,0.8394,2.038903,fed_h10_eur
2003-11-24,2.5665,0.8498,2.181012,fed_h10_eur
2003-11-25,2.6235,0.8485,2.22604,fed_h10_eur
2003-11-26,2.648,0.8391,2.221937,fed_h10_eur
2003-11-28,2.6985,0.8337,2.249739,fed_h10_eur
2003-12-01,2.7325,0.8364,2.285463,fed_h10_eur
2003-12-02,2.6965,0.8275,2.231354,fed_h10_eur
2003-12-03,2.5755,0.8269,2.129681,fed_h10_eur
2003-12-04,2.59,0.828,2.14452,fed_h10_eur
2003-12-05,2.578,0.8226,2.120663,fed_h10_eur
2003-12-08,2.554,0.8185,2.090449,fed_h10_eur
2003-12-09,2.467,0.8177,2.017266,fed_h10_eur
2003-12-10,2.46,0.8187,2.014002,fed_h10_eur
2003-12-11,2.54,0.8221,2.088134,fed_h10_eur
2003-12-12,2.5495,0.8141,2.075548,fed_h10_eur
2003-12-15,2.5205,0.8137,2.050931,fed_h10_eur
2003-12-16,2.475,0.8112,2.00772,fed_h10_eur
2003-12-17,2.379,0.8077,1.921518,fed_h10_eur
2003-12-18,2.4375,0.808,1.9695,fed_h10_eur
2003-12-19,2.462,0.8078,1.988804,fed_h10_eur
2003-12-22,2.4945,0.8055,2.00932,fed_h10_eur
2003-12-23,2.624,0.8061,2.115206,fed_h10_eur
2003-12-24,2.666,0.8023,2.138932,fed_h10_eur
2003-12-26,2.6735,0.8038,2.148959,fed_h10_eur
2003-12-29,2.6735,0.801,2.141474,fed_h10_eur
2003-12-30,2.6415,0.7987,2.109766,fed_h10_eur
2003-12-31,2.631,0.7938,2.088488,fed_h10_eur
2004-01-02,2.595,0.7942,2.060949,fed_h10_eur
2004-01-05,2.6635,0.7887,2.100703,fed_h10_eur
2004-01-06,2.6515,0.7829,2.075859,fed_h10_eur
2004-01-07,2.595,0.7896,2.049012,fed_h10_eur
2004-01-08,2.512,0.783,1.966896,fed_h10_eur
2004-01-09,2.5795,0.778,2.006851,fed_h10_eur
2004-01-12,2.6475,0.7811,2.067962,fed_h10_eur
2004-01-13,2.7455,0.7852,2.155767,fed_h10_eur
2004-01-14,2.79,0.7858,2.192382,fed_h10_eur
2004-01-15,2.809,0.7944,2.23147,fed_h10_eur
2004-01-16,2.786,0.8068,2.247745,fed_h10_eur
2004-01-20,2.8305,0.7947,2.249398,fed_h10_eur
2004-01-21,2.81,0.7926,2.227206,fed_h10_eur
2004-01-22,2.859,0.7863,2.248032,fed_h10_eur
2004-01-23,2.8555,0.793,2.264411,fed_h10_eur
2004-01-26,2.8515,0.7967,2.27179,fed_h10_eur
2004-01-27,2.787,0.791,2.204517,fed_h10_eur
2004-01-28,2.598,0.7924,2.058655,fed_h10_eur
2004-01-29,2.461,0.8072,1.986519,fed_h10_eur
2004-01-30,2.52,0.8031,2.023812,fed_h10_eur
2004-02-02,2.4135,0.8048,1.942385,fed_h10_eur
2004-02-03,2.247,0.7961,1.788837,fed_h10_eur
2004-02-04,2.2695,0.7967,1.808111,fed_h10_eur
2004-02-05,2.302,0.7933,1.826177,fed_h10_eur
2004-02-06,2.3175,0.7878,1.825727,fed_h10_eur
2004-02-09,2.293,0.7891,1.809406,fed_h10_eur
2004-02-10,2.2795,0.7857,1.791003,fed_h10_eur
2004-02-11,2.357,0.7803,1.839167,fed_h10_eur
2004-02-12,2.353,0.7808,1.837222,fed_h10_eur
2004-02-13,2.319,0.7843,1.818792,fed_h10_eur
2004-02-17,2.2765,0.7783,1.7718,fed_h10_eur
2004-02-18,2.2435,0.7805,1.751052,fed_h10_eur
2004-02-19,2.2325,0.7883,1.75988,fed_h10_eur
2004-02-20,2.2585,0.796,1.797766,fed_h10_eur
2004-02-23,2.1985,0.7956,1.749127,fed_h10_eur
2004-02-24,2.116,0.7879,1.667196,fed_h10_eur
2004-02-25,2.147,0.7998,1.717171,fed_h10_eur
2004-02-26,2.1825,0.8036,1.753857,fed_h10_eur
2004-02-27,2.1505,0.8038,1.728572,fed_h10_eur
2004-03-01,2.1485,0.8044,1.728253,fed_h10_eur
2004-03-02,2.1005,0.8189,1.7201,fed_h10_eur
2004-03-03,2.1585,0.8273,1.785727,fed_h10_eur
2004-03-04,2.2195,0.818,1.815551,fed_h10_eur
2004-03-05,2.2045,0.8064,1.777709,fed_h10_eur
2004-03-08,2.175,0.8083,1.758052,fed_h10_eur
2004-03-09,2.1355,0.8046,1.718223,fed_h10_eur
2004-03-10,2.0775,0.8179,1.699187,fed_h10_eur
2004-03-11,2.064,0.8151,1.682366,fed_h10_eur
2004-03-12,2.122,0.8203,1.740677,fed_h10_eur
2004-03-15,2.054,0.8168,1.677707,fed_h10_eur
2004-03-16,2.1065,0.815,1.716797,fed_h10_eur
2004-03-17,2.14,0.8199,1.754586,fed_h10_eur
2004-03-18,2.1505,0.807,1.735454,fed_h10_eur
2004-03-19,2.14,0.8151,1.744314,fed_h10_eur
2004-03-22,2.0425,0.8085,1.651361,fed_h10_eur
2004-03-23,2.0115,0.8123,1.633941,fed_h10_eur
2004-03-24,1.9815,0.8188,1.622452,fed_h10_eur
2004-03-25,2.0995,0.8217,1.725159,fed_h10_eur
2004-03-26,2.085,0.827,1.724295,fed_h10_eur
2004-03-29,2.138,0.8237,1.761071,fed_h10_eur
2004-03-30,2.19,0.8195,1.794705,fed_h10_eur
2004-03-31,2.164,0.8135,1.760414,fed_h10_eur
2004-04-01,2.237,0.8092,1.81018,fed_h10_eur
2004-04-02,2.3045,0.8258,1.903056,fed_h10_eur
2004-04-05,2.348,0.8328,1.955414,fed_h10_eur
2004-04-06,2.322,0.8272,1.920758,fed_h10_eur
2004-04-07,2.2925,0.8216,1.883518,fed_h10_eur
2004-04-08,2.405,0.8273,1.989656,fed_h10_eur
2004-04-12,2.398,0.8286,1.986983,fed_h10_eur
2004-04-13,2.329,0.8387,1.953332,fed_h10_eur
2004-04-14,2.3395,0.8375,1.959331,fed_h10_eur
2004-04-15,2.3495,0.8393,1.971935,fed_h10_eur
2004-04-16,2.275,0.8316,1.89189,fed_h10_eur
2004-04-19,2.3555,0.832,1.959776,fed_h10_eur
2004-04-20,2.26,0.8396,1.897496,fed_h10_eur
2004-04-21,2.286,0.8437,1.928698,fed_h10_eur
2004-04-22,2.443,0.8431,2.059693,fed_h10_eur
2004-04-23,2.3145,0.8473,1.961076,fed_h10_eur
2004-04-26,2.3625,0.8438,1.993477,fed_h10_eur
2004-04-27,2.4,0.8384,2.01216,fed_h10_eur
2004-04-28,2.3485,0.8453,1.985187,fed_h10_eur
2004-04-29,2.3095,0.8372,1.933513,fed_h10_eur
2004-04-30,2.18,0.8351,1.820518,fed_h10_eur
2004-05-03,2.2205,0.8377,1.860113,fed_h10_eur
2004-05-04,2.1975,0.8281,1.81975,fed_h10_eur
2004-05-05,2.213,0.822,1.819086,fed_h10_eur
2004-05-06,2.157,0.8271,1.784055,fed_h10_eur
2004-05-07,2.095,0.8414,1.762733,fed_h10_eur
2004-05-10,2.063,0.845,1.743235,fed_h10_eur
2004-05-11,2.135,0.8462,1.806637,fed_h10_eur
2004-05-12,2.151,0.8396,1.80598,fed_h10_eur
2004-05-13,2.1805,0.8474,1.847756,fed_h10_eur
2004-05-14,2.1525,0.8422,1.812835,fed_h10_eur
2004-05-17,2.104,0.8327,1.752001,fed_h10_eur
2004-05-18,2.0995,0.8354,1.753922,fed_h10_eur
2004-05-19,2.0845,0.8323,1.734929,fed_h10_eur
2004-05-20,2.049,0.8385,1.718087,fed_h10_eur
2004-05-21,2.0585,0.8327,1.714113,fed_h10_eur
2004-05-24,2.0815,0.8349,1.737844,fed_h10_eur
2004-05-25,2.181,0.826,1.801506,fed_h10_eur
2004-05-26,2.2345,0.8263,1.846367,fed_h10_eur
2004-05-27,2.381,0.8147,1.939801,fed_h10_eur
2004-05-28,2.425,0.8185,1.984862,fed_h10_eur
2004-06-01,2.5115,0.819,2.056918,fed_h10_eur
2004-06-02,2.5175,0.8163,2.055035,fed_h10_eur
2004-06-03,2.47,0.8193,2.023671,fed_h10_eur
2004-06-04,2.5475,0.8158,2.07825,fed_h10_eur
2004-06-07,2.588,0.8117,2.10068,fed_h10_eur
2004-06-08,2.597,0.8148,2.116036,fed_h10_eur
2004-06-09,2.512,0.8267,2.07667,fed_h10_eur
2004-06-10,2.497,0.8258,2.062023,fed_h10_eur
2004-06-14,2.4625,0.8283,2.039689,fed_h10_eur
2004-06-15,2.5055,0.8238,2.064031,fed_h10_eur
2004-06-16,2.5285,0.8329,2.105988,fed_h10_eur
2004-06-17,2.4885,0.8306,2.066948,fed_h10_eur
2004-06-18,2.48,0.8252,2.046496,fed_h10_eur
2004-06-21,2.4885,0.8258,2.055003,fed_h10_eur
2004-06-22,2.45,0.827,2.02615,fed_h10_eur
2004-06-23,2.5405,0.8271,2.101247,fed_h10_eur
2004-06-24,2.551,0.8217,2.096157,fed_h10_eur
2004-06-25,2.59,0.8234,2.132606,fed_h10_eur
2004-06-28,2.6695,0.8201,2.189257,fed_h10_eur
2004-06-29,2.6855,0.8248,2.215,fed_h10_eur
2004-06-30,2.72,0.8211,2.233392,fed_h10_eur
2004-07-01,2.628,0.8225,2.16153,fed_h10_eur
2004-07-02,2.6295,0.8125,2.136469,fed_h10_eur
2004-07-06,2.562,0.8137,2.084699,fed_h10_eur
2004-07-07,2.55,0.8075,2.059125,fed_h10_eur
2004-07-08,2.475,0.8071,1.997572,fed_h10_eur
2004-07-09,2.416,0.8072,1.950195,fed_h10_eur
2004-07-12,2.4525,0.8059,1.97647,fed_h10_eur
2004-07-13,2.48,0.8129,2.015992,fed_h10_eur
2004-07-14,2.475,0.8074,1.998315,fed_h10_eur
2004-07-15,2.4335,0.8082,1.966755,fed_h10_eur
2004-07-16,2.355,0.8041,1.893656,fed_h10_eur
2004-07-19,2.301,0.8044,1.850924,fed_h10_eur
2004-07-20,2.3495,0.808,1.898396,fed_h10_eur
2004-07-21,2.238,0.8181,1.830908,fed_h10_eur
2004-07-22,2.291,0.8148,1.866707,fed_h10_eur
2004-07-23,1.999,0.8249,1.648975,fed_h10_eur
2004-07-26,1.939,0.8241,1.59793,fed_h10_eur
2004-07-27,1.9555,0.8295,1.622087,fed_h10_eur
2004-07-28,1.8985,0.8302,1.576135,fed_h10_eur
2004-07-29,1.929,0.8285,1.598177,fed_h10_eur
2004-07-30,1.946,0.8311,1.617321,fed_h10_eur
2004-08-02,1.915,0.831,1.591365,fed_h10_eur
2004-08-03,1.8805,0.8298,1.560439,fed_h10_eur
2004-08-04,1.856,0.8294,1.539366,fed_h10_eur
2004-08-05,1.7805,0.8299,1.477637,fed_h10_eur
2004-08-06,1.7745,0.8149,1.44604,fed_h10_eur
2004-08-09,1.766,0.8156,1.44035,fed_h10_eur
2004-08-10,1.855,0.8126,1.507373,fed_h10_eur
2004-08-11,1.828,0.8182,1.49567,fed_h10_eur
2004-08-12,1.8145,0.8181,1.484442,fed_h10_eur
2004-08-13,1.8065,0.8095,1.462362,fed_h10_eur
2004-08-16,1.8975,0.8108,1.538493,fed_h10_eur
2004-08-17,1.9115,0.8111,1.550418,fed_h10_eur
2004-08-18,1.968,0.8131,1.600181,fed_h10_eur
2004-08-19,1.9315,0.8085,1.561618,fed_h10_eur
2004-08-20,1.9755,0.8114,1.602921,fed_h10_eur
2004-08-23,1.9725,0.8199,1.617253,fed_h10_eur
2004-08-24,1.9525,0.8265,1.613741,fed_h10_eur
2004-08-25,2.015,0.8271,1.666607,fed_h10_eur
2004-08-26,2.0095,0.8275,1.662861,fed_h10_eur
2004-08-27,1.995,0.8316,1.659042,fed_h10_eur
2004-08-30,1.9155,0.8299,1.589673,fed_h10_eur
2004-08-31,1.907,0.8208,1.565266,fed_h10_eur
2004-09-01,1.912,0.8211,1.569943,fed_h10_eur
2004-09-02,1.959,0.8221,1.610494,fed_h10_eur
2004-09-03,1.937,0.8297,1.607129,fed_h10_eur
2004-09-07,1.9255,0.8269,1.592196,fed_h10_eur
2004-09-08,1.9005,0.8221,1.562401,fed_h10_eur
2004-09-09,1.9035,0.8204,1.561631,fed_h10_eur
2004-09-10,1.9285,0.8142,1.570185,fed_h10_eur
2004-09-13,2.0005,0.8163,1.633008,fed_h10_eur
2004-09-14,2.1335,0.8151,1.739016,fed_h10_eur
2004-09-15,2.1105,0.8235,1.737997,fed_h10_eur
2004-09-16,2.1285,0.8228,1.75133,fed_h10_eur
2004-09-17,2.148,0.8214,1.764367,fed_h10_eur
2004-09-20,2.1635,0.8216,1.777532,fed_h10_eur
2004-09-21,2.1645,0.8154,1.764933,fed_h10_eur
2004-09-22,2.069,0.8156,1.687476,fed_h10_eur
2004-09-23,2.0915,0.8131,1.700599,fed_h10_eur
2004-09-24,2.047,0.8159,1.670147,fed_h10_eur
2004-09-27,1.9965,0.8125,1.622156,fed_h10_eur
2004-09-28,1.9715,0.8126,1.602041,fed_h10_eur
2004-09-29,2.042,0.8125,1.659125,fed_h10_eur
2004-09-30,2.043,0.8053,1.645228,fed_h10_eur
2004-10-01,2.0235,0.8065,1.631953,fed_h10_eur
2004-10-04,2.0505,0.8147,1.670542,fed_h10_eur
2004-10-05,2.048,0.812,1.662976,fed_h10_eur
2004-10-06,2.068,0.8131,1.681491,fed_h10_eur
2004-10-07,2.0575,0.8139,1.674599,fed_h10_eur
2004-10-08,2.0,0.8053,1.6106,fed_h10_eur
2004-10-11,2.0075,0.8053,1.61664,fed_h10_eur
2004-10-12,2.011,0.8117,1.632329,fed_h10_eur
2004-10-13,1.999,0.8149,1.628985,fed_h10_eur
2004-10-14,1.955,0.8069,1.57749,fed_h10_eur
2004-10-15,1.9275,0.8014,1.544699,fed_h10_eur
2004-10-18,1.9635,0.7987,1.568247,fed_h10_eur
2004-10-19,1.9165,0.799,1.531283,fed_h10_eur
2004-10-20,1.9175,0.792,1.51866,fed_h10_eur
2004-10-21,1.9735,0.7923,1.563604,fed_h10_eur
2004-10-22,1.73,0.7912,1.368776,fed_h10_eur
2004-10-25,1.6985,0.7823,1.328737,fed_h10_eur
2004-10-26,1.6915,0.7838,1.325798,fed_h10_eur
2004-10-27,1.7115,0.7859,1.345068,fed_h10_eur
2004-10-28,1.7225,0.7838,1.350095,fed_h10_eur
2004-10-29,1.7065,0.7846,1.33892,fed_h10_eur
2004-11-01,1.755,0.7849,1.377499,fed_h10_eur
2004-11-02,1.812,0.7872,1.426406,fed_h10_eur
2004-11-03,1.796,0.782,1.404472,fed_h10_eur
2004-11-04,1.8455,0.7762,1.432477,fed_h10_eur
2004-11-05,1.828,0.7729,1.412861,fed_h10_eur
2004-11-08,1.866,0.773,1.442418,fed_h10_eur
2004-11-09,1.87,0.7734,1.446258,fed_h10_eur
2004-11-10,1.9045,0.7737,1.473512,fed_h10_eur
2004-11-11,1.9415,0.7737,1.502139,fed_h10_eur
2004-11-12,2.023,0.7708,1.559328,fed_h10_eur
2004-11-15,2.0445,0.7726,1.579581,fed_h10_eur
2004-11-16,2.0035,0.7705,1.543697,fed_h10_eur
2004-11-17,1.995,0.7674,1.530963,fed_h10_eur
2004-11-18,2.0185,0.7703,1.554851,fed_h10_eur
2004-11-19,1.9275,0.7658,1.47608,fed_h10_eur
2004-11-22,1.9025,0.7664,1.458076,fed_h10_eur
2004-11-23,1.9155,0.7639,1.46325,fed_h10_eur
2004-11-24,1.9375,0.7598,1.472113,fed_h10_eur
2004-11-26,1.9545,0.7526,1.470957,fed_h10_eur
2004-11-29,1.947,0.7527,1.465507,fed_h10_eur
2004-11-30,1.984,0.7542,1.496333,fed_h10_eur
2004-12-01,1.999,0.7514,1.502049,fed_h10_eur
2004-12-02,2.0085,0.7537,1.513807,fed_h10_eur
2004-12-03,2.0045,0.7468,1.496961,fed_h10_eur
2004-12-06,1.9745,0.7445,1.470015,fed_h10_eur
2004-12-07,1.91,0.7442,1.421422,fed_h10_eur
2004-12-08,1.936,0.7546,1.460906,fed_h10_eur
2004-12-09,1.991,0.7534,1.500019,fed_h10_eur
2004-12-10,1.9525,0.7562,1.47648,fed_h10_eur
2004-12-13,1.9915,0.7514,1.496413,fed_h10_eur
2004-12-14,2.022,0.753,1.522566,fed_h10_eur
2004-12-15,2.05,0.7447,1.526635,fed_h10_eur
2004-12-16,2.0025,0.7526,1.507082,fed_h10_eur
2004-12-17,2.0005,0.7522,1.504776,fed_h10_eur
2004-12-20,1.9475,0.7465,1.453809,fed_h10_eur
2004-12-21,1.9695,0.7476,1.472398,fed_h10_eur
2004-12-22,1.976,0.7468,1.475677,fed_h10_eur
2004-12-23,1.9465,0.7412,1.442746,fed_h10_eur
2004-12-27,2.1125,0.7339,1.550364,fed_h10_eur
2004-12-28,2.2315,0.7342,1.638367,fed_h10_eur
2004-12-29,2.241,0.737,1.651617,fed_h10_eur
2004-12-30,2.2485,0.7341,1.650624,fed_h10_eur
2004-12-31,2.2145,0.7387,1.635851,fed_h10_eur
2005-01-03,2.226,0.7421,1.651915,fed_h10_eur
2005-01-04,2.107,0.7522,1.584885,fed_h10_eur
2005-01-05,2.0885,0.7523,1.571179,fed_h10_eur
2005-01-06,2.0525,0.7583,1.556411,fed_h10_eur
2005-01-07,2.116,0.7656,1.62001,fed_h10_eur
2005-01-10,2.092,0.7628,1.595778,fed_h10_eur
2005-01-11,2.082,0.7598,1.581904,fed_h10_eur
2005-01-12,2.115,0.753,1.592595,fed_h10_eur
2005-01-13,2.13,0.7572,1.612836,fed_h10_eur
2005-01-14,2.2275,0.763,1.699582,fed_h10_eur
2005-01-18,2.229,0.7667,1.708974,fed_h10_eur
2005-01-19,2.198,0.7671,1.686086,fed_h10_eur
2005-01-20,2.118,0.7717,1.634461,fed_h10_eur
2005-01-21,2.058,0.7663,1.577045,fed_h10_eur
2005-01-24,2.019,0.7668,1.548169,fed_h10_eur
2005-01-25,2.047,0.772,1.580284,fed_h10_eur
2005-01-26,2.067,0.7645,1.580221,fed_h10_eur
2005-01-27,2.1155,0.7673,1.623223,fed_h10_eur
2005-01-28,2.111,0.7673,1.61977,fed_h10_eur
2005-01-31,2.161,0.7663,1.655974,fed_h10_eur
2005-02-01,2.124,0.7682,1.631657,fed_h10_eur
2005-02-02,2.094,0.7683,1.60882,fed_h10_eur
2005-02-03,1.7875,0.7717,1.379414,fed_h10_eur
2005-02-04,1.786,0.7736,1.38165,fed_h10_eur
2005-02-07,1.7845,0.7829,1.397085,fed_h10_eur
2005-02-08,1.815,0.7823,1.419875,fed_h10_eur
2005-02-09,1.7945,0.7814,1.402222,fed_h10_eur
2005-02-10,1.789,0.7763,1.388801,fed_h10_eur
2005-02-11,1.789,0.7774,1.390769,fed_h10_eur
2005-02-14,1.8015,0.7704,1.387876,fed_h10_eur
2005-02-15,1.807,0.7701,1.391571,fed_h10_eur
2005-02-16,1.783,0.7696,1.372197,fed_h10_eur
2005-02-17,1.7845,0.7644,1.364072,fed_h10_eur
2005-02-18,1.7655,0.7648,1.350254,fed_h10_eur
2005-02-22,1.736,0.7559,1.312242,fed_h10_eur
2005-02-23,1.707,0.7571,1.29237,fed_h10_eur
2005-02-24,1.7345,0.7573,1.313537,fed_h10_eur
2005-02-25,1.7495,0.7579,1.325946,fed_h10_eur
2005-02-28,1.759,0.7534,1.325231,fed_h10_eur
2005-03-01,1.7695,0.7582,1.341635,fed_h10_eur
2005-03-02,1.775,0.7618,1.352195,fed_h10_eur
2005-03-03,1.7825,0.7616,1.357552,fed_h10_eur
2005-03-04,1.7925,0.7551,1.353517,fed_h10_eur
2005-03-07,1.816,0.7574,1.375438,fed_h10_eur
2005-03-08,1.7915,0.7495,1.342729,fed_h10_eur
2005-03-09,1.77,0.7472,1.322544,fed_h10_eur
2005-03-10,1.7455,0.7458,1.301794,fed_h10_eur
2005-03-11,1.7375,0.7427,1.290441,fed_h10_eur
2005-03-14,1.73,0.7493,1.296289,fed_h10_eur
2005-03-15,1.709,0.751,1.283459,fed_h10_eur
2005-03-16,1.6935,0.745,1.261658,fed_h10_eur
2005-03-17,1.6985,0.7478,1.270138,fed_h10_eur
2005-03-18,1.708,0.7513,1.28322,fed_h10_eur
2005-03-21,1.6835,0.7596,1.278787,fed_h10_eur
2005-03-22,1.6575,0.757,1.254728,fed_h10_eur
2005-03-23,1.659,0.7689,1.275605,fed_h10_eur
2005-03-24,1.644,0.7718,1.268839,fed_h10_eur
2005-03-28,1.6695,0.7766,1.296534,fed_h10_eur
2005-03-29,1.6715,0.7744,1.29441,fed_h10_eur
2005-03-30,1.716,0.7726,1.325782,fed_h10_eur
2005-03-31,1.7135,0.7711,1.32128,fed_h10_eur
2005-04-01,1.7005,0.7754,1.318568,fed_h10_eur
2005-04-04,1.75,0.7789,1.363075,fed_h10_eur
2005-04-05,1.764,0.7787,1.373627,fed_h10_eur
2005-04-06,1.741,0.7771,1.352931,fed_h10_eur
2005-04-07,1.745,0.7748,1.352026,fed_h10_eur
2005-04-08,1.73,0.7745,1.339885,fed_h10_eur
2005-04-11,1.73,0.7709,1.333657,fed_h10_eur
2005-04-12,1.7315,0.7768,1.345029,fed_h10_eur
2005-04-13,1.715,0.7741,1.327582,fed_h10_eur
2005-04-14,1.6985,0.7801,1.325,fed_h10_eur
2005-04-15,1.651,0.7735,1.277049,fed_h10_eur
2005-04-18,1.65,0.767,1.26555,fed_h10_eur
2005-04-19,1.639,0.7672,1.257441,fed_h10_eur
2005-04-20,1.6625,0.7645,1.270981,fed_h10_eur
2005-04-21,1.6865,0.7638,1.288149,fed_h10_eur
2005-04-22,1.652,0.7652,1.26411,fed_h10_eur
2005-04-25,1.6765,0.7702,1.29124,fed_h10_eur
2005-04-26,1.6355,0.7714,1.261625,fed_h10_eur
2005-04-27,1.586,0.7729,1.225819,fed_h10_eur
2005-04-28,1.626,0.7742,1.258849,fed_h10_eur
2005-04-29,1.618,0.7741,1.252494,fed_h10_eur
2005-05-02,1.655,0.7778,1.287259,fed_h10_eur
2005-05-03,1.6605,0.7759,1.288382,fed_h10_eur
2005-05-04,1.698,0.773,1.312554,fed_h10_eur
2005-05-05,1.698,0.773,1.312554,fed_h10_eur
2005-05-06,1.726,0.7793,1.345072,fed_h10_eur
2005-05-09,1.732,0.7789,1.349055,fed_h10_eur
2005-05-10,1.7115,0.7766,1.329151,fed_h10_eur
2005-05-11,1.691,0.7811,1.32084,fed_h10_eur
2005-05-12,1.6925,0.787,1.331997,fed_h10_eur
2005-05-13,1.695,0.7908,1.340406,fed_h10_eur
2005-05-16,1.727,0.7918,1.367439,fed_h10_eur
2005-05-17,1.7365,0.7909,1.373398,fed_h10_eur
2005-05-18,1.7665,0.7899,1.395358,fed_h10_eur
2005-05-19,1.7795,0.7919,1.409186,fed_h10_eur
2005-05-20,1.775,0.7966,1.413965,fed_h10_eur
2005-05-23,1.784,0.7952,1.418637,fed_h10_eur
2005-05-24,1.777,0.7944,1.411649,fed_h10_eur
2005-05-25,1.7625,0.7935,1.398544,fed_h10_eur
2005-05-26,1.7725,0.7989,1.41605,fed_h10_eur
2005-05-27,1.775,0.7957,1.412367,fed_h10_eur
2005-05-31,1.7755,0.8098,1.4378,fed_h10_eur
2005-06-01,1.825,0.8175,1.491938,fed_h10_eur
2005-06-02,1.8205,0.8153,1.484254,fed_h10_eur
2005-06-03,1.7795,0.8179,1.455453,fed_h10_eur
2005-06-06,1.7885,0.8151,1.457806,fed_h10_eur
2005-06-07,1.7675,0.8145,1.439629,fed_h10_eur
2005-06-08,1.7415,0.8117,1.413576,fed_h10_eur
2005-06-09,1.76,0.8186,1.440736,fed_h10_eur
2005-06-10,1.7475,0.8246,1.440988,fed_h10_eur
2005-06-13,1.7435,0.8309,1.448674,fed_h10_eur
2005-06-14,1.752,0.8307,1.455386,fed_h10_eur
2005-06-15,1.762,0.826,1.455412,fed_h10_eur
2005-06-16,1.779,0.8272,1.471589,fed_h10_eur
2005-06-17,1.7655,0.817,1.442413,fed_h10_eur
2005-06-20,1.7845,0.8237,1.469893,fed_h10_eur
2005-06-21,1.769,0.8241,1.457833,fed_h10_eur
2005-06-22,1.761,0.8244,1.451768,fed_h10_eur
2005-06-23,1.7715,0.8296,1.469636,fed_h10_eur
2005-06-24,1.751,0.8273,1.448602,fed_h10_eur
2005-06-27,1.725,0.8229,1.419503,fed_h10_eur
2005-06-28,1.6855,0.828,1.395594,fed_h10_eur
2005-06-29,1.6675,0.8264,1.378022,fed_h10_eur
2005-06-30,1.6545,0.8266,1.36761,fed_h10_eur
2005-07-01,1.6455,0.8363,1.376132,fed_h10_eur
2005-07-05,1.704,0.8391,1.429826,fed_h10_eur
2005-07-06,1.703,0.8391,1.428987,fed_h10_eur
2005-07-07,1.698,0.8384,1.423603,fed_h10_eur
2005-07-08,1.737,0.8379,1.455432,fed_h10_eur
2005-07-11,1.7795,0.8288,1.47485,fed_h10_eur
2005-07-12,1.8155,0.8197,1.488165,fed_h10_eur
2005-07-13,1.8255,0.8271,1.509871,fed_h10_eur
2005-07-14,1.8595,0.8272,1.538178,fed_h10_eur
2005-07-15,1.8575,0.8308,1.543211,fed_h10_eur
2005-07-18,1.8595,0.828,1.539666,fed_h10_eur
2005-07-19,1.9085,0.8333,1.590353,fed_h10_eur
2005-07-20,1.9085,0.8302,1.584437,fed_h10_eur
2005-07-21,1.8975,0.8256,1.566576,fed_h10_eur
2005-07-22,1.8975,0.8279,1.57094,fed_h10_eur
2005-07-25,1.8975,0.8296,1.574166,fed_h10_eur
2005-07-26,1.887,0.8328,1.571494,fed_h10_eur
2005-07-27,2.1825,0.83,1.811475,fed_h10_eur
2005-07-28,2.284,0.825,1.8843,fed_h10_eur
2005-07-29,2.2575,0.8245,1.861309,fed_h10_eur
2005-08-01,2.2465,0.82,1.84213,fed_h10_eur
2005-08-02,2.3255,0.8191,1.904817,fed_h10_eur
2005-08-03,2.3055,0.8106,1.868838,fed_h10_eur
2005-08-04,2.273,0.8076,1.835675,fed_h10_eur
2005-08-05,2.2635,0.8112,1.836151,fed_h10_eur
2005-08-08,2.283,0.809,1.846947,fed_h10_eur
2005-08-09,2.2965,0.8099,1.859935,fed_h10_eur
2005-08-10,2.238,0.81,1.81278,fed_h10_eur
2005-08-11,2.2605,0.8042,1.817894,fed_h10_eur
2005-08-12,2.21,0.8046,1.778166,fed_h10_eur
2005-08-15,2.252,0.8089,1.821643,fed_h10_eur
2005-08-16,2.2135,0.8102,1.793378,fed_h10_eur
2005-08-17,2.206,0.8137,1.795022,fed_h10_eur
2005-08-18,2.1865,0.8212,1.795554,fed_h10_eur
2005-08-19,2.186,0.8232,1.799515,fed_h10_eur
2005-08-22,2.1885,0.8173,1.788661,fed_h10_eur
2005-08-23,2.171,0.8188,1.777615,fed_h10_eur
2005-08-24,2.1185,0.8171,1.731026,fed_h10_eur
2005-08-25,2.1155,0.8123,1.718421,fed_h10_eur
2005-08-26,2.1185,0.8114,1.718951,fed_h10_eur
2005-08-29,2.1395,0.8165,1.746902,fed_h10_eur
2005-08-30,2.1245,0.8194,1.740815,fed_h10_eur
2005-08-31,2.135,0.811,1.731485,fed_h10_eur
2005-09-01,2.092,0.8034,1.680713,fed_h10_eur
2005-09-02,2.0755,0.7976,1.655419,fed_h10_eur
2005-09-06,2.181,0.8011,1.747199,fed_h10_eur
2005-09-07,2.1865,0.8039,1.757727,fed_h10_eur
2005-09-08,2.148,0.8065,1.732362,fed_h10_eur
2005-09-09,2.1475,0.8043,1.727234,fed_h10_eur
2005-09-12,2.225,0.8138,1.810705,fed_h10_eur
2005-09-13,2.1965,0.8155,1.791246,fed_h10_eur
2005-09-14,2.155,0.8142,1.754601,fed_h10_eur
2005-09-15,2.1355,0.8186,1.74812,fed_h10_eur
2005-09-16,2.14,0.8187,1.752018,fed_h10_eur
2005-09-19,2.1375,0.8228,1.758735,fed_h10_eur
2005-09-20,2.0935,0.8212,1.719182,fed_h10_eur
2005-09-21,2.0625,0.8191,1.689394,fed_h10_eur
2005-09-22,2.104,0.8228,1.731171,fed_h10_eur
2005-09-23,2.1095,0.828,1.746666,fed_h10_eur
2005-09-26,2.167,0.8308,1.800344,fed_h10_eur
2005-09-27,2.158,0.8326,1.796751,fed_h10_eur
2005-09-28,2.1685,0.8322,1.804626,fed_h10_eur
2005-09-29,2.2395,0.8319,1.86304,fed_h10_eur
2005-09-30,2.265,0.8293,1.878365,fed_h10_eur
2005-10-03,2.3005,0.8393,1.93081,fed_h10_eur
2005-10-04,2.2465,0.8391,1.885038,fed_h10_eur
2005-10-05,2.2245,0.8344,1.856123,fed_h10_eur
2005-10-06,2.2005,0.8242,1.813652,fed_h10_eur
2005-10-07,2.186,0.8254,1.804324,fed_h10_eur
2005-10-10,2.188,0.8254,1.805975,fed_h10_eur
2005-10-11,2.17,0.8323,1.806091,fed_h10_eur
2005-10-12,2.1275,0.8306,1.767102,fed_h10_eur
2005-10-13,2.131,0.8377,1.785139,fed_h10_eur
2005-10-14,2.1895,0.8283,1.813563,fed_h10_eur
2005-10-17,2.251,0.8306,1.869681,fed_h10_eur
2005-10-18,2.2325,0.8376,1.869942,fed_h10_eur
2005-10-19,2.293,0.8342,1.912821,fed_h10_eur
2005-10-20,2.2505,0.8346,1.878267,fed_h10_eur
2005-10-21,2.2975,0.8363,1.921399,fed_h10_eur
2005-10-24,2.3465,0.8335,1.955808,fed_h10_eur
2005-10-25,2.3085,0.8265,1.907975,fed_h10_eur
2005-10-26,1.9875,0.8277,1.645054,fed_h10_eur
2005-10-27,1.953,0.8232,1.60771,fed_h10_eur
2005-10-28,1.9475,0.8272,1.610972,fed_h10_eur
2005-10-31,1.993,0.8337,1.661564,fed_h10_eur
2005-11-01,2.0185,0.8335,1.68242,fed_h10_eur
2005-11-02,2.0375,0.8287,1.688476,fed_h10_eur
2005-11-03,2.078,0.8354,1.735961,fed_h10_eur
2005-11-04,2.0545,0.8455,1.73708,fed_h10_eur
2005-11-07,2.0695,0.8478,1.754522,fed_h10_eur
2005-11-08,2.0975,0.8494,1.781617,fed_h10_eur
2005-11-09,2.07,0.8512,1.761984,fed_h10_eur
2005-11-10,2.109,0.8518,1.796446,fed_h10_eur
2005-11-11,2.134,0.8518,1.817741,fed_h10_eur
2005-11-14,2.1265,0.8571,1.822623,fed_h10_eur
2005-11-15,2.2225,0.8551,1.90046,fed_h10_eur
2005-11-16,2.265,0.8568,1.940652,fed_h10_eur
2005-11-17,2.337,0.8543,1.996499,fed_h10_eur
2005-11-18,2.399,0.8517,2.043228,fed_h10_eur
2005-11-21,2.3995,0.8522,2.044854,fed_h10_eur
2005-11-22,2.4425,0.852,2.08101,fed_h10_eur
2005-11-23,2.412,0.8475,2.04417,fed_h10_eur
2005-11-25,2.403,0.853,2.049759,fed_h10_eur
2005-11-28,2.4175,0.8472,2.048106,fed_h10_eur
2005-11-29,2.4275,0.8485,2.059734,fed_h10_eur
2005-11-30,2.423,0.8482,2.055189,fed_h10_eur
2005-12-01,2.45,0.8546,2.09377,fed_h10_eur
2005-12-02,2.453,0.8548,2.096824,fed_h10_eur
2005-12-05,2.4415,0.8484,2.071369,fed_h10_eur
2005-12-06,2.463,0.8486,2.090102,fed_h10_eur
2005-12-07,2.4415,0.8531,2.082844,fed_h10_eur
2005-12-08,2.4175,0.8453,2.043513,fed_h10_eur
2005-12-09,2.437,0.8457,2.060971,fed_h10_eur
2005-12-12,2.4535,0.8355,2.049899,fed_h10_eur
2005-12-13,2.475,0.8385,2.075287,fed_h10_eur
2005-12-14,2.4705,0.8305,2.05175,fed_h10_eur
2005-12-15,2.474,0.8358,2.067769,fed_h10_eur
2005-12-16,2.4605,0.8325,2.048366,fed_h10_eur
2005-12-19,2.4185,0.8336,2.016062,fed_h10_eur
2005-12-20,2.407,0.844,2.031508,fed_h10_eur
2005-12-21,2.4485,0.8463,2.072165,fed_h10_eur
2005-12-22,2.461,0.8415,2.070931,fed_h10_eur
2005-12-23,2.461,0.8434,2.075607,fed_h10_eur
2005-12-27,2.428,0.8435,2.048018,fed_h10_eur
2005-12-28,2.403,0.8421,2.023566,fed_h10_eur
2005-12-29,2.3995,0.8442,2.025658,fed_h10_eur
2005-12-30,2.3575,0.8445,1.990909,fed_h10_eur
2006-01-03,2.379,0.8347,1.985751,fed_h10_eur
2006-01-04,2.3625,0.8271,1.954024,fed_h10_eur
2006-01-05,2.3825,0.8264,1.968898,fed_h10_eur
2006-01-06,2.3935,0.8232,1.970329,fed_h10_eur
2006-01-09,2.354,0.8289,1.951231,fed_h10_eur
2006-01-10,2.2825,0.829,1.892193,fed_h10_eur
2006-01-11,2.2465,0.8241,1.851341,fed_h10_eur
2006-01-12,2.218,0.8309,1.842936,fed_h10_eur
2006-01-13,2.22,0.8262,1.834164,fed_h10_eur
2006-01-17,2.2,0.8283,1.82226,fed_h10_eur
2006-01-18,2.216,0.8276,1.833962,fed_h10_eur
2006-01-19,2.2225,0.8258,1.835341,fed_h10_eur
2006-01-20,2.196,0.8264,1.814774,fed_h10_eur
2006-01-23,2.1865,0.8146,1.781123,fed_h10_eur
2006-01-24,2.201,0.8139,1.791394,fed_h10_eur
2006-01-25,2.18,0.8162,1.779316,fed_h10_eur
2006-01-26,2.234,0.8177,1.826742,fed_h10_eur
2006-01-27,2.261,0.8244,1.863968,fed_h10_eur
2006-01-30,2.248,0.8271,1.859321,fed_h10_eur
2006-01-31,2.241,0.8225,1.843222,fed_h10_eur
2006-02-01,2.199,0.827,1.818573,fed_h10_eur
2006-02-02,2.137,0.8264,1.766017,fed_h10_eur
2006-02-03,1.9165,0.8319,1.594336,fed_h10_eur
2006-02-06,1.8975,0.8354,1.585172,fed_h10_eur
2006-02-07,1.876,0.8351,1.566648,fed_h10_eur
2006-02-08,1.9085,0.8379,1.599132,fed_h10_eur
2006-02-09,1.8995,0.8359,1.587792,fed_h10_eur
2006-02-10,1.926,0.8389,1.615721,fed_h10_eur
2006-02-13,1.893,0.84,1.59012,fed_h10_eur
2006-02-14,1.9125,0.8407,1.607839,fed_h10_eur
2006-02-15,1.963,0.8415,1.651865,fed_h10_eur
2006-02-16,1.9575,0.8416,1.647432,fed_h10_eur
2006-02-17,1.9595,0.8399,1.645784,fed_h10_eur
2006-02-21,1.9145,0.8395,1.607223,fed_h10_eur
2006-02-22,1.936,0.84,1.62624,fed_h10_eur
2006-02-23,1.895,0.8387,1.589336,fed_h10_eur
2006-02-24,1.9175,0.8416,1.613768,fed_h10_eur
2006-02-27,1.9005,0.8432,1.602502,fed_h10_eur
2006-02-28,1.872,0.8386,1.569859,fed_h10_eur
2006-03-01,1.856,0.8404,1.559782,fed_h10_eur
2006-03-02,1.844,0.8331,1.536236,fed_h10_eur
2006-03-03,1.8605,0.8314,1.54682,fed_h10_eur
2006-03-06,1.843,0.8332,1.535588,fed_h10_eur
2006-03-07,1.8465,0.8412,1.553276,fed_h10_eur
2006-03-08,1.8405,0.8393,1.544732,fed_h10_eur
2006-03-09,1.806,0.8389,1.515053,fed_h10_eur
2006-03-10,1.811,0.8413,1.523594,fed_h10_eur
2006-03-13,1.8095,0.8374,1.515275,fed_h10_eur
2006-03-14,1.8455,0.8316,1.534718,fed_h10_eur
2006-03-15,1.8445,0.8302,1.531304,fed_h10_eur
2006-03-16,1.8385,0.823,1.513086,fed_h10_eur
2006-03-17,1.7995,0.8199,1.47541,fed_h10_eur
2006-03-20,1.8115,0.8218,1.488691,fed_h10_eur
2006-03-21,1.796,0.8279,1.486908,fed_h10_eur
2006-03-22,1.8,0.8268,1.48824,fed_h10_eur
2006-03-23,1.784,0.8344,1.48857,fed_h10_eur
2006-03-24,1.7735,0.831,1.473778,fed_h10_eur
2006-03-27,1.7625,0.8323,1.466929,fed_h10_eur
2006-03-28,1.7845,0.828,1.477566,fed_h10_eur
2006-03-29,1.816,0.8313,1.509641,fed_h10_eur
2006-03-30,1.8335,0.8243,1.511354,fed_h10_eur
2006-03-31,1.8265,0.8238,1.504671,fed_h10_eur
2006-04-03,1.807,0.8248,1.490414,fed_h10_eur
2006-04-04,1.8385,0.8158,1.499848,fed_h10_eur
2006-04-05,1.867,0.8149,1.521418,fed_h10_eur
2006-04-06,1.9255,0.8186,1.576214,fed_h10_eur
2006-04-07,1.8545,0.8258,1.531446,fed_h10_eur
2006-04-10,1.8305,0.8271,1.514007,fed_h10_eur
2006-04-11,1.803,0.8247,1.486934,fed_h10_eur
2006-04-12,1.8065,0.826,1.492169,fed_h10_eur
2006-04-13,1.831,0.826,1.512406,fed_h10_eur
2006-04-17,1.7635,0.8152,1.437605,fed_h10_eur
2006-04-18,1.814,0.8147,1.477866,fed_h10_eur
2006-04-19,1.8445,0.81,1.494045,fed_h10_eur
2006-04-20,1.817,0.8113,1.474132,fed_h10_eur
2006-04-21,1.8015,0.8104,1.459936,fed_h10_eur
2006-04-24,1.7895,0.8082,1.446274,fed_h10_eur
2006-04-25,1.7775,0.8057,1.432132,fed_h10_eur
2006-04-26,1.7895,0.8023,1.435716,fed_h10_eur
2006-04-27,1.787,0.7984,1.426741,fed_h10_eur
2006-04-28,1.7605,0.7921,1.394492,fed_h10_eur
2006-05-01,1.7295,0.7932,1.371839,fed_h10_eur
2006-05-02,1.719,0.7909,1.359557,fed_h10_eur
2006-05-03,1.698,0.7912,1.343458,fed_h10_eur
2006-05-04,1.7235,0.7884,1.358807,fed_h10_eur
2006-05-05,1.752,0.7854,1.376021,fed_h10_eur
2006-05-08,1.7345,0.7862,1.363664,fed_h10_eur
2006-05-09,1.742,0.7845,1.366599,fed_h10_eur
2006-05-10,1.708,0.7813,1.33446,fed_h10_eur
2006-05-11,1.6765,0.7779,1.304149,fed_h10_eur
2006-05-12,1.6365,0.7759,1.26976,fed_h10_eur
2006-05-15,1.639,0.7797,1.277928,fed_h10_eur
2006-05-16,1.638,0.7802,1.277968,fed_h10_eur
2006-05-17,1.5805,0.786,1.242273,fed_h10_eur
2006-05-18,1.6305,0.7816,1.274399,fed_h10_eur
2006-05-19,1.697,0.7843,1.330957,fed_h10_eur
2006-05-22,1.7415,0.7782,1.355235,fed_h10_eur
2006-05-23,1.688,0.7786,1.314277,fed_h10_eur
2006-05-24,1.7595,0.7845,1.380328,fed_h10_eur
2006-05-25,1.7815,0.7827,1.39438,fed_h10_eur
2006-05-26,1.8035,0.785,1.415748,fed_h10_eur
2006-05-30,1.732,0.7771,1.345937,fed_h10_eur
2006-05-31,1.7305,0.7792,1.348406,fed_h10_eur
2006-06-01,1.7535,0.7798,1.367379,fed_h10_eur
2006-06-02,1.738,0.7745,1.346081,fed_h10_eur
2006-06-05,1.6745,0.772,1.292714,fed_h10_eur
2006-06-06,1.6705,0.7795,1.302155,fed_h10_eur
2006-06-07,1.6885,0.7813,1.319225,fed_h10_eur
2006-06-08,1.6775,0.7906,1.326232,fed_h10_eur
2006-06-09,1.689,0.7914,1.336675,fed_h10_eur
2006-06-12,1.68,0.7945,1.33476,fed_h10_eur
2006-06-13,1.6735,0.7953,1.330935,fed_h10_eur
2006-06-14,1.684,0.7917,1.333223,fed_h10_eur
2006-06-15,1.748,0.7926,1.385465,fed_h10_eur
2006-06-16,1.7545,0.7922,1.389915,fed_h10_eur
2006-06-19,1.7535,0.7951,1.394208,fed_h10_eur
2006-06-20,1.774,0.7957,1.411572,fed_h10_eur
2006-06-21,1.8325,0.7896,1.446942,fed_h10_eur
2006-06-22,1.8185,0.7948,1.445344,fed_h10_eur
2006-06-23,1.8275,0.7986,1.459441,fed_h10_eur
2006-06-26,1.8385,0.7966,1.464549,fed_h10_eur
2006-06-27,1.824,0.7943,1.448803,fed_h10_eur
2006-06-28,1.835,0.798,1.46433,fed_h10_eur
2006-06-29,1.926,0.7978,1.536563,fed_h10_eur
2006-06-30,1.934,0.7825,1.513355,fed_h10_eur
2006-07-03,1.9305,0.7817,1.509072,fed_h10_eur
2006-07-05,1.8555,0.7858,1.458052,fed_h10_eur
2006-07-06,1.84,0.7839,1.442376,fed_h10_eur
2006-07-07,1.8055,0.7799,1.408109,fed_h10_eur
2006-07-10,1.7895,0.7843,1.403505,fed_h10_eur
2006-07-11,1.783,0.7841,1.39805,fed_h10_eur
2006-07-12,1.7315,0.787,1.362691,fed_h10_eur
2006-07-13,1.6865,0.7891,1.330817,fed_h10_eur
2006-07-14,1.646,0.7911,1.302151,fed_h10_eur
2006-07-17,1.6835,0.7981,1.343601,fed_h10_eur
2006-07-18,1.6745,0.8,1.3396,fed_h10_eur
2006-07-19,1.724,0.7962,1.372649,fed_h10_eur
2006-07-20,1.709,0.7912,1.352161,fed_h10_eur
2006-07-21,1.6595,0.7884,1.30835,fed_h10_eur
2006-07-24,1.7155,0.7918,1.358333,fed_h10_eur
2006-07-25,1.6795,0.7952,1.335538,fed_h10_eur
2006-07-26,1.313,0.7919,1.039765,fed_h10_eur
2006-07-27,1.328,0.7854,1.043011,fed_h10_eur
2006-07-28,1.3585,0.7844,1.065607,fed_h10_eur
2006-07-31,1.3445,0.7835,1.053416,fed_h10_eur
2006-08-01,1.316,0.7826,1.029902,fed_h10_eur
2006-08-02,1.3045,0.7814,1.019336,fed_h10_eur
2006-08-03,1.3345,0.7825,1.044246,fed_h10_eur
2006-08-04,1.3645,0.7756,1.058306,fed_h10_eur
2006-08-07,1.339,0.7772,1.040671,fed_h10_eur
2006-08-08,1.318,0.7789,1.02659,fed_h10_eur
2006-08-09,1.3105,0.7759,1.016817,fed_h10_eur
2006-08-10,1.3245,0.7834,1.037613,fed_h10_eur
2006-08-11,1.3035,0.7839,1.021814,fed_h10_eur
2006-08-14,1.3265,0.7852,1.041568,fed_h10_eur
2006-08-15,1.3885,0.782,1.085807,fed_h10_eur
2006-08-16,1.3975,0.7774,1.086417,fed_h10_eur
2006-08-17,1.4545,0.777,1.130146,fed_h10_eur
2006-08-18,1.456,0.7806,1.136554,fed_h10_eur
2006-08-21,1.4065,0.7744,1.089194,fed_h10_eur
2006-08-22,1.4185,0.781,1.107848,fed_h10_eur
2006-08-23,1.407,0.7816,1.099711,fed_h10_eur
2006-08-24,1.3985,0.7837,1.096004,fed_h10_eur
2006-08-25,1.4015,0.7833,1.097795,fed_h10_eur
2006-08-28,1.4455,0.7822,1.13067,fed_h10_eur
2006-08-29,1.476,0.7832,1.156003,fed_h10_eur
2006-08-30,1.5335,0.7797,1.19567,fed_h10_eur
2006-08-31,1.5415,0.7817,1.204991,fed_h10_eur
2006-09-01,1.588,0.7792,1.23737,fed_h10_eur
2006-09-05,1.6115,0.7806,1.257937,fed_h10_eur
2006-09-06,1.54,0.782,1.20428,fed_h10_eur
2006-09-07,1.4865,0.7839,1.165267,fed_h10_eur
2006-09-08,1.5255,0.7891,1.203772,fed_h10_eur
2006-09-11,1.5395,0.7875,1.212356,fed_h10_eur
2006-09-12,1.586,0.7878,1.249451,fed_h10_eur
2006-09-13,1.5835,0.7869,1.246056,fed_h10_eur
2006-09-14,1.5825,0.7852,1.242579,fed_h10_eur
2006-09-15,1.626,0.7906,1.285516,fed_h10_eur
2006-09-18,1.604,0.7892,1.265877,fed_h10_eur
2006-09-19,1.579,0.7885,1.245041,fed_h10_eur
2006-09-20,1.606,0.7873,1.264404,fed_h10_eur
2006-09-21,1.511,0.7855,1.186891,fed_h10_eur
2006-09-22,1.542,0.7815,1.205073,fed_h10_eur
2006-09-25,1.5895,0.7845,1.246963,fed_h10_eur
2006-09-26,1.625,0.7882,1.280825,fed_h10_eur
2006-09-27,1.6165,0.7875,1.272994,fed_h10_eur
2006-09-28,1.592,0.7876,1.253859,fed_h10_eur
2006-09-29,1.606,0.7882,1.265849,fed_h10_eur
2006-10-02,1.5435,0.7847,1.211184,fed_h10_eur
2006-10-03,1.585,0.7857,1.245335,fed_h10_eur
2006-10-04,1.638,0.7882,1.291072,fed_h10_eur
2006-10-05,1.666,0.7882,1.313141,fed_h10_eur
2006-10-06,1.6295,0.7937,1.293334,fed_h10_eur
2006-10-09,1.669,0.7937,1.324685,fed_h10_eur
2006-10-10,1.631,0.7974,1.300559,fed_h10_eur
2006-10-11,1.6455,0.797,1.311463,fed_h10_eur
2006-10-12,1.6775,0.7976,1.337974,fed_h10_eur
2006-10-13,1.666,0.7999,1.332633,fed_h10_eur
2006-10-16,1.63,0.7988,1.302044,fed_h10_eur
2006-10-17,1.6235,0.7959,1.292144,fed_h10_eur
2006-10-18,1.6155,0.799,1.290784,fed_h10_eur
2006-10-19,1.627,0.794,1.291838,fed_h10_eur
2006-10-20,1.6285,0.7928,1.291075,fed_h10_eur
2006-10-23,1.644,0.7972,1.310597,fed_h10_eur
2006-10-24,1.6815,0.7959,1.338306,fed_h10_eur
2006-10-25,1.884,0.7942,1.496273,fed_h10_eur
2006-10-26,1.915,0.7893,1.511509,fed_h10_eur
2006-10-27,1.912,0.7859,1.502641,fed_h10_eur
2006-10-30,1.9075,0.7863,1.499867,fed_h10_eur
2006-10-31,1.9045,0.7829,1.491033,fed_h10_eur
2006-11-01,1.878,0.783,1.470474,fed_h10_eur
2006-11-02,1.8725,0.7825,1.465231,fed_h10_eur
2006-11-03,1.873,0.7871,1.474238,fed_h10_eur
2006-11-06,1.9105,0.7865,1.502608,fed_h10_eur
2006-11-07,1.9385,0.7809,1.513775,fed_h10_eur
2006-11-08,1.9735,0.7828,1.544856,fed_h10_eur
2006-11-09,1.942,0.7791,1.513012,fed_h10_eur
2006-11-10,1.963,0.7775,1.526233,fed_h10_eur
2006-11-13,1.9995,0.7806,1.56081,fed_h10_eur
2006-11-14,2.0755,0.7805,1.619928,fed_h10_eur
2006-11-15,2.13,0.7808,1.663104,fed_h10_eur
2006-11-16,2.142,0.7808,1.672474,fed_h10_eur
2006-11-17,2.1275,0.7798,1.659025,fed_h10_eur
2006-11-20,2.122,0.7806,1.656433,fed_h10_eur
2006-11-21,2.127,0.7798,1.658635,fed_h10_eur
2006-11-22,2.148,0.7735,1.661478,fed_h10_eur
2006-11-24,2.1205,0.7645,1.621122,fed_h10_eur
2006-11-27,2.0425,0.7622,1.556794,fed_h10_eur
2006-11-28,2.046,0.7598,1.554551,fed_h10_eur
2006-11-29,2.0315,0.7607,1.545362,fed_h10_eur
2006-11-30,2.017,0.7541,1.52102,fed_h10_eur
2006-12-01,1.9705,0.751,1.479845,fed_h10_eur
2006-12-04,1.955,0.7504,1.467032,fed_h10_eur
2006-12-05,1.949,0.7504,1.46253,fed_h10_eur
2006-12-06,1.945,0.7515,1.461668,fed_h10_eur
2006-12-07,1.906,0.7521,1.433503,fed_h10_eur
2006-12-08,1.923,0.7567,1.455134,fed_h10_eur
2006-12-11,1.9345,0.7563,1.463062,fed_h10_eur
2006-12-12,1.923,0.7557,1.453211,fed_h10_eur
2006-12-13,1.925,0.7567,1.456647,fed_h10_eur
2006-12-14,1.951,0.7591,1.481004,fed_h10_eur
2006-12-15,2.0005,0.7637,1.527782,fed_h10_eur
2006-12-18,1.963,0.7649,1.501499,fed_h10_eur
2006-12-19,1.971,0.7579,1.493821,fed_h10_eur
2006-12-20,2.0005,0.7586,1.517579,fed_h10_eur
2006-12-21,1.9945,0.759,1.513826,fed_h10_eur
2006-12-22,2.012,0.7616,1.532339,fed_h10_eur
2006-12-26,1.99,0.7615,1.515385,fed_h10_eur
2006-12-27,2.0145,0.7619,1.534847,fed_h10_eur
2006-12-28,2.0105,0.76,1.52798,fed_h10_eur
2006-12-29,1.973,0.7577,1.494942,fed_h10_eur
2007-01-03,1.935,0.7594,1.469439,fed_h10_eur
2007-01-04,1.945,0.7637,1.485397,fed_h10_eur
2007-01-05,1.9185,0.7689,1.475135,fed_h10_eur
2007-01-08,1.875,0.7679,1.439812,fed_h10_eur
2007-01-09,1.889,0.7695,1.453586,fed_h10_eur
2007-01-10,1.8575,0.7728,1.435476,fed_h10_eur
2007-01-11,1.87,0.775,1.44925,fed_h10_eur
2007-01-12,1.91,0.7736,1.477576,fed_h10_eur
2007-01-16,1.933,0.7741,1.496335,fed_h10_eur
2007-01-17,1.894,0.7723,1.462736,fed_h10_eur
2007-01-18,1.849,0.7727,1.428722,fed_h10_eur
2007-01-19,1.851,0.7711,1.427306,fed_h10_eur
2007-01-22,1.8475,0.7718,1.4259,fed_h10_eur
2007-01-23,1.8215,0.7678,1.398548,fed_h10_eur
2007-01-24,1.863,0.7714,1.437118,fed_h10_eur
2007-01-25,1.854,0.7704,1.428322,fed_h10_eur
2007-01-26,1.8425,0.7747,1.427385,fed_h10_eur
2007-01-29,1.8715,0.7723,1.445359,fed_h10_eur
2007-01-30,1.8525,0.772,1.43013,fed_h10_eur
2007-01-31,1.8835,0.7693,1.448977,fed_h10_eur
2007-02-01,1.935,0.768,1.48608,fed_h10_eur
2007-02-02,1.8695,0.7716,1.442506,fed_h10_eur
2007-02-05,1.858,0.7732,1.436606,fed_h10_eur
2007-02-06,1.9135,0.7711,1.4755,fed_h10_eur
2007-02-07,1.949,0.768,1.496832,fed_h10_eur
2007-02-08,1.955,0.7672,1.499876,fed_h10_eur
2007-02-09,1.936,0.7689,1.48859,fed_h10_eur
2007-02-12,1.9425,0.7715,1.498639,fed_h10_eur
2007-02-13,1.9655,0.7678,1.509111,fed_h10_eur
2007-02-14,2.007,0.7618,1.528933,fed_h10_eur
2007-02-15,2.003,0.761,1.524283,fed_h10_eur
2007-02-16,2.0165,0.7612,1.53496,fed_h10_eur
2007-02-20,2.0755,0.7614,1.580286,fed_h10_eur
2007-02-21,2.063,0.7618,1.571593,fed_h10_eur
2007-02-22,2.05,0.7614,1.56087,fed_h10_eur
2007-02-23,2.039,0.7596,1.548824,fed_h10_eur
2007-02-26,2.044,0.7599,1.553236,fed_h10_eur
2007-02-27,1.9415,0.7549,1.465638,fed_h10_eur
2007-02-28,1.957,0.7559,1.479296,fed_h10_eur
2007-03-01,1.9425,0.7591,1.474552,fed_h10_eur
2007-03-02,1.8845,0.7586,1.429582,fed_h10_eur
2007-03-05,1.8525,0.7637,1.414754,fed_h10_eur
2007-03-06,1.929,0.7629,1.471634,fed_h10_eur
2007-03-07,1.918,0.7606,1.458831,fed_h10_eur
2007-03-08,1.905,0.7617,1.451038,fed_h10_eur
2007-03-09,1.942,0.7623,1.480387,fed_h10_eur
2007-03-12,1.9405,0.7584,1.471675,fed_h10_eur
2007-03-13,1.891,0.7576,1.432622,fed_h10_eur
2007-03-14,1.904,0.756,1.439424,fed_h10_eur
2007-03-15,1.889,0.7548,1.425817,fed_h10_eur
2007-03-16,1.8925,0.7515,1.422214,fed_h10_eur
2007-03-19,1.9225,0.7519,1.445528,fed_h10_eur
2007-03-20,1.929,0.7524,1.45138,fed_h10_eur
2007-03-21,1.99,0.7516,1.495684,fed_h10_eur
2007-03-22,1.9745,0.7486,1.478111,fed_h10_eur
2007-03-23,1.949,0.7518,1.465258,fed_h10_eur
2007-03-26,1.9505,0.7499,1.46268,fed_h10_eur
2007-03-27,1.9685,0.7487,1.473816,fed_h10_eur
2007-03-28,1.967,0.7501,1.475447,fed_h10_eur
2007-03-29,1.9905,0.7499,1.492676,fed_h10_eur
2007-03-30,1.9895,0.7477,1.487549,fed_h10_eur
2007-04-02,2.021,0.7477,1.511102,fed_h10_eur
2007-04-03,2.0595,0.7483,1.541124,fed_h10_eur
2007-04-04,2.0765,0.7483,1.553845,fed_h10_eur
2007-04-05,2.084,0.7448,1.552163,fed_h10_eur
2007-04-09,2.083,0.7481,1.558292,fed_h10_eur
2007-04-10,2.093,0.7443,1.55782,fed_h10_eur
2007-04-11,2.084,0.7443,1.551121,fed_h10_eur
2007-04-12,2.1135,0.7416,1.567372,fed_h10_eur
2007-04-13,2.1205,0.7398,1.568746,fed_h10_eur
2007-04-16,2.26,0.738,1.66788,fed_h10_eur
2007-04-17,2.2535,0.737,1.660829,fed_h10_eur
2007-04-18,2.2495,0.7367,1.657207,fed_h10_eur
2007-04-19,2.232,0.735,1.64052,fed_h10_eur
2007-04-20,2.2475,0.7352,1.652362,fed_h10_eur
2007-04-23,2.2385,0.7364,1.648431,fed_h10_eur
2007-04-24,2.2375,0.7341,1.642549,fed_h10_eur
2007-04-25,2.8405,0.7328,2.081518,fed_h10_eur
2007-04-26,3.139,0.7358,2.309676,fed_h10_eur
2007-04-27,3.13,0.7339,2.297107,fed_h10_eur
2007-04-30,3.0665,0.7321,2.244985,fed_h10_eur
2007-05-01,3.102,0.7353,2.280901,fed_h10_eur
2007-05-02,3.059,0.7354,2.249589,fed_h10_eur
2007-05-03,3.1095,0.7371,2.292012,fed_h10_eur
2007-05-04,3.1615,0.736,2.326864,fed_h10_eur
2007-05-07,3.041,0.7344,2.23331,fed_h10_eur
2007-05-08,3.0915,0.739,2.284619,fed_h10_eur
2007-05-09,3.1425,0.7381,2.319479,fed_h10_eur
2007-05-10,3.046,0.7401,2.254345,fed_h10_eur
2007-05-11,3.078,0.7397,2.276797,fed_h10_eur
2007-05-14,3.085,0.7383,2.277656,fed_h10_eur
2007-05-15,3.029,0.7351,2.226618,fed_h10_eur
2007-05-16,3.161,0.7395,2.33756,fed_h10_eur
2007-05-17,3.1085,0.7411,2.303709,fed_h10_eur
2007-05-18,3.165,0.7401,2.342416,fed_h10_eur
2007-05-21,3.415,0.7431,2.537686,fed_h10_eur
2007-05-22,3.444,0.7427,2.557859,fed_h10_eur
2007-05-23,3.45,0.7417,2.558865,fed_h10_eur
2007-05-24,3.4675,0.7447,2.582247,fed_h10_eur
2007-05-25,3.4275,0.7434,2.548004,fed_h10_eur
2007-05-29,3.4815,0.7417,2.582228,fed_h10_eur
2007-05-30,3.493,0.7452,2.602984,fed_h10_eur
2007-05-31,3.457,0.7433,2.569588,fed_h10_eur
2007-06-01,3.429,0.744,2.551176,fed_h10_eur
2007-06-04,3.521,0.7414,2.610469,fed_h10_eur
2007-06-05,3.6825,0.7393,2.722472,fed_h10_eur
2007-06-06,3.6145,0.7412,2.679067,fed_h10_eur
2007-06-07,3.602,0.7432,2.677006,fed_h10_eur
2007-06-08,3.662,0.7486,2.741373,fed_h10_eur
2007-06-11,3.5585,0.7486,2.663893,fed_h10_eur
2007-06-12,3.5035,0.7505,2.629377,fed_h10_eur
2007-06-13,3.5445,0.7522,2.666173,fed_h10_eur
2007-06-14,3.597,0.7513,2.702426,fed_h10_eur
2007-06-15,3.62,0.7482,2.708484,fed_h10_eur
2007-06-18,3.5915,0.7462,2.679977,fed_h10_eur
2007-06-19,3.4905,0.7454,2.601819,fed_h10_eur
2007-06-20,3.455,0.7448,2.573284,fed_h10_eur
2007-06-21,3.4835,0.7463,2.599736,fed_h10_eur
2007-06-22,3.443,0.7442,2.562281,fed_h10_eur
2007-06-25,3.433,0.7435,2.552436,fed_h10_eur
2007-06-26,3.374,0.7425,2.505195,fed_h10_eur
2007-06-27,3.407,0.7444,2.536171,fed_h10_eur
2007-06-28,3.4445,0.7426,2.557886,fed_h10_eur
2007-06-29,3.4205,0.7396,2.529802,fed_h10_eur
2007-07-02,3.4805,0.7338,2.553991,fed_h10_eur
2007-07-03,3.4725,0.7345,2.550551,fed_h10_eur
2007-07-05,3.4365,0.7357,2.528233,fed_h10_eur
2007-07-06,3.4485,0.7339,2.530854,fed_h10_eur
2007-07-09,3.6035,0.7341,2.645329,fed_h10_eur
2007-07-10,3.514,0.7292,2.562409,fed_h10_eur
2007-07-11,3.5365,0.7269,2.570682,fed_h10_eur
2007-07-12,3.6395,0.7259,2.641913,fed_h10_eur
2007-07-13,3.755,0.7253,2.723502,fed_h10_eur
2007-07-16,3.6845,0.7254,2.672736,fed_h10_eur
2007-07-17,3.6895,0.7256,2.677101,fed_h10_eur
2007-07-18,3.666,0.7242,2.654917,fed_h10_eur
2007-07-19,3.6675,0.7241,2.655637,fed_h10_eur
2007-07-20,3.5815,0.723,2.589425,fed_h10_eur
2007-07-23,3.587,0.7237,2.595912,fed_h10_eur
2007-07-24,3.4625,0.7234,2.504773,fed_h10_eur
2007-07-25,4.309,0.7293,3.142554,fed_h10_eur
2007-07-26,4.2005,0.7283,3.059224,fed_h10_eur
2007-07-27,4.202,0.7328,3.079226,fed_h10_eur
2007-07-30,4.135,0.7309,3.022272,fed_h10_eur
2007-07-31,3.927,0.7293,2.863961,fed_h10_eur
2007-08-01,3.8655,0.7309,2.825294,fed_h10_eur
2007-08-02,3.9855,0.7303,2.910611,fed_h10_eur
2007-08-03,3.84,0.7254,2.785536,fed_h10_eur
2007-08-06,3.95,0.7252,2.86454,fed_h10_eur
2007-08-07,3.957,0.7274,2.878322,fed_h10_eur
2007-08-08,3.889,0.7242,2.816414,fed_h10_eur
2007-08-09,3.7055,0.7299,2.704644,fed_h10_eur
2007-08-10,3.739,0.7307,2.732087,fed_h10_eur
2007-08-13,3.7435,0.734,2.747729,fed_h10_eur
2007-08-14,3.6725,0.7363,2.704062,fed_h10_eur
2007-08-15,3.619,0.7419,2.684936,fed_h10_eur
2007-08-16,3.6395,0.7462,2.715795,fed_h10_eur
2007-08-17,3.751,0.7412,2.780241,fed_h10_eur
2007-08-20,3.735,0.7425,2.773237,fed_h10_eur
2007-08-21,3.8745,0.7417,2.873717,fed_h10_eur
2007-08-22,3.925,0.7388,2.89979,fed_h10_eur
2007-08-23,3.865,0.7375,2.850438,fed_h10_eur
2007-08-24,3.9625,0.7329,2.904116,fed_h10_eur
2007-08-27,3.9325,0.7329,2.882129,fed_h10_eur
2007-08-28,3.811,0.7339,2.796893,fed_h10_eur
2007-08-29,3.9525,0.7313,2.890463,fed_h10_eur
2007-08-30,3.934,0.7327,2.882442,fed_h10_eur
2007-08-31,3.9955,0.7331,2.929101,fed_h10_eur
2007-09-04,4.135,0.735,3.039225,fed_h10_eur
2007-09-05,4.1875,0.7316,3.063575,fed_h10_eur
2007-09-06,4.3105,0.7301,3.147096,fed_h10_eur
2007-09-07,4.226,0.7261,3.068498,fed_h10_eur
2007-09-10,4.167,0.725,3.021075,fed_h10_eur
2007-09-11,4.314,0.7227,3.117728,fed_h10_eur
2007-09-12,4.365,0.7192,3.139308,fed_h10_eur
2007-09-13,4.363,0.7202,3.142233,fed_h10_eur
2007-09-14,4.3885,0.7221,3.168936,fed_h10_eur
2007-09-17,4.3455,0.7215,3.135278,fed_h10_eur
2007-09-18,4.4375,0.721,3.199438,fed_h10_eur
2007-09-19,4.45,0.7168,3.18976,fed_h10_eur
2007-09-20,4.4825,0.7096,3.180782,fed_h10_eur
2007-09-21,4.565,0.7104,3.242976,fed_h10_eur
2007-09-24,4.6295,0.7099,3.286482,fed_h10_eur
2007-09-25,4.674,0.7078,3.308257,fed_h10_eur
2007-09-26,4.6715,0.7079,3.306955,fed_h10_eur
2007-09-27,4.669,0.7073,3.302384,fed_h10_eur
2007-09-28,4.6575,0.7033,3.27562,fed_h10_eur
2007-10-01,4.6705,0.7028,3.282427,fed_h10_eur
2007-10-02,4.618,0.7061,3.26077,fed_h10_eur
2007-10-03,4.623,0.7075,3.270773,fed_h10_eur
2007-10-04,4.613,0.7078,3.265081,fed_h10_eur
2007-10-05,4.6715,0.7065,3.300415,fed_h10_eur
2007-10-08,4.7925,0.7065,3.385901,fed_h10_eur
2007-10-09,4.766,0.7096,3.381953,fed_h10_eur
2007-10-10,4.733,0.7064,3.343391,fed_h10_eur
2007-10-11,4.467,0.7028,3.139408,fed_h10_eur
2007-10-12,4.6185,0.7058,3.259737,fed_h10_eur
2007-10-15,4.5265,0.7034,3.18394,fed_h10_eur
2007-10-16,4.4765,0.706,3.160409,fed_h10_eur
2007-10-17,4.5275,0.7038,3.186455,fed_h10_eur
2007-10-18,4.4925,0.6997,3.143402,fed_h10_eur
2007-10-19,4.488,0.7011,3.146537,fed_h10_eur
2007-10-22,4.5645,0.7073,3.228471,fed_h10_eur
2007-10-23,5.041,0.7019,3.538278,fed_h10_eur
2007-10-24,4.4365,0.7024,3.116198,fed_h10_eur
2007-10-25,4.4105,0.6993,3.084263,fed_h10_eur
2007-10-26,4.5,0.6949,3.12705,fed_h10_eur
2007-10-29,4.505,0.6942,3.127371,fed_h10_eur
2007-10-30,4.412,0.6933,3.05884,fed_h10_eur
2007-10-31,4.4575,0.6912,3.081024,fed_h10_eur
2007-11-01,4.3825,0.6928,3.036196,fed_h10_eur
2007-11-02,4.299,0.6906,2.968889,fed_h10_eur
2007-11-05,4.2185,0.6911,2.915405,fed_h10_eur
2007-11-06,4.3635,0.687,2.997725,fed_h10_eur
2007-11-07,4.352,0.6818,2.967194,fed_h10_eur
2007-11-08,4.179,0.6807,2.844645,fed_h10_eur
2007-11-09,3.9445,0.6819,2.689755,fed_h10_eur
2007-11-12,3.85,0.6819,2.625315,fed_h10_eur
2007-11-13,3.993,0.685,2.735205,fed_h10_eur
2007-11-14,3.9255,0.6817,2.676013,fed_h10_eur
2007-11-15,3.8925,0.6831,2.658967,fed_h10_eur
2007-11-16,3.93,0.6825,2.682225,fed_h10_eur
2007-11-19,3.959,0.6822,2.70083,fed_h10_eur
2007-11-20,4.0195,0.6763,2.718388,fed_h10_eur
2007-11-21,3.988,0.6744,2.689507,fed_h10_eur
2007-11-23,4.0715,0.6745,2.746227,fed_h10_eur
2007-11-26,4.065,0.6729,2.735339,fed_h10_eur
2007-11-27,4.2795,0.6749,2.888235,fed_h10_eur
2007-11-28,4.515,0.678,3.06117,fed_h10_eur
2007-11-29,4.4575,0.6772,3.018619,fed_h10_eur
2007-11-30,4.528,0.6808,3.082662,fed_h10_eur
2007-12-03,4.5455,0.6823,3.101395,fed_h10_eur
2007-12-04,4.7205,0.6776,3.198611,fed_h10_eur
2007-12-05,4.6595,0.6818,3.176847,fed_h10_eur
2007-12-06,4.7105,0.6832,3.218213,fed_h10_eur
2007-12-07,4.7155,0.6819,3.215499,fed_h10_eur
2007-12-10,4.651,0.6796,3.16082,fed_h10_eur
2007-12-11,4.5375,0.6802,3.086407,fed_h10_eur
2007-12-12,4.564,0.6802,3.104433,fed_h10_eur
2007-12-13,4.62,0.6854,3.166548,fed_h10_eur
2007-12-14,4.454,0.6929,3.086177,fed_h10_eur
2007-12-17,4.2545,0.6959,2.960706,fed_h10_eur
2007-12-18,4.3445,0.6948,3.018559,fed_h10_eur
2007-12-19,4.469,0.6972,3.115787,fed_h10_eur
2007-12-20,4.529,0.6967,3.155354,fed_h10_eur
2007-12-21,4.563,0.6963,3.177217,fed_h10_eur
2007-12-24,4.5505,0.694,3.158047,fed_h10_eur
2007-12-26,4.6425,0.6897,3.201932,fed_h10_eur
2007-12-27,4.7125,0.6849,3.227591,fed_h10_eur
2007-12-28,4.7225,0.6794,3.208466,fed_h10_eur
2007-12-31,4.632,0.6848,3.171994,fed_h10_eur
2008-01-02,4.8125,0.6785,3.265281,fed_h10_eur
2008-01-03,4.7605,0.6786,3.230475,fed_h10_eur
2008-01-04,4.4395,0.6763,3.002434,fed_h10_eur
2008-01-07,4.441,0.681,3.024321,fed_h10_eur
2008-01-08,4.394,0.6795,2.985723,fed_h10_eur
2008-01-09,4.261,0.682,2.906002,fed_h10_eur
2008-01-10,4.213,0.6784,2.858099,fed_h10_eur
2008-01-11,4.054,0.6763,2.74172,fed_h10_eur
2008-01-14,4.1435,0.6722,2.785261,fed_h10_eur
2008-01-15,4.012,0.6738,2.703286,fed_h10_eur
2008-01-16,4.0175,0.6829,2.743551,fed_h10_eur
2008-01-17,4.006,0.6807,2.726884,fed_h10_eur
2008-01-18,3.988,0.6842,2.72859,fed_h10_eur
2008-01-22,3.924,0.6845,2.685978,fed_h10_eur
2008-01-23,3.6985,0.6862,2.537911,fed_h10_eur
2008-01-24,3.8835,0.6786,2.635343,fed_h10_eur
2008-01-25,3.88,0.6815,2.64422,fed_h10_eur
2008-01-28,3.791,0.6762,2.563474,fed_h10_eur
2008-01-29,3.6975,0.6772,2.503947,fed_h10_eur
2008-01-30,3.7105,0.6765,2.510153,fed_h10_eur
2008-01-31,3.885,0.6738,2.617713,fed_h10_eur
2008-02-01,3.7315,0.6734,2.512792,fed_h10_eur
2008-02-04,3.6975,0.6742,2.492854,fed_h10_eur
2008-02-05,3.6045,0.6832,2.462594,fed_h10_eur
2008-02-06,3.4245,0.6827,2.337906,fed_h10_eur
2008-02-07,3.5455,0.6899,2.44604,fed_h10_eur
2008-02-08,3.675,0.6894,2.533545,fed_h10_eur
2008-02-11,3.7595,0.6894,2.591799,fed_h10_eur
2008-02-12,3.7225,0.6853,2.551029,fed_h10_eur
2008-02-13,3.8865,0.6864,2.667694,fed_h10_eur
2008-02-14,3.79,0.6833,2.589707,fed_h10_eur
2008-02-15,3.648,0.6815,2.486112,fed_h10_eur
2008-02-19,3.604,0.6783,2.444593,fed_h10_eur
2008-02-20,3.682,0.682,2.511124,fed_h10_eur
2008-02-21,3.495,0.6751,2.359474,fed_h10_eur
2008-02-22,3.604,0.6745,2.430898,fed_h10_eur
2008-02-25,3.6635,0.6747,2.471763,fed_h10_eur
2008-02-26,3.5845,0.6716,2.40735,fed_h10_eur
2008-02-27,3.5435,0.6609,2.341899,fed_h10_eur
2008-02-28,3.3925,0.6591,2.235997,fed_h10_eur
2008-02-29,3.2235,0.6585,2.122675,fed_h10_eur
2008-03-03,3.1215,0.6581,2.054259,fed_h10_eur
2008-03-04,3.267,0.6575,2.148052,fed_h10_eur
2008-03-05,3.2495,0.6544,2.126473,fed_h10_eur
2008-03-06,3.137,0.6512,2.042814,fed_h10_eur
2008-03-07,3.2045,0.6522,2.089975,fed_h10_eur
2008-03-10,3.1735,0.6507,2.064996,fed_h10_eur
2008-03-11,3.3575,0.6524,2.190433,fed_h10_eur
2008-03-12,3.3255,0.6454,2.146278,fed_h10_eur
2008-03-13,3.416,0.6417,2.192047,fed_h10_eur
2008-03-14,3.411,0.6409,2.18611,fed_h10_eur
2008-03-17,3.3265,0.6343,2.109999,fed_h10_eur
2008-03-18,3.585,0.6336,2.271456,fed_h10_eur
2008-03-19,3.5085,0.6393,2.242984,fed_h10_eur
2008-03-20,3.6595,0.6486,2.373552,fed_h10_eur
2008-03-24,3.7975,0.6496,2.466856,fed_h10_eur
2008-03-25,3.7585,0.6412,2.40995,fed_h10_eur
2008-03-26,3.69,0.6345,2.341305,fed_h10_eur
2008-03-27,3.54,0.633,2.24082,fed_h10_eur
2008-03-28,3.488,0.6346,2.213485,fed_h10_eur
2008-03-31,3.565,0.6327,2.255576,fed_h10_eur
2008-04-01,3.835,0.6404,2.455934,fed_h10_eur
2008-04-02,3.8685,0.6403,2.477001,fed_h10_eur
2008-04-03,3.747,0.6383,2.39171,fed_h10_eur
2008-04-04,3.8435,0.6355,2.442544,fed_h10_eur
2008-04-07,3.845,0.6364,2.446958,fed_h10_eur
2008-04-08,3.865,0.6367,2.460846,fed_h10_eur
2008-04-09,3.7195,0.6328,2.3537,fed_h10_eur
2008-04-10,3.7415,0.6352,2.376601,fed_h10_eur
2008-04-11,3.5995,0.6331,2.278843,fed_h10_eur
2008-04-14,3.6305,0.6318,2.29375,fed_h10_eur
2008-04-15,3.625,0.6329,2.294262,fed_h10_eur
2008-04-16,3.7295,0.6259,2.334294,fed_h10_eur
2008-04-17,3.702,0.628,2.324856,fed_h10_eur
2008-04-18,4.005,0.6352,2.543976,fed_h10_eur
2008-04-21,4.009,0.6297,2.524467,fed_h10_eur
2008-04-22,3.98,0.6246,2.485908,fed_h10_eur
2008-04-23,4.05,0.629,2.54745,fed_h10_eur
2008-04-24,3.8845,0.6382,2.479088,fed_h10_eur
2008-04-25,4.043,0.6396,2.585903,fed_h10_eur
2008-04-28,4.0985,0.6391,2.619351,fed_h10_eur
2008-04-29,4.037,0.6409,2.587313,fed_h10_eur
2008-04-30,3.9315,0.6423,2.525202,fed_h10_eur
2008-05-01,3.968,0.6469,2.566899,fed_h10_eur
2008-05-02,3.8655,0.648,2.504844,fed_h10_eur
2008-05-05,3.796,0.6455,2.450318,fed_h10_eur
2008-05-06,3.7855,0.6432,2.434834,fed_h10_eur
2008-05-07,3.659,0.6506,2.380545,fed_h10_eur
2008-05-08,3.6395,0.649,2.362035,fed_h10_eur
2008-05-09,3.6205,0.6474,2.343912,fed_h10_eur
2008-05-12,3.7265,0.6437,2.398748,fed_h10_eur
2008-05-13,3.728,0.6448,2.403814,fed_h10_eur
2008-05-14,3.71,0.6465,2.398515,fed_h10_eur
2008-05-15,3.806,0.6455,2.456773,fed_h10_eur
2008-05-16,3.823,0.6414,2.452072,fed_h10_eur
2008-05-19,4.1145,0.6445,2.651795,fed_h10_eur
2008-05-20,4.036,0.6383,2.576179,fed_h10_eur
2008-05-21,3.915,0.634,2.48211,fed_h10_eur
2008-05-22,3.963,0.6368,2.523638,fed_h10_eur
2008-05-23,3.9175,0.6336,2.482128,fed_h10_eur
2008-05-27,4.031,0.6357,2.562507,fed_h10_eur
2008-05-28,4.004,0.6399,2.56216,fed_h10_eur
2008-05-29,4.0175,0.644,2.58727,fed_h10_eur
2008-05-30,4.081,0.6427,2.622859,fed_h10_eur
2008-06-02,4.0115,0.6431,2.579796,fed_h10_eur
2008-06-03,4.0055,0.6471,2.591959,fed_h10_eur
2008-06-04,4.075,0.6471,2.636932,fed_h10_eur
2008-06-05,4.2255,0.6427,2.715729,fed_h10_eur
2008-06-06,4.0315,0.6357,2.562824,fed_h10_eur
2008-06-09,3.9715,0.6362,2.526668,fed_h10_eur
2008-06-10,3.981,0.6463,2.57292,fed_h10_eur
2008-06-11,3.864,0.6426,2.483006,fed_h10_eur
2008-06-12,3.8075,0.6486,2.469544,fed_h10_eur
2008-06-13,3.9585,0.6507,2.575796,fed_h10_eur
2008-06-16,4.085,0.6463,2.640136,fed_h10_eur
2008-06-17,4.1485,0.6444,2.673293,fed_h10_eur
2008-06-18,4.126,0.6451,2.661683,fed_h10_eur
2008-06-19,4.213,0.6451,2.717806,fed_h10_eur
2008-06-20,4.055,0.64,2.5952,fed_h10_eur
2008-06-23,4.034,0.6455,2.603947,fed_h10_eur
2008-06-24,3.982,0.6414,2.554055,fed_h10_eur
2008-06-25,4.0255,0.6423,2.585579,fed_h10_eur
2008-06-26,3.815,0.6354,2.424051,fed_h10_eur
2008-06-27,3.733,0.635,2.370455,fed_h10_eur
2008-06-30,3.6665,0.635,2.328228,fed_h10_eur
2008-07-01,3.681,0.6338,2.333018,fed_h10_eur
2008-07-02,3.572,0.6302,2.251074,fed_h10_eur
2008-07-03,3.6,0.6366,2.29176,fed_h10_eur
2008-07-07,3.6245,0.6391,2.316418,fed_h10_eur
2008-07-08,3.752,0.6389,2.397153,fed_h10_eur
2008-07-09,3.5305,0.6352,2.242574,fed_h10_eur
2008-07-10,3.5315,0.6341,2.239324,fed_h10_eur
2008-07-11,3.427,0.629,2.155583,fed_h10_eur
2008-07-14,3.314,0.6284,2.082518,fed_h10_eur
2008-07-15,3.3515,0.628,2.104742,fed_h10_eur
2008-07-16,3.592,0.631,2.266552,fed_h10_eur
2008-07-17,3.6055,0.6305,2.273268,fed_h10_eur
2008-07-18,3.456,0.6307,2.179699,fed_h10_eur
2008-07-21,3.424,0.6298,2.156435,fed_h10_eur
2008-07-22,3.3985,0.6325,2.149551,fed_h10_eur
2008-07-23,3.527,0.6366,2.245288,fed_h10_eur
2008-07-24,3.936,0.6387,2.513923,fed_h10_eur
2008-07-25,3.9155,0.6375,2.496131,fed_h10_eur
2008-07-28,3.799,0.635,2.412365,fed_h10_eur
2008-07-29,3.9105,0.6415,2.508586,fed_h10_eur
2008-07-30,3.9105,0.6427,2.513278,fed_h10_eur
2008-07-31,3.817,0.6415,2.448605,fed_h10_eur
2008-08-01,3.7875,0.6424,2.43309,fed_h10_eur
2008-08-04,3.7855,0.6423,2.431427,fed_h10_eur
2008-08-05,3.9555,0.6465,2.557231,fed_h10_eur
2008-08-06,3.9045,0.649,2.534021,fed_h10_eur
2008-08-07,3.8475,0.6518,2.507801,fed_h10_eur
2008-08-08,4.0255,0.6646,2.675347,fed_h10_eur
2008-08-11,4.4045,0.6685,2.944408,fed_h10_eur
2008-08-12,4.3625,0.6709,2.926801,fed_h10_eur
2008-08-13,4.3345,0.6714,2.910183,fed_h10_eur
2008-08-14,4.4015,0.6731,2.96265,fed_h10_eur
2008-08-15,4.32,0.6805,2.93976,fed_h10_eur
2008-08-18,4.1555,0.6789,2.821169,fed_h10_eur
2008-08-19,4.0645,0.6782,2.756544,fed_h10_eur
2008-08-20,4.1065,0.6802,2.793241,fed_h10_eur
2008-08-21,4.163,0.6723,2.798785,fed_h10_eur
2008-08-22,4.263,0.6757,2.880509,fed_h10_eur
2008-08-25,4.1425,0.6755,2.798259,fed_h10_eur
2008-08-26,4.088,0.6821,2.788425,fed_h10_eur
2008-08-27,4.0865,0.681,2.782907,fed_h10_eur
2008-08-28,4.171,0.681,2.840451,fed_h10_eur
2008-08-29,4.0405,0.6817,2.754409,fed_h10_eur
2008-09-02,4.0705,0.6886,2.802946,fed_h10_eur
2008-09-03,4.0385,0.6902,2.787373,fed_h10_eur
2008-09-04,3.9015,0.6964,2.717005,fed_h10_eur
2008-09-05,3.9595,0.7006,2.774026,fed_h10_eur
2008-09-08,4.058,0.7079,2.872658,fed_h10_eur
2008-09-09,3.952,0.7056,2.788531,fed_h10_eur
2008-09-10,3.837,0.7133,2.736932,fed_h10_eur
2008-09-11,3.9755,0.7174,2.852024,fed_h10_eur
2008-09-12,3.915,0.7056,2.762424,fed_h10_eur
2008-09-15,3.867,0.7055,2.728169,fed_h10_eur
2008-09-16,3.9365,0.7065,2.781137,fed_h10_eur
2008-09-17,3.577,0.7035,2.516419,fed_h10_eur
2008-09-18,3.825,0.6953,2.659523,fed_h10_eur
2008-09-19,4.05,0.6952,2.81556,fed_h10_eur
2008-09-22,3.7465,0.6804,2.549119,fed_h10_eur
2008-09-23,3.588,0.6786,2.434817,fed_h10_eur
2008-09-24,3.498,0.6824,2.387035,fed_h10_eur
2008-09-25,3.604,0.6829,2.461172,fed_h10_eur
2008-09-26,3.535,0.6851,2.421829,fed_h10_eur
2008-09-29,3.1675,0.6954,2.20268,fed_h10_eur
2008-09-30,3.638,0.7102,2.583708,fed_h10_eur
2008-10-01,3.479,0.7113,2.474613,fed_h10_eur
2008-10-02,3.368,0.7218,2.431022,fed_h10_eur
2008-10-03,3.35,0.7238,2.42473,fed_h10_eur
2008-10-06,3.2615,0.7403,2.414488,fed_h10_eur
2008-10-07,2.926,0.7327,2.14388,fed_h10_eur
2008-10-08,3.051,0.731,2.230281,fed_h10_eur
2008-10-09,2.8,0.7328,2.05184,fed_h10_eur
2008-10-10,2.8125,0.7423,2.087719,fed_h10_eur
2008-10-13,3.101,0.7423,2.301872,fed_h10_eur
2008-10-14,2.793,0.7322,2.045035,fed_h10_eur
2008-10-15,2.436,0.7371,1.795576,fed_h10_eur
2008-10-16,2.5145,0.7454,1.874308,fed_h10_eur
2008-10-17,2.5325,0.7428,1.881141,fed_h10_eur
2008-10-20,2.6485,0.7511,1.989288,fed_h10_eur
2008-10-21,2.5115,0.7632,1.916777,fed_h10_eur
2008-10-22,2.4995,0.7791,1.94736,fed_h10_eur
2008-10-23,2.516,0.7765,1.953674,fed_h10_eur
2008-10-24,2.448,0.7912,1.936858,fed_h10_eur
2008-10-27,2.479,0.8035,1.991877,fed_h10_eur
2008-10-28,2.802,0.8015,2.245803,fed_h10_eur
2008-10-29,2.8445,0.7781,2.213306,fed_h10_eur
2008-10-30,2.8355,0.7782,2.206586,fed_h10_eur
2008-10-31,2.862,0.7885,2.256687,fed_h10_eur
2008-11-03,2.7885,0.7862,2.192319,fed_h10_eur
2008-11-04,2.9225,0.768,2.24448,fed_h10_eur
2008-11-05,2.599,0.7669,1.993173,fed_h10_eur
2008-11-06,2.361,0.7839,1.850788,fed_h10_eur
2008-11-07,2.4605,0.7827,1.925833,fed_h10_eur
2008-11-10,2.423,0.7837,1.898905,fed_h10_eur
2008-11-11,2.315,0.7837,1.814266,fed_h10_eur
2008-11-12,2.078,0.7963,1.654711,fed_h10_eur
2008-11-13,2.2465,0.7983,1.793381,fed_h10_eur
2008-11-14,2.0875,0.7855,1.639731,fed_h10_eur
2008-11-17,1.9845,0.7858,1.55942,fed_h10_eur
2008-11-18,1.922,0.788,1.514536,fed_h10_eur
2008-11-19,1.792,0.794,1.422848,fed_h10_eur
2008-11-20,1.7515,0.7984,1.398398,fed_h10_eur
2008-11-21,1.8935,0.798,1.511013,fed_h10_eur
2008-11-24,2.125,0.7758,1.648575,fed_h10_eur
2008-11-25,2.1095,0.7675,1.619041,fed_h10_eur
2008-11-26,2.198,0.7795,1.713341,fed_h10_eur
2008-11-28,2.135,0.7878,1.681953,fed_h10_eur
2008-12-01,2.0235,0.7915,1.6016,fed_h10_eur
2008-12-02,2.0595,0.7859,1.618561,fed_h10_eur
2008-12-03,2.2605,0.7893,1.784213,fed_h10_eur
2008-12-04,2.366,0.7788,1.842641,fed_h10_eur
2008-12-05,2.413,0.7903,1.906994,fed_h10_eur
2008-12-08,2.5705,0.7727,1.986225,fed_h10_eur
2008-12-09,2.5625,0.773,1.980812,fed_h10_eur
2008-12-10,2.485,0.7678,1.907983,fed_h10_eur
2008-12-11,2.4125,0.7522,1.814682,fed_h10_eur
2008-12-12,2.5625,0.7491,1.919569,fed_h10_eur
2008-12-15,2.4425,0.7319,1.787666,fed_h10_eur
2008-12-16,2.6315,0.7241,1.905469,fed_h10_eur
2008-12-17,2.659,0.6965,1.851993,fed_h10_eur
2008-12-18,2.604,0.6994,1.821238,fed_h10_eur
2008-12-19,2.578,0.7207,1.857965,fed_h10_eur
2008-12-22,2.492,0.7167,1.786016,fed_h10_eur
2008-12-23,2.554,0.716,1.828664,fed_h10_eur
2008-12-24,2.572,0.7161,1.841809,fed_h10_eur
2008-12-26,2.589,0.7111,1.841038,fed_h10_eur
2008-12-29,2.47,0.7026,1.735422,fed_h10_eur
2008-12-30,2.538,0.71,1.80198,fed_h10_eur
2008-12-31,2.564,0.7184,1.841978,fed_h10_eur
2009-01-02,2.718,0.7171,1.949078,fed_h10_eur
2009-01-05,2.703,0.7366,1.99103,fed_h10_eur
2009-01-06,2.868,0.7438,2.133218,fed_h10_eur
2009-01-07,2.81,0.729,2.04849,fed_h10_eur
2009-01-08,2.858,0.7292,2.084054,fed_h10_eur
2009-01-09,2.7755,0.741,2.056646,fed_h10_eur
2009-01-12,2.596,0.7492,1.944923,fed_h10_eur
2009-01-13,2.5725,0.7577,1.949183,fed_h10_eur
2009-01-14,2.4245,0.7591,1.840438,fed_h10_eur
2009-01-15,2.572,0.7637,1.964236,fed_h10_eur
2009-01-16,2.5795,0.7551,1.94778,fed_h10_eur
2009-01-20,2.422,0.7724,1.870753,fed_h10_eur
2009-01-21,2.527,0.777,1.963479,fed_h10_eur
2009-01-22,2.497,0.7719,1.927434,fed_h10_eur
2009-01-23,2.5315,0.7783,1.970267,fed_h10_eur
2009-01-26,2.4815,0.762,1.890903,fed_h10_eur
2009-01-27,2.422,0.7599,1.840478,fed_h10_eur
2009-01-28,2.518,0.7551,1.901342,fed_h10_eur
2009-01-29,2.5,0.7699,1.92475,fed_h10_eur
2009-01-30,2.941,0.781,2.296921,fed_h10_eur
2009-02-02,3.0575,0.7808,2.387296,fed_h10_eur
2009-02-03,3.1795,0.7686,2.443764,fed_h10_eur
2009-02-04,3.053,0.7778,2.374623,fed_h10_eur
2009-02-05,3.159,0.7789,2.460545,fed_h10_eur
2009-02-06,3.3275,0.7768,2.584802,fed_h10_eur
2009-02-09,3.3355,0.7655,2.553325,fed_h10_eur
2009-02-10,3.1655,0.7712,2.441234,fed_h10_eur
2009-02-11,3.2175,0.7756,2.495493,fed_h10_eur
2009-02-12,3.198,0.7799,2.49412,fed_h10_eur
2009-02-13,3.163,0.7765,2.45607,fed_h10_eur
2009-02-17,3.0835,0.7955,2.452924,fed_h10_eur
2009-02-18,3.1175,0.797,2.484648,fed_h10_eur
2009-02-19,3.0975,0.789,2.443928,fed_h10_eur
2009-02-20,3.193,0.788,2.516084,fed_h10_eur
2009-02-23,3.0855,0.7845,2.420575,fed_h10_eur
2009-02-24,3.28,0.7848,2.574144,fed_h10_eur
2009-02-25,3.1855,0.7855,2.50221,fed_h10_eur
2009-02-26,3.117,0.7835,2.44217,fed_h10_eur
2009-02-27,3.2395,0.7898,2.558557,fed_h10_eur
2009-03-02,3.0995,0.7949,2.463793,fed_h10_eur
2009-03-03,3.085,0.7969,2.458437,fed_h10_eur
2009-03-04,3.2405,0.7932,2.570365,fed_h10_eur
2009-03-05,3.2385,0.7959,2.577522,fed_h10_eur
2009-03-06,3.0845,0.789,2.433671,fed_h10_eur
2009-03-09,3.0245,0.7914,2.393589,fed_h10_eur
2009-03-10,3.2855,0.7842,2.576489,fed_h10_eur
2009-03-11,3.427,0.7828,2.682656,fed_h10_eur
2009-03-12,3.479,0.7813,2.718143,fed_h10_eur
2009-03-13,3.4315,0.7757,2.661815,fed_h10_eur
2009-03-16,3.349,0.7694,2.576721,fed_h10_eur
2009-03-17,3.5675,0.7709,2.750186,fed_h10_eur
2009-03-18,3.5625,0.7628,2.717475,fed_h10_eur
2009-03-19,3.505,0.7283,2.552692,fed_h10_eur
2009-03-20,3.498,0.7371,2.578376,fed_h10_eur
2009-03-23,3.779,0.737,2.785123,fed_h10_eur
2009-03-24,3.6405,0.7394,2.691786,fed_h10_eur
2009-03-25,3.62,0.7386,2.673732,fed_h10_eur
2009-03-26,3.6845,0.7375,2.717319,fed_h10_eur
2009-03-27,3.526,0.7515,2.649789,fed_h10_eur
2009-03-30,3.572,0.7607,2.71722,fed_h10_eur
2009-03-31,3.672,0.7541,2.769055,fed_h10_eur
2009-04-01,3.675,0.7563,2.779402,fed_h10_eur
2009-04-02,3.817,0.7431,2.836413,fed_h10_eur
2009-04-03,3.9085,0.7437,2.906751,fed_h10_eur
2009-04-06,3.8995,0.7483,2.917996,fed_h10_eur
2009-04-07,3.7755,0.7529,2.842574,fed_h10_eur
2009-04-08,3.849,0.7526,2.896757,fed_h10_eur
2009-04-09,3.9885,0.7605,3.033254,fed_h10_eur
2009-04-13,3.947,0.7488,2.955514,fed_h10_eur
2009-04-14,3.861,0.7532,2.908105,fed_h10_eur
2009-04-15,3.7355,0.7586,2.83375,fed_h10_eur
2009-04-16,3.8625,0.7577,2.926616,fed_h10_eur
2009-04-17,3.9025,0.7675,2.995169,fed_h10_eur
2009-04-20,3.8785,0.775,3.005837,fed_h10_eur
2009-04-21,3.937,0.7705,3.033459,fed_h10_eur
2009-04-22,3.96,0.7685,3.04326,fed_h10_eur
2009-04-23,4.0305,0.7664,3.088975,fed_h10_eur
2009-04-24,4.223,0.7532,3.180764,fed_h10_eur
2009-04-27,4.156,0.7613,3.163963,fed_h10_eur
2009-04-28,4.12,0.7656,3.154272,fed_h10_eur
2009-04-29,3.9895,0.7505,2.99412,fed_h10_eur
2009-04-30,4.026,0.7551,3.040033,fed_h10_eur
2009-05-01,3.948,0.7537,2.975608,fed_h10_eur
2009-05-04,3.9885,0.7482,2.984196,fed_h10_eur
2009-05-05,4.095,0.7477,3.061831,fed_h10_eur
2009-05-06,4.0995,0.7511,3.079135,fed_h10_eur
2009-05-07,3.964,0.7457,2.955955,fed_h10_eur
2009-05-08,3.8975,0.7411,2.888437,fed_h10_eur
2009-05-11,3.9305,0.7342,2.885773,fed_h10_eur
2009-05-12,3.8965,0.7332,2.856914,fed_h10_eur
2009-05-13,3.7095,0.7346,2.724999,fed_h10_eur
2009-05-14,3.7555,0.7349,2.759917,fed_h10_eur
2009-05-15,3.68,0.7386,2.718048,fed_h10_eur
2009-05-18,3.7975,0.7406,2.812428,fed_h10_eur
2009-05-19,3.8935,0.7349,2.861333,fed_h10_eur
2009-05-20,3.8985,0.7265,2.83226,fed_h10_eur
2009-05-21,3.798,0.7244,2.751271,fed_h10_eur
2009-05-22,3.782,0.714,2.700348,fed_h10_eur
2009-05-26,3.9195,0.7147,2.801267,fed_h10_eur
2009-05-27,3.855,0.7182,2.768661,fed_h10_eur
2009-05-28,3.8825,0.7169,2.783364,fed_h10_eur
2009-05-29,3.8995,0.7079,2.760456,fed_h10_eur
2009-06-01,4.1525,0.7046,2.925852,fed_h10_eur
2009-06-02,4.2465,0.7008,2.975947,fed_h10_eur
2009-06-03,4.284,0.7045,3.018078,fed_h10_eur
2009-06-04,4.276,0.7049,3.014152,fed_h10_eur
2009-06-05,4.378,0.7148,3.129394,fed_h10_eur
2009-06-08,4.318,0.7203,3.110255,fed_h10_eur
2009-06-09,4.354,0.7136,3.107014,fed_h10_eur
2009-06-10,4.3295,0.7152,3.096459,fed_h10_eur
2009-06-11,4.2845,0.7096,3.040281,fed_h10_eur
2009-06-12,4.204,0.7123,2.994509,fed_h10_eur
2009-06-15,4.159,0.7255,3.017354,fed_h10_eur
2009-06-16,4.1075,0.7206,2.959865,fed_h10_eur
2009-06-17,4.1325,0.722,2.983665,fed_h10_eur
2009-06-18,4.08,0.7154,2.918832,fed_h10_eur
2009-06-19,4.148,0.7144,2.963331,fed_h10_eur
2009-06-22,3.9575,0.7222,2.858106,fed_h10_eur
2009-06-23,3.884,0.7125,2.76735,fed_h10_eur
2009-06-24,3.9635,0.7135,2.827957,fed_h10_eur
2009-06-25,4.11,0.7167,2.945637,fed_h10_eur
2009-06-26,4.194,0.7114,2.983611,fed_h10_eur
2009-06-29,4.1515,0.7113,2.952962,fed_h10_eur
2009-06-30,4.183,0.7133,2.983734,fed_h10_eur
2009-07-01,4.08,0.7049,2.875992,fed_h10_eur
2009-07-02,3.966,0.7134,2.829344,fed_h10_eur
2009-07-06,3.905,0.7175,2.801837,fed_h10_eur
2009-07-07,3.7815,0.7161,2.707932,fed_h10_eur
2009-07-08,3.868,0.7219,2.792309,fed_h10_eur
2009-07-09,3.905,0.713,2.784265,fed_h10_eur
2009-07-10,3.8815,0.7181,2.787305,fed_h10_eur
2009-07-13,4.0735,0.7157,2.915404,fed_h10_eur
2009-07-14,4.0975,0.7158,2.93299,fed_h10_eur
2009-07-15,4.2275,0.7084,2.994761,fed_h10_eur
2009-07-16,4.3055,0.7085,3.050447,fed_h10_eur
2009-07-17,4.2925,0.7082,3.039949,fed_h10_eur
2009-07-20,4.4115,0.7037,3.104373,fed_h10_eur
2009-07-21,4.4505,0.7044,3.134932,fed_h10_eur
2009-07-22,4.4395,0.7032,3.121856,fed_h10_eur
2009-07-23,4.6935,0.701,3.290144,fed_h10_eur
2009-07-24,4.3245,0.7036,3.042718,fed_h10_eur
2009-07-27,4.212,0.7036,2.963563,fed_h10_eur
2009-07-28,4.249,0.7035,2.989172,fed_h10_eur
2009-07-29,4.217,0.7126,3.005034,fed_h10_eur
2009-07-30,4.3045,0.7109,3.060069,fed_h10_eur
2009-07-31,4.288,0.7003,3.002886,fed_h10_eur
2009-08-03,4.372,0.6937,3.032857,fed_h10_eur
2009-08-04,4.29,0.6944,2.978976,fed_h10_eur
2009-08-05,4.2145,0.6949,2.928656,fed_h10_eur
2009-08-06,4.2235,0.6965,2.941668,fed_h10_eur
2009-08-07,4.266,0.7052,3.008383,fed_h10_eur
2009-08-10,4.222,0.7071,2.985376,fed_h10_eur
2009-08-11,4.178,0.7072,2.954682,fed_h10_eur
2009-08-12,4.298,0.7035,3.023643,fed_h10_eur
2009-08-13,4.23,0.7001,2.961423,fed_h10_eur
2009-08-14,4.179,0.7034,2.939509,fed_h10_eur
2009-08-17,4.053,0.7098,2.876819,fed_h10_eur
2009-08-18,4.106,0.7105,2.917313,fed_h10_eur
2009-08-19,4.15,0.7012,2.90998,fed_h10_eur
2009-08-20,4.2045,0.7025,2.953661,fed_h10_eur
2009-08-21,4.25,0.6991,2.971175,fed_h10_eur
2009-08-24,4.225,0.6983,2.950317,fed_h10_eur
2009-08-25,4.2095,0.6969,2.9336,fed_h10_eur
2009-08-26,4.2,0.7027,2.95134,fed_h10_eur
2009-08-27,4.2155,0.7007,2.953801,fed_h10_eur
2009-08-28,4.138,0.6965,2.882117,fed_h10_eur
2009-08-31,4.0595,0.6967,2.828254,fed_h10_eur
2009-09-01,3.958,0.7025,2.780495,fed_h10_eur
2009-09-02,3.907,0.702,2.742714,fed_h10_eur
2009-09-03,3.923,0.7004,2.747669,fed_h10_eur
2009-09-04,3.9435,0.7004,2.762027,fed_h10_eur
2009-09-08,4.045,0.6898,2.790241,fed_h10_eur
2009-09-09,4.112,0.6862,2.821654,fed_h10_eur
2009-09-10,4.1925,0.6864,2.877732,fed_h10_eur
2009-09-11,4.227,0.6856,2.898031,fed_h10_eur
2009-09-14,4.193,0.6843,2.86927,fed_h10_eur
2009-09-15,4.1775,0.6841,2.857828,fed_h10_eur
2009-09-16,4.535,0.6804,3.085614,fed_h10_eur
2009-09-17,4.522,0.6787,3.069081,fed_h10_eur
2009-09-18,4.514,0.6801,3.069971,fed_h10_eur
2009-09-21,4.528,0.6806,3.081757,fed_h10_eur
2009-09-22,4.6875,0.6759,3.168281,fed_h10_eur
2009-09-23,4.619,0.6779,3.13122,fed_h10_eur
2009-09-24,4.6055,0.6805,3.134043,fed_h10_eur
2009-09-25,4.526,0.6811,3.082659,fed_h10_eur
2009-09-28,4.6105,0.6826,3.147127,fed_h10_eur
2009-09-29,4.586,0.6871,3.151041,fed_h10_eur
2009-09-30,4.668,0.6835,3.190578,fed_h10_eur
2009-10-01,4.552,0.6881,3.132231,fed_h10_eur
2009-10-02,4.4925,0.6854,3.079159,fed_h10_eur
2009-10-05,4.4335,0.6827,3.02675,fed_h10_eur
2009-10-06,4.5455,0.6782,3.082758,fed_h10_eur
2009-10-07,4.6985,0.6814,3.201558,fed_h10_eur
2009-10-08,4.761,0.6767,3.221769,fed_h10_eur
2009-10-09,4.7855,0.6796,3.252226,fed_h10_eur
2009-10-12,4.68,0.6796,3.180528,fed_h10_eur
2009-10-13,4.7415,0.6739,3.195297,fed_h10_eur
2009-10-14,4.873,0.6712,3.270758,fed_h10_eur
2009-10-15,4.8005,0.6691,3.212014,fed_h10_eur
2009-10-16,4.766,0.6716,3.200845,fed_h10_eur
2009-10-19,4.734,0.669,3.167046,fed_h10_eur
2009-10-20,4.749,0.6709,3.186104,fed_h10_eur
2009-10-21,4.671,0.6663,3.112287,fed_h10_eur
2009-10-22,4.6725,0.6665,3.114221,fed_h10_eur
2009-10-23,5.9245,0.6654,3.942162,fed_h10_eur
2009-10-26,6.232,0.6693,4.171078,fed_h10_eur
2009-10-27,6.1035,0.6747,4.118031,fed_h10_eur
2009-10-28,6.082,0.6774,4.119947,fed_h10_eur
2009-10-29,6.129,0.6748,4.135849,fed_h10_eur
2009-10-30,5.9405,0.6777,4.025877,fed_h10_eur
2009-11-02,5.942,0.6744,4.007285,fed_h10_eur
2009-11-03,5.9185,0.6822,4.037601,fed_h10_eur
2009-11-04,5.855,0.674,3.94627,fed_h10_eur
2009-11-05,6.0305,0.6731,4.05913,fed_h10_eur
2009-11-06,6.31,0.6741,4.253571,fed_h10_eur
2009-11-09,6.3335,0.6667,4.222544,fed_h10_eur
2009-11-10,6.5075,0.6684,4.349613,fed_h10_eur
2009-11-11,6.4955,0.6684,4.341592,fed_h10_eur
2009-11-12,6.5265,0.6727,4.390377,fed_h10_eur
2009-11-13,6.6485,0.6718,4.466462,fed_h10_eur
2009-11-16,6.5795,0.6677,4.393132,fed_h10_eur
2009-11-17,6.5625,0.6743,4.425094,fed_h10_eur
2009-11-18,6.5645,0.6671,4.379178,fed_h10_eur
2009-11-19,6.4495,0.6709,4.32697,fed_h10_eur
2009-11-20,6.483,0.6725,4.359817,fed_h10_eur
2009-11-23,6.65,0.6681,4.442865,fed_h10_eur
2009-11-24,6.647,0.6695,4.450166,fed_h10_eur
2009-11-25,6.7015,0.6629,4.442424,fed_h10_eur
2009-11-27,6.587,0.6683,4.402092,fed_h10_eur
2009-11-30,6.7955,0.6669,4.531919,fed_h10_eur
2009-12-01,6.925,0.6623,4.586428,fed_h10_eur
2009-12-02,7.1125,0.6641,4.723411,fed_h10_eur
2009-12-03,7.0585,0.6631,4.680491,fed_h10_eur
2009-12-04,6.879,0.6718,4.621312,fed_h10_eur
2009-12-07,6.7105,0.6748,4.528245,fed_h10_eur
2009-12-08,6.7055,0.6784,4.549011,fed_h10_eur
2009-12-09,6.5655,0.6791,4.458631,fed_h10_eur
2009-12-10,6.769,0.6795,4.599536,fed_h10_eur
2009-12-11,6.7075,0.6849,4.593967,fed_h10_eur
2009-12-14,6.569,0.6828,4.485313,fed_h10_eur
2009-12-15,6.5115,0.689,4.486423,fed_h10_eur
2009-12-16,6.418,0.686,4.402748,fed_h10_eur
2009-12-17,6.3455,0.6985,4.432332,fed_h10_eur
2009-12-18,6.424,0.7002,4.498085,fed_h10_eur
2009-12-21,6.6395,0.6984,4.637027,fed_h10_eur
2009-12-22,6.6875,0.7021,4.695294,fed_h10_eur
2009-12-23,6.947,0.6973,4.844143,fed_h10_eur
2009-12-24,6.9235,0.696,4.818756,fed_h10_eur
2009-12-28,6.9655,0.6948,4.839629,fed_h10_eur
2009-12-29,6.9705,0.6966,4.85565,fed_h10_eur
2009-12-30,6.8245,0.6985,4.766913,fed_h10_eur
2009-12-31,6.726,0.6977,4.69273,fed_h10_eur
2010-01-04,6.695,0.6935,4.642983,fed_h10_eur
2010-01-05,6.7345,0.6943,4.675763,fed_h10_eur
2010-01-06,6.6125,0.6943,4.591059,fed_h10_eur
2010-01-07,6.5,0.6986,4.5409,fed_h10_eur
2010-01-08,6.676,0.6965,4.649834,fed_h10_eur
2010-01-11,6.5155,0.6879,4.482012,fed_h10_eur
2010-01-12,6.3675,0.6886,4.38466,fed_h10_eur
2010-01-13,6.4555,0.69,4.454295,fed_h10_eur
2010-01-14,6.3675,0.6907,4.398032,fed_h10_eur
2010-01-15,6.357,0.6956,4.421929,fed_h10_eur
2010-01-19,6.3805,0.7008,4.471454,fed_h10_eur
2010-01-20,6.289,0.7095,4.462046,fed_h10_eur
2010-01-21,6.331,0.7089,4.488046,fed_h10_eur
2010-01-22,6.0715,0.7065,4.289515,fed_h10_eur
2010-01-25,6.0155,0.7069,4.252357,fed_h10_eur
2010-01-26,5.974,0.7111,4.248111,fed_h10_eur
2010-01-27,6.1375,0.7116,4.367445,fed_h10_eur
2010-01-28,6.3015,0.7146,4.503052,fed_h10_eur
2010-01-29,6.2705,0.721,4.521031,fed_h10_eur
2010-02-01,5.9435,0.7192,4.274565,fed_h10_eur
2010-02-02,5.906,0.7166,4.23224,fed_h10_eur
2010-02-03,5.955,0.7191,4.28224,fed_h10_eur
2010-02-04,5.797,0.7268,4.21326,fed_h10_eur
2010-02-05,5.8695,0.7349,4.313496,fed_h10_eur
2010-02-08,5.8415,0.73,4.264295,fed_h10_eur
2010-02-09,5.9015,0.7249,4.277998,fed_h10_eur
2010-02-10,5.868,0.7288,4.276598,fed_h10_eur
2010-02-11,6.0045,0.7331,4.401899,fed_h10_eur
2010-02-12,5.983,0.7339,4.390924,fed_h10_eur
2010-02-16,5.8765,0.7277,4.276329,fed_h10_eur
2010-02-17,5.8155,0.7341,4.269158,fed_h10_eur
2010-02-18,5.904,0.7373,4.353019,fed_h10_eur
2010-02-19,5.876,0.7387,4.340601,fed_h10_eur
2010-02-22,5.9005,0.7358,4.341588,fed_h10_eur
2010-02-23,5.862,0.7387,4.330259,fed_h10_eur
2010-02-24,5.986,0.7366,4.409288,fed_h10_eur
2010-02-25,5.91,0.7421,4.385811,fed_h10_eur
2010-02-26,5.92,0.7321,4.334032,fed_h10_eur
2010-03-01,6.227,0.7399,4.607357,fed_h10_eur
2010-03-02,6.2765,0.7372,4.627036,fed_h10_eur
2010-03-03,6.2945,0.7283,4.584284,fed_h10_eur
2010-03-04,6.4265,0.7369,4.735688,fed_h10_eur
2010-03-05,6.4455,0.7349,4.736798,fed_h10_eur
2010-03-08,6.5055,0.7346,4.77894,fed_h10_eur
2010-03-09,6.441,0.7361,4.74122,fed_h10_eur
2010-03-10,6.5255,0.7322,4.777971,fed_h10_eur
2010-03-11,6.679,0.7313,4.884353,fed_h10_eur
2010-03-12,6.591,0.7271,4.792316,fed_h10_eur
2010-03-15,6.5565,0.7325,4.802636,fed_h10_eur
2010-03-16,6.5895,0.7268,4.789249,fed_h10_eur
2010-03-17,6.567,0.7279,4.780119,fed_h10_eur
2010-03-18,6.638,0.7351,4.879594,fed_h10_eur
2010-03-19,6.5175,0.7391,4.817084,fed_h10_eur
2010-03-22,6.5235,0.739,4.820866,fed_h10_eur
2010-03-23,6.463,0.7388,4.774864,fed_h10_eur
2010-03-24,6.402,0.7492,4.796378,fed_h10_eur
2010-03-25,6.7365,0.7494,5.048333,fed_h10_eur
2010-03-26,6.753,0.7464,5.040439,fed_h10_eur
2010-03-29,6.756,0.7427,5.017681,fed_h10_eur
2010-03-30,6.829,0.7458,5.093068,fed_h10_eur
2010-03-31,6.7885,0.7393,5.018738,fed_h10_eur
2010-04-01,6.5905,0.737,4.857198,fed_h10_eur
2010-04-05,6.5745,0.7415,4.874992,fed_h10_eur
2010-04-06,6.778,0.7475,5.066555,fed_h10_eur
2010-04-07,6.7435,0.7483,5.046161,fed_h10_eur
2010-04-08,7.048,0.7485,5.275428,fed_h10_eur
2010-04-09,7.003,0.7425,5.199727,fed_h10_eur
2010-04-12,7.06,0.736,5.19616,fed_h10_eur
2010-04-13,7.008,0.7357,5.155786,fed_h10_eur
2010-04-14,7.214,0.7317,5.278484,fed_h10_eur
2010-04-15,7.291,0.7386,5.385133,fed_h10_eur
2010-04-16,7.1085,0.7415,5.270953,fed_h10_eur
2010-04-19,7.1215,0.7431,5.291987,fed_h10_eur
2010-04-20,7.21,0.7437,5.362077,fed_h10_eur
2010-04-21,7.3215,0.7472,5.470625,fed_h10_eur
2010-04-22,7.5045,0.752,5.643384,fed_h10_eur
2010-04-23,7.1815,0.7485,5.375353,fed_h10_eur
2010-04-26,7.3555,0.7499,5.51589,fed_h10_eur
2010-04-27,7.101,0.7559,5.367646,fed_h10_eur
2010-04-28,6.9675,0.7616,5.306448,fed_h10_eur
2010-04-29,7.0865,0.7551,5.351016,fed_h10_eur
2010-04-30,6.855,0.7518,5.153589,fed_h10_eur
2010-05-03,6.8745,0.7586,5.214996,fed_h10_eur
2010-05-04,6.4915,0.767,4.97898,fed_h10_eur
2010-05-05,6.5465,0.7758,5.078775,fed_h10_eur
2010-05-06,6.4355,0.7881,5.071818,fed_h10_eur
2010-05-07,6.249,0.7861,4.912339,fed_h10_eur
2010-05-10,6.5645,0.7775,5.103899,fed_h10_eur
2010-05-11,6.523,0.7865,5.130339,fed_h10_eur
2010-05-12,6.6935,0.791,5.294559,fed_h10_eur
2010-05-13,6.5735,0.7957,5.230534,fed_h10_eur
2010-05-14,6.4265,0.8071,5.186828,fed_h10_eur
2010-05-17,6.4455,0.8131,5.240836,fed_h10_eur
2010-05-18,6.314,0.8092,5.109289,fed_h10_eur
2010-05-19,6.2295,0.8119,5.057731,fed_h10_eur
2010-05-20,5.9855,0.8084,4.838678,fed_h10_eur
2010-05-21,6.136,0.7952,4.879347,fed_h10_eur
2010-05-24,6.106,0.8061,4.922047,fed_h10_eur
2010-05-25,6.243,0.8144,5.084299,fed_h10_eur
2010-05-26,6.1605,0.8181,5.039905,fed_h10_eur
2010-05-27,6.335,0.8084,5.121214,fed_h10_eur
2010-05-28,6.273,0.8085,5.07172,fed_h10_eur
2010-06-01,6.162,0.8153,5.023879,fed_h10_eur
2010-06-02,6.3155,0.8193,5.174289,fed_h10_eur
2010-06-03,6.438,0.8201,5.279804,fed_h10_eur
2010-06-04,6.1385,0.8335,5.11644,fed_h10_eur
2010-06-07,6.1005,0.8362,5.101238,fed_h10_eur
2010-06-08,5.942,0.8337,4.953845,fed_h10_eur
2010-06-09,5.8955,0.8302,4.894444,fed_h10_eur
2010-06-10,6.1605,0.8257,5.086725,fed_h10_eur
2010-06-11,6.1515,0.828,5.093442,fed_h10_eur
2010-06-14,6.1915,0.8145,5.042977,fed_h10_eur
2010-06-15,6.342,0.8112,5.14463,fed_h10_eur
2010-06-16,6.345,0.8115,5.148967,fed_h10_eur
2010-06-17,6.2945,0.8087,5.090362,fed_h10_eur
2010-06-18,6.2915,0.8091,5.090453,fed_h10_eur
2010-06-21,6.1275,0.8074,4.947344,fed_h10_eur
2010-06-22,6.1155,0.8128,4.970678,fed_h10_eur
2010-06-23,6.0725,0.8123,4.932692,fed_h10_eur
2010-06-24,5.9165,0.8138,4.814848,fed_h10_eur
2010-06-25,6.05,0.8109,4.905945,fed_h10_eur
2010-06-28,5.89,0.812,4.78268,fed_h10_eur
2010-06-29,5.4305,0.8205,4.455725,fed_h10_eur
2010-06-30,5.463,0.8136,4.444697,fed_h10_eur
2010-07-01,5.548,0.8023,4.45116,fed_h10_eur
2010-07-02,5.457,0.7951,4.338861,fed_h10_eur
2010-07-06,5.503,0.7908,4.351772,fed_h10_eur
2010-07-07,5.6715,0.794,4.503171,fed_h10_eur
2010-07-08,5.811,0.7885,4.581973,fed_h10_eur
2010-07-09,5.863,0.7912,4.638806,fed_h10_eur
2010-07-12,5.9755,0.7954,4.752913,fed_h10_eur
2010-07-13,6.1825,0.7862,4.860681,fed_h10_eur
2010-07-14,6.165,0.784,4.83336,fed_h10_eur
2010-07-15,6.103,0.7756,4.733487,fed_h10_eur
2010-07-16,5.9245,0.7741,4.586155,fed_h10_eur
2010-07-19,5.997,0.7714,4.626086,fed_h10_eur
2010-07-20,6.005,0.7749,4.653275,fed_h10_eur
2010-07-21,5.8715,0.7802,4.580944,fed_h10_eur
2010-07-22,6.0035,0.775,4.652712,fed_h10_eur
2010-07-23,5.9435,0.7768,4.616911,fed_h10_eur
2010-07-26,5.92,0.7702,4.559584,fed_h10_eur
2010-07-27,5.8565,0.7702,4.510676,fed_h10_eur
2010-07-28,5.8565,0.7693,4.505406,fed_h10_eur
2010-07-29,5.843,0.7655,4.472816,fed_h10_eur
2010-07-30,5.8945,0.7652,4.510471,fed_h10_eur
2010-08-02,6.0035,0.7591,4.557257,fed_h10_eur
2010-08-03,6.121,0.7553,4.623191,fed_h10_eur
2010-08-04,6.379,0.76,4.84804,fed_h10_eur
2010-08-05,6.3915,0.7601,4.858179,fed_h10_eur
2010-08-06,6.416,0.7529,4.830606,fed_h10_eur
2010-08-09,6.4415,0.7552,4.864621,fed_h10_eur
2010-08-10,6.5,0.7637,4.96405,fed_h10_eur
2010-08-11,6.2945,0.7753,4.880126,fed_h10_eur
2010-08-12,6.328,0.7772,4.918122,fed_h10_eur
2010-08-13,6.2345,0.7833,4.883484,fed_h10_eur
2010-08-16,6.3035,0.7789,4.909796,fed_h10_eur
2010-08-17,6.443,0.7758,4.998479,fed_h10_eur
2010-08-18,6.4825,0.7769,5.036254,fed_h10_eur
2010-08-19,6.3785,0.779,4.968851,fed_h10_eur
2010-08-20,6.388,0.7882,5.035022,fed_h10_eur
2010-08-23,6.33,0.7897,4.998801,fed_h10_eur
2010-08-24,6.2265,0.789,4.912709,fed_h10_eur
2010-08-25,6.3425,0.7904,5.013112,fed_h10_eur
2010-08-26,6.243,0.7863,4.908871,fed_h10_eur
2010-08-27,6.332,0.7834,4.960489,fed_h10_eur
2010-08-30,6.1895,0.7883,4.879183,fed_h10_eur
2010-08-31,6.2415,0.7872,4.913309,fed_h10_eur
2010-09-01,6.6245,0.7805,5.170422,fed_h10_eur
2010-09-02,6.7605,0.7798,5.271838,fed_h10_eur
2010-09-03,6.9395,0.7761,5.385746,fed_h10_eur
2010-09-07,6.861,0.786,5.392746,fed_h10_eur
2010-09-08,6.957,0.7857,5.466115,fed_h10_eur
2010-09-09,7.019,0.7869,5.523251,fed_h10_eur
2010-09-10,7.122,0.7855,5.594331,fed_h10_eur
2010-09-13,7.2535,0.7758,5.627265,fed_h10_eur
2010-09-14,7.2875,0.7684,5.599715,fed_h10_eur
2010-09-15,7.2725,0.7688,5.591098,fed_h10_eur
2010-09-16,7.4065,0.7646,5.66301,fed_h10_eur
2010-09-17,7.416,0.7665,5.684364,fed_h10_eur
2010-09-20,7.565,0.7649,5.786469,fed_h10_eur
2010-09-21,7.5365,0.7613,5.737537,fed_h10_eur
2010-09-22,7.5915,0.7471,5.67161,fed_h10_eur
2010-09-23,7.6425,0.7494,5.727289,fed_h10_eur
2010-09-24,8.0365,0.7421,5.963887,fed_h10_eur
2010-09-27,7.9685,0.7421,5.913424,fed_h10_eur
2010-09-28,7.985,0.7362,5.878557,fed_h10_eur
2010-09-29,7.9495,0.7332,5.828573,fed_h10_eur
2010-09-30,7.853,0.7352,5.773526,fed_h10_eur
2010-10-01,7.6855,0.7271,5.588127,fed_h10_eur
2010-10-04,7.7695,0.7306,5.676397,fed_h10_eur
2010-10-05,8.0435,0.7229,5.814646,fed_h10_eur
2010-10-06,7.77,0.7182,5.580414,fed_h10_eur
2010-10-07,7.8135,0.7183,5.612437,fed_h10_eur
2010-10-08,7.7775,0.7182,5.585801,fed_h10_eur
2010-10-11,7.6515,0.7182,5.495307,fed_h10_eur
2010-10-12,7.824,0.7222,5.650493,fed_h10_eur
2010-10-13,7.7585,0.7161,5.555862,fed_h10_eur
2010-10-14,7.7765,0.7109,5.528314,fed_h10_eur
2010-10-15,8.232,0.7144,5.880941,fed_h10_eur
2010-10-18,8.178,0.7154,5.850542,fed_h10_eur
2010-10-19,7.9335,0.7232,5.737507,fed_h10_eur
2010-10-20,7.9335,0.7169,5.687526,fed_h10_eur
2010-10-21,8.2485,0.7157,5.903451,fed_h10_eur
2010-10-22,8.4565,0.7192,6.081915,fed_h10_eur
2010-10-25,8.45,0.715,6.04175,fed_h10_eur
2010-10-26,8.4975,0.7208,6.124998,fed_h10_eur
2010-10-27,8.3755,0.7253,6.07475,fed_h10_eur
2010-10-28,8.342,0.7179,5.988722,fed_h10_eur
2010-10-29,8.2615,0.7197,5.945802,fed_h10_eur
2010-11-01,8.129,0.72,5.85288,fed_h10_eur
2010-11-02,8.2305,0.713,5.868347,fed_h10_eur
2010-11-03,8.4235,0.7136,6.01101,fed_h10_eur
2010-11-04,8.4465,0.703,5.937889,fed_h10_eur
2010-11-05,8.5385,0.7126,6.084535,fed_h10_eur
2010-11-08,8.5995,0.718,6.174441,fed_h10_eur
2010-11-09,8.5135,0.7212,6.139936,fed_h10_eur
2010-11-10,8.6665,0.7284,6.312679,fed_h10_eur
2010-11-11,8.5185,0.7284,6.204876,fed_h10_eur
2010-11-12,8.284,0.7299,6.046492,fed_h10_eur
2010-11-15,7.945,0.7345,5.835603,fed_h10_eur
2010-11-16,7.889,0.7398,5.836282,fed_h10_eur
2010-11-17,7.9175,0.7377,5.84074,fed_h10_eur
2010-11-18,8.2085,0.7343,6.027501,fed_h10_eur
2010-11-19,8.241,0.7324,6.035709,fed_h10_eur
2010-11-22,8.5195,0.7346,6.258425,fed_h10_eur
2010-11-23,8.41,0.7469,6.281429,fed_h10_eur
2010-11-24,8.8625,0.7491,6.638899,fed_h10_eur
2010-11-26,8.86,0.7551,6.690186,fed_h10_eur
2010-11-29,8.9745,0.7638,6.854723,fed_h10_eur
2010-11-30,8.77,0.7671,6.727467,fed_h10_eur
2010-12-01,8.8275,0.7605,6.713314,fed_h10_eur
2010-12-02,8.8265,0.756,6.672834,fed_h10_eur
2010-12-03,8.784,0.7481,6.571311,fed_h10_eur
2010-12-06,8.9025,0.7533,6.706253,fed_h10_eur
2010-12-07,8.8385,0.7506,6.634178,fed_h10_eur
2010-12-08,8.8145,0.7552,6.65671,fed_h10_eur
2010-12-09,8.7425,0.7572,6.619821,fed_h10_eur
2010-12-10,8.781,0.7552,6.631411,fed_h10_eur
2010-12-13,8.7125,0.7469,6.507366,fed_h10_eur
2010-12-14,8.697,0.7465,6.49231,fed_h10_eur
2010-12-15,8.7785,0.7515,6.597042,fed_h10_eur
2010-12-16,8.902,0.7572,6.740595,fed_h10_eur
2010-12-17,8.879,0.7602,6.749816,fed_h10_eur
2010-12-20,9.1645,0.762,6.983349,fed_h10_eur
2010-12-21,9.2375,0.7616,7.03528,fed_h10_eur
2010-12-22,9.238,0.764,7.057832,fed_h10_eur
2010-12-23,9.1295,0.7633,6.968548,fed_h10_eur
2010-12-27,9.107,0.7607,6.927695,fed_h10_eur
2010-12-28,9.0545,0.7621,6.900434,fed_h10_eur
2010-12-29,9.1685,0.7586,6.955224,fed_h10_eur
2010-12-30,9.1375,0.7536,6.88602,fed_h10_eur
2010-12-31,9.0,0.7536,6.7824,fed_h10_eur
2011-01-03,9.211,0.7479,6.888907,fed_h10_eur
2011-01-04,9.2505,0.7515,6.951751,fed_h10_eur
2011-01-05,9.371,0.7592,7.114463,fed_h10_eur
2011-01-06,9.293,0.7676,7.133307,fed_h10_eur
2011-01-07,9.2745,0.7726,7.165479,fed_h10_eur
2011-01-10,9.234,0.7725,7.133265,fed_h10_eur
2011-01-11,9.217,0.7705,7.101699,fed_h10_eur
2011-01-12,9.204,0.7653,7.043822,fed_h10_eur
2011-01-13,9.2765,0.7483,6.941605,fed_h10_eur
2011-01-14,9.4375,0.7503,7.080956,fed_h10_eur
2011-01-18,9.5625,0.7463,7.136494,fed_h10_eur
2011-01-19,9.3435,0.741,6.923534,fed_h10_eur
2011-01-20,9.098,0.7439,6.768002,fed_h10_eur
2011-01-21,8.871,0.7363,6.531718,fed_h10_eur
2011-01-24,8.8425,0.7324,6.476247,fed_h10_eur
2011-01-25,8.835,0.7329,6.475172,fed_h10_eur
2011-01-26,8.7695,0.7306,6.406997,fed_h10_eur
2011-01-27,9.2225,0.7306,6.737958,fed_h10_eur
2011-01-28,8.557,0.7349,6.288539,fed_h10_eur
2011-01-31,8.482,0.7291,6.184226,fed_h10_eur
2011-02-01,8.6055,0.725,6.238988,fed_h10_eur
2011-02-02,8.6765,0.7257,6.296536,fed_h10_eur
2011-02-03,8.6855,0.7324,6.36126,fed_h10_eur
2011-02-04,8.7965,0.7362,6.475983,fed_h10_eur
2011-02-07,8.8215,0.7376,6.506738,fed_h10_eur
2011-02-08,9.153,0.7306,6.687182,fed_h10_eur
2011-02-09,9.265,0.7306,6.769009,fed_h10_eur
2011-02-10,9.3105,0.7333,6.82739,fed_h10_eur
2011-02-11,9.4625,0.7396,6.998465,fed_h10_eur
2011-02-14,9.521,0.7422,7.066486,fed_h10_eur
2011-02-15,9.4515,0.7411,7.004507,fed_h10_eur
2011-02-16,9.331,0.7382,6.888144,fed_h10_eur
2011-02-17,9.388,0.7346,6.896424,fed_h10_eur
2011-02-18,9.325,0.7314,6.820305,fed_h10_eur
2011-02-22,9.021,0.732,6.603372,fed_h10_eur
2011-02-23,8.834,0.7268,6.420551,fed_h10_eur
2011-02-24,8.8875,0.725,6.443437,fed_h10_eur
2011-02-25,8.862,0.7269,6.441788,fed_h10_eur
2011-02-28,8.6645,0.725,6.281763,fed_h10_eur
2011-03-01,8.472,0.724,6.133728,fed_h10_eur
2011-03-02,8.601,0.721,6.201321,fed_h10_eur
2011-03-03,8.6395,0.717,6.194521,fed_h10_eur
2011-03-04,8.5835,0.7152,6.138919,fed_h10_eur
2011-03-07,8.454,0.7155,6.048837,fed_h10_eur
2011-03-08,8.3445,0.7188,5.998026,fed_h10_eur
2011-03-09,8.4525,0.7191,6.078193,fed_h10_eur
2011-03-10,8.307,0.7234,6.009284,fed_h10_eur
2011-03-11,8.4035,0.7213,6.061444,fed_h10_eur
2011-03-14,8.3365,0.7156,5.9656,fed_h10_eur
2011-03-15,8.254,0.7159,5.909038,fed_h10_eur
2011-03-16,8.235,0.7183,5.9152,fed_h10_eur
2011-03-17,8.0485,0.7132,5.74019,fed_h10_eur
2011-03-18,8.091,0.7072,5.721955,fed_h10_eur
2011-03-21,8.226,0.705,5.79933,fed_h10_eur
2011-03-22,8.13,0.7036,5.720268,fed_h10_eur
2011-03-23,8.266,0.708,5.852328,fed_h10_eur
2011-03-24,8.555,0.7042,6.024431,fed_h10_eur
2011-03-25,8.549,0.707,6.044143,fed_h10_eur
2011-03-28,8.4675,0.709,6.003457,fed_h10_eur
2011-03-29,8.731,0.7097,6.196391,fed_h10_eur
2011-03-30,8.971,0.7095,6.364924,fed_h10_eur
2011-03-31,9.0065,0.7051,6.350483,fed_h10_eur
2011-04-01,9.0065,0.7035,6.336073,fed_h10_eur
2011-04-04,9.147,0.7032,6.432171,fed_h10_eur
2011-04-05,9.2645,0.7027,6.510164,fed_h10_eur
2011-04-06,9.138,0.6977,6.375582,fed_h10_eur
2011-04-07,9.2455,0.6999,6.470925,fed_h10_eur
2011-04-08,9.2355,0.6927,6.397431,fed_h10_eur
2011-04-11,9.202,0.6919,6.366864,fed_h10_eur
2011-04-12,9.024,0.6918,6.242803,fed_h10_eur
2011-04-13,9.1145,0.6908,6.296297,fed_h10_eur
2011-04-14,9.091,0.6914,6.285517,fed_h10_eur
2011-04-15,9.0005,0.6924,6.231946,fed_h10_eur
2011-04-18,8.917,0.7037,6.274893,fed_h10_eur
2011-04-19,8.941,0.6984,6.244394,fed_h10_eur
2011-04-20,9.1935,0.689,6.334321,fed_h10_eur
2011-04-21,9.2945,0.6856,6.372309,fed_h10_eur
2011-04-25,9.271,0.6861,6.360833,fed_h10_eur
2011-04-26,9.115,0.6838,6.232837,fed_h10_eur
2011-04-27,9.8315,0.6822,6.707049,fed_h10_eur
2011-04-28,9.7535,0.6764,6.597267,fed_h10_eur
2011-04-29,9.7905,0.6747,6.60565,fed_h10_eur
2011-05-02,10.0595,0.6725,6.765014,fed_h10_eur
2011-05-03,9.9225,0.6723,6.670897,fed_h10_eur
2011-05-04,9.9985,0.673,6.72899,fed_h10_eur
2011-05-05,9.8555,0.6857,6.757917,fed_h10_eur
2011-05-06,9.88,0.6899,6.816212,fed_h10_eur
2011-05-09,10.04,0.6993,7.020972,fed_h10_eur
2011-05-10,10.197,0.6965,7.10221,fed_h10_eur
2011-05-11,10.219,0.7008,7.161475,fed_h10_eur
2011-05-12,10.3035,0.7028,7.2413,fed_h10_eur
2011-05-13,10.128,0.7072,7.162522,fed_h10_eur
2011-05-16,9.6255,0.7033,6.769614,fed_h10_eur
2011-05-17,9.7405,0.7065,6.881664,fed_h10_eur
2011-05-18,9.8545,0.7008,6.906033,fed_h10_eur
2011-05-19,9.94,0.7016,6.973904,fed_h10_eur
2011-05-20,9.9325,0.7056,7.008372,fed_h10_eur
2011-05-23,9.811,0.7135,7.000148,fed_h10_eur
2011-05-24,9.6635,0.7089,6.850455,fed_h10_eur
2011-05-25,9.613,0.7091,6.816578,fed_h10_eur
2011-05-26,9.75,0.7098,6.92055,fed_h10_eur
2011-05-27,9.7065,0.6999,6.793579,fed_h10_eur
2011-05-31,9.8345,0.6956,6.840878,fed_h10_eur
2011-06-01,9.62,0.693,6.66666,fed_h10_eur
2011-06-02,9.6825,0.6932,6.711909,fed_h10_eur
2011-06-03,9.416,0.6847,6.447135,fed_h10_eur
2011-06-06,9.2845,0.684,6.350598,fed_h10_eur
2011-06-07,9.3775,0.6814,6.389828,fed_h10_eur
2011-06-08,9.4025,0.6855,6.445414,fed_h10_eur
2011-06-09,9.484,0.688,6.524992,fed_h10_eur
2011-06-10,9.3265,0.6961,6.492177,fed_h10_eur
2011-06-13,9.3145,0.696,6.482892,fed_h10_eur
2011-06-14,9.498,0.6909,6.562168,fed_h10_eur
2011-06-15,9.299,0.7032,6.539057,fed_h10_eur
2011-06-16,9.1825,0.7065,6.487436,fed_h10_eur
2011-06-17,9.3185,0.698,6.504313,fed_h10_eur
2011-06-20,9.386,0.6983,6.554244,fed_h10_eur
2011-06-21,9.7115,0.6945,6.744637,fed_h10_eur
2011-06-22,9.5815,0.6943,6.652435,fed_h10_eur
2011-06-23,9.708,0.7059,6.852877,fed_h10_eur
2011-06-24,9.6275,0.7048,6.785462,fed_h10_eur
2011-06-27,10.0625,0.7002,7.045762,fed_h10_eur
2011-06-28,10.1175,0.696,7.04178,fed_h10_eur
2011-06-29,10.209,0.6931,7.075858,fed_h10_eur
2011-06-30,10.2245,0.6886,7.04059,fed_h10_eur
2011-07-01,10.4745,0.6893,7.220073,fed_h10_eur
2011-07-05,10.6595,0.6911,7.366781,fed_h10_eur
2011-07-06,10.7095,0.6979,7.47416,fed_h10_eur
2011-07-07,10.837,0.6969,7.552305,fed_h10_eur
2011-07-08,10.914,0.7017,7.658353,fed_h10_eur
2011-07-11,10.6275,0.7126,7.573156,fed_h10_eur
2011-07-12,10.5615,0.7136,7.536686,fed_h10_eur
2011-07-13,10.675,0.7059,7.535483,fed_h10_eur
2011-07-14,10.519,0.7051,7.416947,fed_h10_eur
2011-07-15,10.6435,0.7064,7.518569,fed_h10_eur
2011-07-18,10.5765,0.7121,7.531526,fed_h10_eur
2011-07-19,10.903,0.7064,7.701879,fed_h10_eur
2011-07-20,10.7775,0.7048,7.595982,fed_h10_eur
2011-07-21,10.6605,0.6958,7.417576,fed_h10_eur
2011-07-22,10.826,0.6961,7.535979,fed_h10_eur
2011-07-25,10.6745,0.6965,7.43479,fed_h10_eur
2011-07-26,10.709,0.6899,7.388139,fed_h10_eur
2011-07-27,11.126,0.6957,7.740358,fed_h10_eur
2011-07-28,11.195,0.6992,7.827544,fed_h10_eur
2011-07-29,11.126,0.695,7.73257,fed_h10_eur
2011-08-01,11.066,0.7041,7.791571,fed_h10_eur
2011-08-02,10.585,0.7026,7.437021,fed_h10_eur
2011-08-03,10.498,0.6983,7.330754,fed_h10_eur
2011-08-04,10.074,0.7063,7.115266,fed_h10_eur
2011-08-05,10.135,0.7063,7.158351,fed_h10_eur
2011-08-08,9.685,0.7022,6.800807,fed_h10_eur
2011-08-09,10.2545,0.7021,7.199685,fed_h10_eur
2011-08-10,9.7065,0.7046,6.8392,fed_h10_eur
2011-08-11,9.918,0.7027,6.969379,fed_h10_eur
2011-08-12,10.115,0.7023,7.103764,fed_h10_eur
2011-08-15,10.1475,0.6919,7.021055,fed_h10_eur
2011-08-16,9.884,0.6934,6.853565,fed_h10_eur
2011-08-17,9.7965,0.6927,6.786036,fed_h10_eur
2011-08-18,9.126,0.6983,6.372686,fed_h10_eur
2011-08-19,8.9465,0.6941,6.209766,fed_h10_eur
2011-08-22,8.877,0.6952,6.17129,fed_h10_eur
2011-08-23,9.6775,0.693,6.706507,fed_h10_eur
2011-08-24,9.6865,0.6943,6.725337,fed_h10_eur
2011-08-25,9.6015,0.6954,6.676883,fed_h10_eur
2011-08-26,9.9635,0.6914,6.888764,fed_h10_eur
2011-08-29,10.3265,0.6892,7.117024,fed_h10_eur
2011-08-30,10.546,0.6928,7.306268,fed_h10_eur
2011-08-31,10.7615,0.6942,7.470634,fed_h10_eur
2011-09-01,10.627,0.7001,7.439963,fed_h10_eur
2011-09-02,10.5,0.7041,7.39305,fed_h10_eur
2011-09-06,10.809,0.7143,7.720869,fed_h10_eur
2011-09-07,10.995,0.7113,7.820743,fed_h10_eur
2011-09-08,10.863,0.717,7.788771,fed_h10_eur
2011-09-09,10.5695,0.7317,7.733703,fed_h10_eur
2011-09-12,10.828,0.7334,7.941255,fed_h10_eur
2011-09-13,10.9765,0.731,8.023821,fed_h10_eur
2011-09-14,11.1285,0.7294,8.117128,fed_h10_eur
2011-09-15,11.339,0.7216,8.182222,fed_h10_eur
2011-09-16,11.965,0.7255,8.680608,fed_h10_eur
2011-09-19,12.0845,0.7334,8.862773,fed_h10_eur
2011-09-20,11.6625,0.7301,8.514792,fed_h10_eur
2011-09-21,11.5935,0.7287,8.448184,fed_h10_eur
2011-09-22,11.1615,0.7437,8.300808,fed_h10_eur
2011-09-23,11.1805,0.7398,8.271334,fed_h10_eur
2011-09-26,11.4925,0.7399,8.503301,fed_h10_eur
2011-09-27,11.2105,0.735,8.239717,fed_h10_eur
2011-09-28,11.4855,0.7338,8.42806,fed_h10_eur
2011-09-29,11.122,0.7332,8.15465,fed_h10_eur
2011-09-30,10.8115,0.7435,8.03835,fed_h10_eur
2011-10-03,10.599,0.753,7.981047,fed_h10_eur
2011-10-04,10.625,0.7522,7.992125,fed_h10_eur
2011-10-05,10.975,0.7503,8.234543,fed_h10_eur
2011-10-06,11.0755,0.7458,8.260108,fed_h10_eur
2011-10-07,11.237,0.7401,8.316504,fed_h10_eur
2011-10-10,11.566,0.7401,8.559997,fed_h10_eur
2011-10-11,11.774,0.7322,8.620923,fed_h10_eur
2011-10-12,11.8405,0.7244,8.577258,fed_h10_eur
2011-10-13,11.8075,0.7283,8.599402,fed_h10_eur
2011-10-14,12.3355,0.7214,8.89883,fed_h10_eur
2011-10-17,12.1165,0.7262,8.799002,fed_h10_eur
2011-10-18,12.194,0.7289,8.888207,fed_h10_eur
2011-10-19,11.5765,0.726,8.404539,fed_h10_eur
2011-10-20,11.6805,0.7314,8.543118,fed_h10_eur
2011-10-21,11.739,0.7208,8.461471,fed_h10_eur
2011-10-24,11.8805,0.7178,8.527823,fed_h10_eur
2011-10-25,11.3575,0.7189,8.164907,fed_h10_eur
2011-10-26,9.92,0.7226,7.168192,fed_h10_eur
2011-10-27,10.339,0.7056,7.295198,fed_h10_eur
2011-10-28,10.866,0.706,7.671396,fed_h10_eur
2011-10-31,10.6755,0.717,7.654333,fed_h10_eur
2011-11-01,10.605,0.7312,7.754376,fed_h10_eur
2011-11-02,10.781,0.7245,7.810835,fed_h10_eur
2011-11-03,10.9145,0.7276,7.94139,fed_h10_eur
2011-11-04,10.824,0.7267,7.865801,fed_h10_eur
2011-11-07,10.85,0.7276,7.89446,fed_h10_eur
2011-11-08,10.8995,0.7254,7.906497,fed_h10_eur
2011-11-09,10.561,0.7355,7.767615,fed_h10_eur
2011-11-10,10.5395,0.7353,7.749695,fed_h10_eur
2011-11-11,10.8695,0.7353,7.992343,fed_h10_eur
2011-11-14,10.9465,0.7339,8.033636,fed_h10_eur
2011-11-15,10.8915,0.7394,8.053175,fed_h10_eur
2011-11-16,10.5995,0.7405,7.84893,fed_h10_eur
2011-11-17,10.226,0.7395,7.562127,fed_h10_eur
2011-11-18,9.857,0.7396,7.290237,fed_h10_eur
2011-11-21,9.4625,0.7394,6.996572,fed_h10_eur
2011-11-22,9.617,0.7407,7.123312,fed_h10_eur
2011-11-23,9.4495,0.7492,7.079565,fed_h10_eur
2011-11-25,9.12,0.7551,6.886512,fed_h10_eur
2011-11-28,9.7075,0.75,7.280625,fed_h10_eur
2011-11-29,9.4195,0.7495,7.059916,fed_h10_eur
2011-11-30,9.6145,0.7433,7.146458,fed_h10_eur
2011-12-01,9.8565,0.7415,7.308595,fed_h10_eur
2011-12-02,9.8015,0.747,7.321721,fed_h10_eur
2011-12-05,9.812,0.7428,7.288354,fed_h10_eur
2011-12-06,9.5995,0.7464,7.165067,fed_h10_eur
2011-12-07,9.766,0.747,7.295202,fed_h10_eur
2011-12-08,9.524,0.7505,7.147762,fed_h10_eur
2011-12-09,9.6515,0.7481,7.220287,fed_h10_eur
2011-12-12,9.476,0.7583,7.185651,fed_h10_eur
2011-12-13,9.0255,0.7637,6.892775,fed_h10_eur
2011-12-14,9.0105,0.7709,6.946194,fed_h10_eur
2011-12-15,9.063,0.7685,6.964915,fed_h10_eur
2011-12-16,9.063,0.7678,6.958571,fed_h10_eur
2011-12-19,8.9665,0.7682,6.888066,fed_h10_eur
2011-12-20,9.126,0.7648,6.979565,fed_h10_eur
2011-12-21,8.7175,0.7669,6.685451,fed_h10_eur
2011-12-22,8.9515,0.7666,6.86222,fed_h10_eur
2011-12-23,8.864,0.7669,6.797802,fed_h10_eur
2011-12-27,8.8135,0.7649,6.741446,fed_h10_eur
2011-12-28,8.6945,0.7736,6.726065,fed_h10_eur
2011-12-29,8.693,0.7721,6.711865,fed_h10_eur
2011-12-30,8.655,0.7708,6.671274,fed_h10_eur
2012-01-03,8.9515,0.7656,6.853268,fed_h10_eur
2012-01-04,8.8755,0.7734,6.864311,fed_h10_eur
2012-01-05,8.8805,0.7823,6.947215,fed_h10_eur
2012-01-06,9.1305,0.786,7.176573,fed_h10_eur
2012-01-09,8.928,0.7846,7.004909,fed_h10_eur
2012-01-10,8.967,0.7824,7.015781,fed_h10_eur
2012-01-11,8.945,0.7883,7.051343,fed_h10_eur
2012-01-12,8.7965,0.7802,6.863029,fed_h10_eur
2012-01-13,8.921,0.7885,7.034208,fed_h10_eur
2012-01-17,9.083,0.7849,7.129247,fed_h10_eur
2012-01-18,9.472,0.7797,7.385318,fed_h10_eur
2012-01-19,9.7225,0.773,7.515492,fed_h10_eur
2012-01-20,9.5465,0.7723,7.372762,fed_h10_eur
2012-01-23,9.3045,0.7672,7.138412,fed_h10_eur
2012-01-24,9.35,0.769,7.19015,fed_h10_eur
2012-01-25,9.39,0.7705,7.234995,fed_h10_eur
2012-01-26,9.666,0.7603,7.34906,fed_h10_eur
2012-01-27,9.7685,0.758,7.404523,fed_h10_eur
2012-01-30,9.6075,0.762,7.320915,fed_h10_eur
2012-01-31,9.722,0.7661,7.448024,fed_h10_eur
2012-02-01,8.973,0.7588,6.808712,fed_h10_eur
2012-02-02,9.086,0.7595,6.900817,fed_h10_eur
2012-02-03,9.384,0.763,7.159992,fed_h10_eur
2012-02-06,9.157,0.7616,6.973971,fed_h10_eur
2012-02-07,9.2095,0.7551,6.954094,fed_h10_eur
2012-02-08,9.274,0.7545,6.997233,fed_h10_eur
2012-02-09,9.249,0.752,6.955248,fed_h10_eur
2012-02-10,9.277,0.7583,7.034749,fed_h10_eur
2012-02-13,9.5795,0.7569,7.250724,fed_h10_eur
2012-02-14,9.565,0.7605,7.274182,fed_h10_eur
2012-02-15,9.2235,0.7641,7.047677,fed_h10_eur
2012-02-16,8.9965,0.7628,6.86253,fed_h10_eur
2012-02-17,9.125,0.7605,6.939562,fed_h10_eur
2012-02-21,9.113,0.7544,6.874847,fed_h10_eur
2012-02-22,9.029,0.7547,6.814187,fed_h10_eur
2012-02-23,8.9445,0.7514,6.720897,fed_h10_eur
2012-02-24,8.9565,0.7428,6.652888,fed_h10_eur
2012-02-27,8.9265,0.7457,6.656491,fed_h10_eur
2012-02-28,9.19,0.7434,6.831846,fed_h10_eur
2012-02-29,8.9845,0.7486,6.725797,fed_h10_eur
2012-03-01,9.002,0.7508,6.758701,fed_h10_eur
2012-03-02,8.965,0.7575,6.790988,fed_h10_eur
2012-03-05,9.013,0.7561,6.814729,fed_h10_eur
2012-03-06,9.0545,0.7625,6.904056,fed_h10_eur
2012-03-07,9.1885,0.7605,6.987855,fed_h10_eur
2012-03-08,9.382,0.7544,7.077781,fed_h10_eur
2012-03-09,9.216,0.7629,7.030886,fed_h10_eur
2012-03-12,9.1695,0.761,6.97799,fed_h10_eur
2012-03-13,9.2295,0.7628,7.040262,fed_h10_eur
2012-03-14,9.113,0.7678,6.996961,fed_h10_eur
2012-03-15,9.2215,0.7651,7.05537,fed_h10_eur
2012-03-16,9.2525,0.7592,7.024498,fed_h10_eur
2012-03-19,9.276,0.7552,7.005235,fed_h10_eur
2012-03-20,9.6165,0.7563,7.272959,fed_h10_eur
2012-03-21,9.5865,0.7582,7.268484,fed_h10_eur
2012-03-22,9.62,0.7579,7.290998,fed_h10_eur
2012-03-23,9.752,0.754,7.353008,fed_h10_eur
2012-03-26,10.1435,0.7503,7.610668,fed_h10_eur
2012-03-27,10.272,0.7499,7.702973,fed_h10_eur
2012-03-28,10.058,0.7519,7.56261,fed_h10_eur
2012-03-29,10.2305,0.7539,7.712774,fed_h10_eur
2012-03-30,10.1255,0.75,7.594125,fed_h10_eur
2012-04-02,9.9025,0.7505,7.431826,fed_h10_eur
2012-04-03,9.983,0.7498,7.485253,fed_h10_eur
2012-04-04,9.6995,0.7618,7.389079,fed_h10_eur
2012-04-05,9.7195,0.7655,7.440277,fed_h10_eur
2012-04-09,9.5935,0.7641,7.330393,fed_h10_eur
2012-04-10,9.349,0.7652,7.153855,fed_h10_eur
2012-04-11,9.3985,0.7631,7.171996,fed_h10_eur
2012-04-12,9.5345,0.7592,7.238592,fed_h10_eur
2012-04-13,9.423,0.7644,7.202941,fed_h10_eur
2012-04-16,9.275,0.7653,7.098157,fed_h10_eur
2012-04-17,9.4195,0.762,7.177659,fed_h10_eur
2012-04-18,9.5535,0.7621,7.280722,fed_h10_eur
2012-04-19,9.555,0.7615,7.276133,fed_h10_eur
2012-04-20,9.499,0.7569,7.189793,fed_h10_eur
2012-04-23,9.412,0.7617,7.16912,fed_h10_eur
2012-04-24,9.5165,0.7572,7.205894,fed_h10_eur
2012-04-25,9.721,0.757,7.358797,fed_h10_eur
2012-04-26,9.7995,0.7557,7.405483,fed_h10_eur
2012-04-27,11.3425,0.7548,8.561319,fed_h10_eur
2012-04-30,11.595,0.7559,8.764661,fed_h10_eur
2012-05-01,11.502,0.7561,8.696662,fed_h10_eur
2012-05-02,11.5125,0.7602,8.751802,fed_h10_eur
2012-05-03,11.4725,0.7606,8.725983,fed_h10_eur
2012-05-04,11.1995,0.7639,8.555298,fed_h10_eur
2012-05-07,11.258,0.7662,8.62588,fed_h10_eur
2012-05-08,11.195,0.7683,8.601118,fed_h10_eur
2012-05-09,11.149,0.772,8.607028,fed_h10_eur
2012-05-10,11.3345,0.7717,8.746834,fed_h10_eur
2012-05-11,11.384,0.773,8.799832,fed_h10_eur
2012-05-14,11.1465,0.7784,8.676435,fed_h10_eur
2012-05-15,11.2195,0.7831,8.78599,fed_h10_eur
2012-05-16,11.203,0.7855,8.799957,fed_h10_eur
2012-05-17,10.918,0.7868,8.590283,fed_h10_eur
2012-05-18,10.6925,0.7861,8.405374,fed_h10_eur
2012-05-21,10.9055,0.7831,8.540097,fed_h10_eur
2012-05-22,10.7665,0.7852,8.453856,fed_h10_eur
2012-05-23,10.864,0.7956,8.643399,fed_h10_eur
2012-05-24,10.762,0.7947,8.552561,fed_h10_eur
2012-05-25,10.6445,0.7988,8.502826,fed_h10_eur
2012-05-29,10.7375,0.8008,8.59859,fed_h10_eur
2012-05-30,10.4615,0.8061,8.433015,fed_h10_eur
2012-05-31,10.6455,0.8088,8.610081,fed_h10_eur
2012-06-01,10.411,0.8052,8.382937,fed_h10_eur
2012-06-04,10.7285,0.8003,8.586019,fed_h10_eur
2012-06-05,10.6605,0.8041,8.572108,fed_h10_eur
2012-06-06,10.882,0.7978,8.68166,fed_h10_eur
2012-06-07,10.94,0.7957,8.704958,fed_h10_eur
2012-06-08,10.924,0.8012,8.752309,fed_h10_eur
2012-06-11,10.825,0.7997,8.656752,fed_h10_eur
2012-06-12,10.821,0.8015,8.673032,fed_h10_eur
2012-06-13,10.7365,0.7939,8.523707,fed_h10_eur
2012-06-14,10.7225,0.7931,8.504015,fed_h10_eur
2012-06-15,10.9175,0.7916,8.642293,fed_h10_eur
2012-06-18,11.133,0.795,8.850735,fed_h10_eur
2012-06-19,11.2015,0.7879,8.825662,fed_h10_eur
2012-06-20,11.151,0.7872,8.778067,fed_h10_eur
2012-06-21,11.0285,0.7945,8.762143,fed_h10_eur
2012-06-22,11.108,0.7971,8.854187,fed_h10_eur
2012-06-25,11.0035,0.8013,8.817105,fed_h10_eur
2012-06-26,11.2805,0.8019,9.045833,fed_h10_eur
2012-06-27,11.281,0.8028,9.056387,fed_h10_eur
2012-06-28,11.0655,0.8043,8.899982,fed_h10_eur
2012-06-29,11.4175,0.7894,9.012974,fed_h10_eur
2012-07-02,11.466,0.7947,9.11203,fed_h10_eur
2012-07-03,11.4765,0.7924,9.093978,fed_h10_eur
2012-07-05,11.353,0.8075,9.167547,fed_h10_eur
2012-07-06,11.2525,0.8141,9.16066,fed_h10_eur
2012-07-09,11.2525,0.8131,9.149407,fed_h10_eur
2012-07-10,10.975,0.816,8.9556,fed_h10_eur
2012-07-11,10.9185,0.8167,8.917139,fed_h10_eur
2012-07-12,10.768,0.8197,8.826529,fed_h10_eur
2012-07-13,10.9195,0.8175,8.926692,fed_h10_eur
2012-07-16,10.8005,0.8152,8.804568,fed_h10_eur
2012-07-17,10.8465,0.8174,8.865929,fed_h10_eur
2012-07-18,10.8735,0.8156,8.868426,fed_h10_eur
2012-07-19,11.3085,0.8159,9.226605,fed_h10_eur
2012-07-20,11.4145,0.8213,9.374729,fed_h10_eur
2012-07-23,11.3005,0.8247,9.319522,fed_h10_eur
2012-07-24,11.152,0.829,9.245008,fed_h10_eur
2012-07-25,10.8525,0.8243,8.945716,fed_h10_eur
2012-07-26,11.0005,0.8143,8.957707,fed_h10_eur
2012-07-27,11.866,0.8084,9.592475,fed_h10_eur
2012-07-30,11.8045,0.8163,9.636013,fed_h10_eur
2012-07-31,11.665,0.812,9.47198,fed_h10_eur
2012-08-01,11.6045,0.8131,9.435619,fed_h10_eur
2012-08-02,11.5405,0.8231,9.498985,fed_h10_eur
2012-08-03,11.7485,0.8071,9.482214,fed_h10_eur
2012-08-06,11.6995,0.805,9.418098,fed_h10_eur
2012-08-07,11.828,0.805,9.52154,fed_h10_eur
2012-08-08,11.719,0.8088,9.478327,fed_h10_eur
2012-08-09,11.703,0.8145,9.532094,fed_h10_eur
2012-08-10,11.6375,0.8131,9.462451,fed_h10_eur
2012-08-13,11.622,0.8104,9.418469,fed_h10_eur
2012-08-14,11.6595,0.8111,9.457021,fed_h10_eur
2012-08-15,11.871,0.8138,9.66062,fed_h10_eur
2012-08-16,12.0775,0.8093,9.774321,fed_h10_eur
2012-08-17,12.0585,0.812,9.791502,fed_h10_eur
2012-08-20,12.0175,0.8102,9.736578,fed_h10_eur
2012-08-21,11.9725,0.8018,9.59955,fed_h10_eur
2012-08-22,12.155,0.8018,9.745879,fed_h10_eur
2012-08-23,12.06,0.7947,9.584082,fed_h10_eur
2012-08-24,12.287,0.7979,9.803797,fed_h10_eur
2012-08-27,12.196,0.7991,9.745824,fed_h10_eur
2012-08-28,12.3055,0.7959,9.793947,fed_h10_eur
2012-08-29,12.356,0.7976,9.855146,fed_h10_eur
2012-08-30,12.311,0.8002,9.851262,fed_h10_eur
2012-08-31,12.4135,0.795,9.868732,fed_h10_eur
2012-09-04,12.394,0.7958,9.863145,fed_h10_eur
2012-09-05,12.311,0.7935,9.768778,fed_h10_eur
2012-09-06,12.569,0.792,9.954648,fed_h10_eur
2012-09-07,12.957,0.7815,10.125895,fed_h10_eur
2012-09-10,12.8545,0.7816,10.047077,fed_h10_eur
2012-09-11,12.7835,0.7777,9.941728,fed_h10_eur
2012-09-12,12.7815,0.7756,9.913331,fed_h10_eur
2012-09-13,13.012,0.7745,10.077794,fed_h10_eur
2012-09-14,13.0635,0.7609,9.940017,fed_h10_eur
2012-09-17,12.9,0.7619,9.82851,fed_h10_eur
2012-09-18,12.9375,0.7662,9.912712,fed_h10_eur
2012-09-19,13.084,0.7654,10.014493,fed_h10_eur
2012-09-20,13.0405,0.7723,10.071178,fed_h10_eur
2012-09-21,12.8735,0.7698,9.91002,fed_h10_eur
2012-09-24,12.74,0.7747,9.869678,fed_h10_eur
2012-09-25,12.623,0.7725,9.751268,fed_h10_eur
2012-09-26,12.4835,0.7781,9.713411,fed_h10_eur
2012-09-27,12.8295,0.7768,9.965956,fed_h10_eur
2012-09-28,12.716,0.7778,9.890504,fed_h10_eur
2012-10-01,12.6005,0.7752,9.767908,fed_h10_eur
2012-10-02,12.53,0.7721,9.674413,fed_h10_eur
2012-10-03,12.796,0.7747,9.913061,fed_h10_eur
2012-10-04,13.0235,0.7692,10.017677,fed_h10_eur
2012-10-05,12.9255,0.7658,9.898348,fed_h10_eur
2012-10-08,12.953,0.7658,9.919407,fed_h10_eur
2012-10-09,12.548,0.7766,9.744777,fed_h10_eur
2012-10-10,12.2495,0.7759,9.504387,fed_h10_eur
2012-10-11,12.211,0.7735,9.445209,fed_h10_eur
2012-10-12,12.118,0.7724,9.359943,fed_h10_eur
2012-10-15,12.209,0.7722,9.42779,fed_h10_eur
2012-10-16,12.197,0.7671,9.356318,fed_h10_eur
2012-10-17,12.3745,0.7614,9.421945,fed_h10_eur
2012-10-18,12.2425,0.763,9.341028,fed_h10_eur
2012-10-19,12.0,0.7679,9.2148,fed_h10_eur
2012-10-22,11.689,0.7655,8.94793,fed_h10_eur
2012-10-23,11.7155,0.771,9.03265,fed_h10_eur
2012-10-24,11.4245,0.7724,8.824284,fed_h10_eur
2012-10-25,11.146,0.7717,8.601368,fed_h10_eur
2012-10-26,11.912,0.7729,9.206785,fed_h10_eur
2012-10-31,11.6445,0.7717,8.98606,fed_h10_eur
2012-11-01,11.607,0.773,8.972211,fed_h10_eur
2012-11-02,11.621,0.7783,9.044625,fed_h10_eur
2012-11-05,11.7165,0.7819,9.161132,fed_h10_eur
2012-11-06,11.878,0.7802,9.267216,fed_h10_eur
2012-11-07,11.603,0.7838,9.094431,fed_h10_eur
2012-11-08,11.3675,0.7849,8.922351,fed_h10_eur
2012-11-09,11.3155,0.7865,8.899641,fed_h10_eur
2012-11-12,11.3235,0.7865,8.905932,fed_h10_eur
2012-11-13,11.33,0.7864,8.909912,fed_h10_eur
2012-11-14,11.1475,0.7849,8.749673,fed_h10_eur
2012-11-15,11.03,0.7823,8.628769,fed_h10_eur
2012-11-16,11.2615,0.7865,8.85717,fed_h10_eur
2012-11-19,11.4855,0.7809,8.969027,fed_h10_eur
2012-11-20,11.689,0.7804,9.122096,fed_h10_eur
2012-11-21,11.9015,0.7803,9.28674,fed_h10_eur
2012-11-23,11.994,0.7717,9.25577,fed_h10_eur
2012-11-26,12.181,0.7712,9.393987,fed_h10_eur
2012-11-27,12.17,0.7728,9.404976,fed_h10_eur
2012-11-28,12.3555,0.7738,9.560686,fed_h10_eur
2012-11-29,12.5635,0.772,9.699022,fed_h10_eur
2012-11-30,12.6025,0.7686,9.686281,fed_h10_eur
2012-12-03,12.5165,0.7653,9.578878,fed_h10_eur
2012-12-04,12.6245,0.7645,9.65143,fed_h10_eur
2012-12-05,12.698,0.7647,9.710161,fed_h10_eur
2012-12-06,12.6685,0.7711,9.76868,fed_h10_eur
2012-12-07,12.6635,0.7727,9.785086,fed_h10_eur
2012-12-10,12.3885,0.7734,9.581266,fed_h10_eur
2012-12-11,12.5345,0.7697,9.647805,fed_h10_eur
2012-12-12,12.588,0.767,9.654996,fed_h10_eur
2012-12-13,12.5625,0.7647,9.606544,fed_h10_eur
2012-12-14,12.4595,0.7614,9.486664,fed_h10_eur
2012-12-17,12.693,0.7594,9.639064,fed_h10_eur
2012-12-18,13.02,0.7562,9.845724,fed_h10_eur
2012-12-19,12.8995,0.7541,9.727513,fed_h10_eur
2012-12-20,13.075,0.7562,9.887315,fed_h10_eur
2012-12-21,12.846,0.7595,9.756537,fed_h10_eur
2012-12-24,12.931,0.7588,9.812043,fed_h10_eur
2012-12-26,12.4315,0.756,9.398214,fed_h10_eur
2012-12-27,12.4155,0.756,9.386118,fed_h10_eur
2012-12-28,12.259,0.7564,9.272707,fed_h10_eur
2012-12-31,12.5435,0.7584,9.51299,fed_h10_eur
2013-01-02,12.8655,0.7579,9.750763,fed_h10_eur
2013-01-03,12.924,0.7628,9.858427,fed_h10_eur
2013-01-04,12.9575,0.7665,9.931924,fed_h10_eur
2013-01-07,13.423,0.7634,10.247118,fed_h10_eur
2013-01-08,13.319,0.7652,10.191699,fed_h10_eur
2013-01-09,13.3175,0.7646,10.182561,fed_h10_eur
2013-01-10,13.267,0.7564,10.035159,fed_h10_eur
2013-01-11,13.397,0.7489,10.033014,fed_h10_eur
2013-01-14,13.6365,0.748,10.200102,fed_h10_eur
2013-01-15,13.595,0.7495,10.189453,fed_h10_eur
2013-01-16,13.4465,0.7516,10.106389,fed_h10_eur
2013-01-17,13.524,0.7487,10.125419,fed_h10_eur
2013-01-18,13.606,0.7517,10.22763,fed_h10_eur
2013-01-22,13.5095,0.7517,10.155091,fed_h10_eur
2013-01-23,13.4055,0.7514,10.072893,fed_h10_eur
2013-01-24,13.673,0.7475,10.220568,fed_h10_eur
2013-01-25,14.1995,0.7432,10.553068,fed_h10_eur
2013-01-28,13.802,0.743,10.254886,fed_h10_eur
2013-01-29,13.0175,0.7416,9.653778,fed_h10_eur
2013-01-30,13.638,0.7372,10.053933,fed_h10_eur
2013-01-31,13.275,0.7362,9.773055,fed_h10_eur
2013-02-01,13.25,0.7304,9.6778,fed_h10_eur
2013-02-04,12.999,0.7393,9.61016,fed_h10_eur
2013-02-05,13.3445,0.737,9.834896,fed_h10_eur
2013-02-06,13.111,0.7392,9.691651,fed_h10_eur
2013-02-07,13.0115,0.7473,9.723494,fed_h10_eur
2013-02-08,13.0975,0.7482,9.799549,fed_h10_eur
2013-02-11,12.8605,0.7455,9.587503,fed_h10_eur
2013-02-12,12.935,0.7435,9.617173,fed_h10_eur
2013-02-13,13.4735,0.7436,10.018895,fed_h10_eur
2013-02-14,13.462,0.75,10.0965,fed_h10_eur
2013-02-15,13.2545,0.7484,9.919668,fed_h10_eur
2013-02-19,13.4875,0.747,10.075163,fed_h10_eur
2013-02-20,13.3205,0.7491,9.978387,fed_h10_eur
2013-02-21,13.297,0.7573,10.069818,fed_h10_eur
2013-02-22,13.271,0.7595,10.079324,fed_h10_eur
2013-02-25,12.9935,0.7592,9.864665,fed_h10_eur
2013-02-26,12.968,0.766,9.933488,fed_h10_eur
2013-02-27,13.1625,0.7631,10.044304,fed_h10_eur
2013-02-28,13.2135,0.7646,10.103042,fed_h10_eur
2013-03-01,13.287,0.7699,10.229661,fed_h10_eur
2013-03-04,13.6555,0.7695,10.507908,fed_h10_eur
2013-03-05,13.7795,0.7681,10.584034,fed_h10_eur
2013-03-06,13.6895,0.7698,10.538177,fed_h10_eur
2013-03-07,13.694,0.7635,10.455369,fed_h10_eur
2013-03-08,13.7095,0.7697,10.552202,fed_h10_eur
2013-03-11,13.562,0.7684,10.421041,fed_h10_eur
2013-03-12,13.7065,0.7679,10.525221,fed_h10_eur
2013-03-13,13.755,0.7723,10.622987,fed_h10_eur
2013-03-14,13.287,0.7708,10.241619,fed_h10_eur
2013-03-15,13.091,0.7648,10.011996,fed_h10_eur
2013-03-18,12.8945,0.7718,9.951975,fed_h10_eur
2013-03-19,12.8205,0.7759,9.947426,fed_h10_eur
2013-03-20,12.864,0.7722,9.933581,fed_h10_eur
2013-03-21,12.6695,0.7735,9.799859,fed_h10_eur
2013-03-22,12.8875,0.7695,9.916931,fed_h10_eur
2013-03-25,12.801,0.7763,9.937416,fed_h10_eur
2013-03-26,13.0155,0.7777,10.122154,fed_h10_eur
2013-03-27,13.265,0.7824,10.378536,fed_h10_eur
2013-03-28,13.3245,0.7787,10.375788,fed_h10_eur
2013-04-01,13.0805,0.7778,10.174013,fed_h10_eur
2013-04-02,13.166,0.7791,10.257631,fed_h10_eur
2013-04-03,12.9515,0.7784,10.081448,fed_h10_eur
2013-04-04,12.954,0.778,10.078212,fed_h10_eur
2013-04-05,12.774,0.7676,9.805323,fed_h10_eur
2013-04-08,12.9475,0.7688,9.954038,fed_h10_eur
2013-04-09,13.057,0.7638,9.972937,fed_h10_eur
2013-04-10,13.2385,0.7657,10.136719,fed_h10_eur
2013-04-11,13.4925,0.762,10.281285,fed_h10_eur
2013-04-12,13.6435,0.7637,10.419541,fed_h10_eur
2013-04-15,13.386,0.7644,10.232258,fed_h10_eur
2013-04-16,13.617,0.761,10.362537,fed_h10_eur
2013-04-17,13.37,0.7663,10.245431,fed_h10_eur
2013-04-18,12.971,0.765,9.922815,fed_h10_eur
2013-04-19,13.016,0.7653,9.961145,fed_h10_eur
2013-04-22,13.1775,0.7663,10.097918,fed_h10_eur
2013-04-23,13.445,0.7685,10.332482,fed_h10_eur
2013-04-24,13.439,0.7694,10.339967,fed_h10_eur
2013-04-25,13.735,0.769,10.562215,fed_h10_eur
2013-04-26,12.7405,0.7678,9.782156,fed_h10_eur
2013-04-29,12.487,0.7639,9.53882,fed_h10_eur
2013-04-30,12.6905,0.7594,9.637166,fed_h10_eur
2013-05-01,12.4115,0.758,9.407917,fed_h10_eur
2013-05-02,12.6275,0.7653,9.663825,fed_h10_eur
2013-05-03,12.9025,0.7627,9.840737,fed_h10_eur
2013-05-06,12.786,0.7653,9.785126,fed_h10_eur
2013-05-07,12.8865,0.7642,9.847864,fed_h10_eur
2013-05-08,12.934,0.7589,9.815613,fed_h10_eur
2013-05-09,13.008,0.7631,9.926405,fed_h10_eur
2013-05-10,13.1815,0.7719,10.1748,fed_h10_eur
2013-05-13,13.2255,0.7704,10.188925,fed_h10_eur
2013-05-14,13.4165,0.7711,10.345463,fed_h10_eur
2013-05-15,13.328,0.7778,10.366518,fed_h10_eur
2013-05-16,13.206,0.7753,10.238612,fed_h10_eur
2013-05-17,13.495,0.7802,10.528799,fed_h10_eur
2013-05-20,13.3815,0.7773,10.40144,fed_h10_eur
2013-05-21,13.443,0.7746,10.412948,fed_h10_eur
2013-05-22,13.148,0.7774,10.221255,fed_h10_eur
2013-05-23,13.09,0.7726,10.113334,fed_h10_eur
2013-05-24,13.087,0.774,10.129338,fed_h10_eur
2013-05-28,13.3645,0.777,10.384217,fed_h10_eur
2013-05-29,13.2765,0.7726,10.257424,fed_h10_eur
2013-05-30,13.3415,0.7668,10.230262,fed_h10_eur
2013-05-31,13.46,0.7699,10.362854,fed_h10_eur
2013-06-03,13.344,0.7635,10.188144,fed_h10_eur
2013-06-04,13.285,0.7648,10.160368,fed_h10_eur
2013-06-05,13.3585,0.7641,10.207229,fed_h10_eur
2013-06-06,13.3915,0.7548,10.107905,fed_h10_eur
2013-06-07,13.8435,0.7552,10.454611,fed_h10_eur
2013-06-10,14.0535,0.7556,10.618825,fed_h10_eur
2013-06-11,13.739,0.7531,10.346841,fed_h10_eur
2013-06-12,13.5835,0.7488,10.171325,fed_h10_eur
2013-06-13,13.7895,0.7511,10.357294,fed_h10_eur
2013-06-14,13.6995,0.7502,10.277365,fed_h10_eur
2013-06-17,13.903,0.7496,10.421689,fed_h10_eur
2013-06-18,14.088,0.7459,10.508239,fed_h10_eur
2013-06-19,13.908,0.746,10.375368,fed_h10_eur
2013-06-20,13.672,0.7568,10.34697,fed_h10_eur
2013-06-21,13.668,0.7626,10.423217,fed_h10_eur
2013-06-24,13.5305,0.7639,10.335949,fed_h10_eur
2013-06-25,13.6045,0.7645,10.40064,fed_h10_eur
2013-06-26,13.8785,0.7689,10.671179,fed_h10_eur
2013-06-27,13.8775,0.7683,10.662083,fed_h10_eur
2013-06-28,13.8845,0.7686,10.671626,fed_h10_eur
2013-07-01,14.105,0.7657,10.800198,fed_h10_eur
2013-07-02,14.1865,0.7682,10.898069,fed_h10_eur
2013-07-03,14.2015,0.7689,10.919533,fed_h10_eur
2013-07-05,14.294,0.7794,11.140743,fed_h10_eur
2013-07-08,14.5295,0.7774,11.295233,fed_h10_eur
2013-07-09,14.5765,0.7828,11.410484,fed_h10_eur
2013-07-10,14.6165,0.7785,11.378945,fed_h10_eur
2013-07-11,14.983,0.7665,11.484469,fed_h10_eur
2013-07-12,15.3775,0.7664,11.785316,fed_h10_eur
2013-07-15,15.3285,0.7669,11.755426,fed_h10_eur
2013-07-16,15.3435,0.7608,11.673335,fed_h10_eur
2013-07-17,15.4345,0.7637,11.787327,fed_h10_eur
2013-07-18,15.2055,0.7646,11.626125,fed_h10_eur
2013-07-19,15.2615,0.7609,11.612476,fed_h10_eur
2013-07-22,15.174,0.758,11.501892,fed_h10_eur
2013-07-23,15.053,0.7569,11.393616,fed_h10_eur
2013-07-24,14.947,0.756,11.299932,fed_h10_eur
2013-07-25,15.17,0.7556,11.462452,fed_h10_eur
2013-07-26,15.6005,0.7536,11.756537,fed_h10_eur
2013-07-29,15.305,0.754,11.53997,fed_h10_eur
2013-07-30,15.1205,0.7538,11.397833,fed_h10_eur
2013-07-31,15.061,0.7529,11.339427,fed_h10_eur
2013-08-01,15.2785,0.7566,11.559713,fed_h10_eur
2013-08-02,15.2105,0.7537,11.464154,fed_h10_eur
2013-08-05,15.0495,0.7543,11.351838,fed_h10_eur
2013-08-06,15.0375,0.7521,11.309704,fed_h10_eur
2013-08-07,14.8455,0.7502,11.137094,fed_h10_eur
2013-08-08,14.787,0.7467,11.041453,fed_h10_eur
2013-08-09,14.863,0.7497,11.142791,fed_h10_eur
2013-08-12,14.8345,0.7512,11.143677,fed_h10_eur
2013-08-13,14.6985,0.7549,11.095897,fed_h10_eur
2013-08-14,14.567,0.7544,10.989345,fed_h10_eur
2013-08-15,14.3235,0.754,10.799919,fed_h10_eur
2013-08-16,14.241,0.7507,10.690719,fed_h10_eur
2013-08-19,14.2785,0.7492,10.697452,fed_h10_eur
2013-08-20,14.3545,0.7448,10.691231,fed_h10_eur
2013-08-21,14.2285,0.7481,10.644341,fed_h10_eur
2013-08-22,14.4865,0.7484,10.841696,fed_h10_eur
2013-08-23,14.5005,0.7467,10.827523,fed_h10_eur
2013-08-26,14.3105,0.748,10.704254,fed_h10_eur
2013-08-27,14.0465,0.747,10.492736,fed_h10_eur
2013-08-28,14.079,0.7504,10.564882,fed_h10_eur
2013-08-29,14.199,0.756,10.734444,fed_h10_eur
2013-08-30,14.049,0.7578,10.646332,fed_h10_eur
2013-09-03,14.44,0.7596,10.968624,fed_h10_eur
2013-09-04,14.682,0.7569,11.112806,fed_h10_eur
2013-09-05,14.705,0.7622,11.208151,fed_h10_eur
2013-09-06,14.793,0.7595,11.235284,fed_h10_eur
2013-09-09,14.9855,0.7541,11.300566,fed_h10_eur
2013-09-10,15.018,0.7541,11.325074,fed_h10_eur
2013-09-11,14.982,0.7518,11.263468,fed_h10_eur
2013-09-12,14.943,0.751,11.222193,fed_h10_eur
2013-09-13,14.896,0.7532,11.219667,fed_h10_eur
2013-09-16,14.803,0.7491,11.088928,fed_h10_eur
2013-09-17,15.2085,0.7487,11.386604,fed_h10_eur
2013-09-18,15.6015,0.749,11.685523,fed_h10_eur
2013-09-19,15.603,0.7393,11.535298,fed_h10_eur
2013-09-20,15.817,0.7395,11.696672,fed_h10_eur
2013-09-23,15.5745,0.7396,11.5189,fed_h10_eur
2013-09-24,15.7065,0.7413,11.643228,fed_h10_eur
2013-09-25,15.6325,0.7388,11.549291,fed_h10_eur
2013-09-26,15.906,0.7416,11.79589,fed_h10_eur
2013-09-27,15.8005,0.7387,11.671829,fed_h10_eur
2013-09-30,15.632,0.7388,11.548922,fed_h10_eur
2013-10-01,16.047501,0.7389,11.857498,fed_h10_eur
2013-10-02,16.025499,0.7357,11.78996,fed_h10_eur
2013-10-03,15.738,0.733,11.535954,fed_h10_eur
2013-10-04,15.952,0.7363,11.745457,fed_h10_eur
2013-10-07,15.5015,0.737,11.424606,fed_h10_eur
2013-10-08,15.1615,0.7363,11.163412,fed_h10_eur
2013-10-09,14.9115,0.74,11.03451,fed_h10_eur
2013-10-10,15.2585,0.7388,11.27298,fed_h10_eur
2013-10-11,15.5445,0.7375,11.464069,fed_h10_eur
2013-10-14,15.535,0.7375,11.457062,fed_h10_eur
2013-10-15,15.32,0.7411,11.353652,fed_h10_eur
2013-10-16,15.5245,0.7413,11.508312,fed_h10_eur
2013-10-17,15.5385,0.7319,11.372628,fed_h10_eur
2013-10-18,16.446501,0.7303,12.01088,fed_h10_eur
2013-10-21,16.322001,0.7314,11.937911,fed_h10_eur
2013-10-22,16.627001,0.7258,12.067877,fed_h10_eur
2013-10-23,16.337999,0.7254,11.851585,fed_h10_eur
2013-10-24,16.6105,0.7241,12.027663,fed_h10_eur
2013-10-25,18.1695,0.725,13.172888,fed_h10_eur
2013-10-28,17.908001,0.7254,12.990464,fed_h10_eur
2013-10-29,18.135,0.7262,13.169637,fed_h10_eur
2013-10-30,18.054001,0.7262,13.110815,fed_h10_eur
2013-10-31,18.2015,0.7356,13.389023,fed_h10_eur
2013-11-01,17.950001,0.7414,13.308131,fed_h10_eur
2013-11-04,17.937,0.7399,13.271587,fed_h10_eur
2013-11-05,17.9445,0.7424,13.321997,fed_h10_eur
2013-11-06,17.809,0.7391,13.162632,fed_h10_eur
2013-11-07,17.177999,0.7468,12.82853,fed_h10_eur
2013-11-08,17.515499,0.7487,13.113854,fed_h10_eur
2013-11-11,17.719,0.7487,13.266215,fed_h10_eur
2013-11-12,17.4765,0.7447,13.014749,fed_h10_eur
2013-11-13,17.811001,0.7432,13.237136,fed_h10_eur
2013-11-14,18.370001,0.7425,13.639726,fed_h10_eur
2013-11-15,18.4585,0.7418,13.692515,fed_h10_eur
2013-11-18,18.309,0.7396,13.541336,fed_h10_eur
2013-11-19,18.247,0.7392,13.488182,fed_h10_eur
2013-11-20,18.1285,0.7434,13.476727,fed_h10_eur
2013-11-21,18.445999,0.7424,13.69431,fed_h10_eur
2013-11-22,18.615499,0.7382,13.741962,fed_h10_eur
2013-11-25,18.832001,0.7406,13.94698,fed_h10_eur
2013-11-26,19.068501,0.7377,14.066833,fed_h10_eur
2013-11-27,19.335501,0.7373,14.256065,fed_h10_eur
2013-11-29,19.681,0.735,14.465535,fed_h10_eur
2013-12-02,19.615,0.7379,14.473908,fed_h10_eur
2013-12-03,19.233,0.7351,14.138178,fed_h10_eur
2013-12-04,19.298,0.7377,14.236135,fed_h10_eur
2013-12-05,19.224501,0.7319,14.070412,fed_h10_eur
2013-12-06,19.3475,0.7305,14.133349,fed_h10_eur
2013-12-09,19.244499,0.7285,14.019618,fed_h10_eur
2013-12-10,19.389,0.7265,14.086108,fed_h10_eur
2013-12-11,19.109501,0.7247,13.848655,fed_h10_eur
2013-12-12,19.0625,0.7272,13.86225,fed_h10_eur
2013-12-13,19.212,0.7287,13.999784,fed_h10_eur
2013-12-16,19.4485,0.7269,14.137114,fed_h10_eur
2013-12-17,19.3825,0.7274,14.09883,fed_h10_eur
2013-12-18,19.798,0.7264,14.381267,fed_h10_eur
2013-12-19,19.759501,0.7317,14.458027,fed_h10_eur
2013-12-20,20.110001,0.7314,14.708454,fed_h10_eur
2013-12-23,20.146,0.7299,14.704565,fed_h10_eur
2013-12-24,19.959999,0.7312,14.594751,fed_h10_eur
2013-12-26,20.2195,0.7305,14.770344,fed_h10_eur
2013-12-27,19.903999,0.7264,14.458265,fed_h10_eur
2013-12-30,19.668501,0.7238,14.236061,fed_h10_eur
2013-12-31,19.939501,0.7257,14.470096,fed_h10_eur
2014-01-02,19.8985,0.7315,14.555753,fed_h10_eur
2014-01-03,19.822001,0.735,14.56917,fed_h10_eur
2014-01-06,19.681499,0.7334,14.434412,fed_h10_eur
2014-01-07,19.901501,0.7343,14.613672,fed_h10_eur
2014-01-08,20.096001,0.7361,14.792666,fed_h10_eur
2014-01-09,20.050501,0.7358,14.753159,fed_h10_eur
2014-01-10,19.882999,0.7319,14.552367,fed_h10_eur
2014-01-13,19.549,0.7328,14.325507,fed_h10_eur
2014-01-14,19.877001,0.7309,14.5281,fed_h10_eur
2014-01-15,19.793501,0.7351,14.550203,fed_h10_eur
2014-01-16,19.790001,0.7353,14.551588,fed_h10_eur
2014-01-17,19.980499,0.7378,14.741612,fed_h10_eur
2014-01-21,20.352501,0.7375,15.009969,fed_h10_eur
2014-01-22,20.226999,0.7382,14.931571,fed_h10_eur
2014-01-23,19.9935,0.731,14.615248,fed_h10_eur
2014-01-24,19.379999,0.731,14.166779,fed_h10_eur
2014-01-27,19.313999,0.731,14.118533,fed_h10_eur
2014-01-28,19.7215,0.732,14.436138,fed_h10_eur
2014-01-29,19.209999,0.7319,14.059798,fed_h10_eur
2014-01-30,20.150499,0.7381,14.873084,fed_h10_eur
2014-01-31,17.9345,0.7407,13.284084,fed_h10_eur
2014-02-03,17.307501,0.7395,12.798897,fed_h10_eur
2014-02-04,17.397499,0.7404,12.881108,fed_h10_eur
2014-02-05,17.3225,0.7397,12.813453,fed_h10_eur
2014-02-06,17.7295,0.7351,13.032955,fed_h10_eur
2014-02-07,18.054001,0.7345,13.260664,fed_h10_eur
2014-02-10,18.043501,0.7329,13.224082,fed_h10_eur
2014-02-11,18.0895,0.7324,13.24875,fed_h10_eur
2014-02-12,17.4625,0.7357,12.847161,fed_h10_eur
2014-02-13,17.860001,0.7316,13.066376,fed_h10_eur
2014-02-14,17.8675,0.7305,13.052209,fed_h10_eur
2014-02-18,17.682501,0.7268,12.851642,fed_h10_eur
2014-02-19,17.368999,0.7266,12.620315,fed_h10_eur
2014-02-20,17.49,0.7305,12.776445,fed_h10_eur
2014-02-21,17.337999,0.7288,12.635934,fed_h10_eur
2014-02-24,17.589001,0.7276,12.797757,fed_h10_eur
2014-02-25,17.916,0.7273,13.030307,fed_h10_eur
2014-02-26,17.99,0.7316,13.161484,fed_h10_eur
2014-02-27,18.0065,0.7287,13.121337,fed_h10_eur
2014-02-28,18.105,0.7243,13.113451,fed_h10_eur
2014-03-03,17.989,0.7266,13.070808,fed_h10_eur
2014-03-04,18.195,0.7283,13.251418,fed_h10_eur
2014-03-05,18.6185,0.7281,13.55613,fed_h10_eur
2014-03-06,18.608,0.7221,13.436837,fed_h10_eur
2014-03-07,18.603001,0.7211,13.414624,fed_h10_eur
2014-03-10,18.526501,0.7205,13.348344,fed_h10_eur
2014-03-11,18.441,0.7211,13.297805,fed_h10_eur
2014-03-12,18.532,0.7192,13.328214,fed_h10_eur
2014-03-13,18.5755,0.718,13.337209,fed_h10_eur
2014-03-14,18.687,0.7182,13.421004,fed_h10_eur
2014-03-17,18.752001,0.718,13.463937,fed_h10_eur
2014-03-18,18.938499,0.7188,13.612993,fed_h10_eur
2014-03-19,18.661501,0.7189,13.415753,fed_h10_eur
2014-03-20,18.4485,0.7255,13.384387,fed_h10_eur
2014-03-21,18.031,0.7255,13.081491,fed_h10_eur
2014-03-24,17.592501,0.7255,12.763359,fed_h10_eur
2014-03-25,17.7355,0.7258,12.872426,fed_h10_eur
2014-03-26,17.1705,0.7254,12.455481,fed_h10_eur
2014-03-27,16.9235,0.7272,12.306769,fed_h10_eur
2014-03-28,16.914499,0.7271,12.298532,fed_h10_eur
2014-03-31,16.818501,0.7258,12.206868,fed_h10_eur
2014-04-01,17.1495,0.7244,12.423098,fed_h10_eur
2014-04-02,17.098,0.7267,12.425116,fed_h10_eur
2014-04-03,16.681,0.7295,12.168789,fed_h10_eur
2014-04-04,16.15,0.7297,11.784655,fed_h10_eur
2014-04-07,15.888,0.7275,11.55852,fed_h10_eur
2014-04-08,16.3535,0.7245,11.848111,fed_h10_eur
2014-04-09,16.5905,0.7238,12.008204,fed_h10_eur
2014-04-10,15.8555,0.7198,11.412789,fed_h10_eur
2014-04-11,15.5865,0.7195,11.214487,fed_h10_eur
2014-04-14,15.7955,0.7234,11.426465,fed_h10_eur
2014-04-15,15.804,0.7243,11.446837,fed_h10_eur
2014-04-16,16.184,0.7236,11.710742,fed_h10_eur
2014-04-17,16.245501,0.723,11.745497,fed_h10_eur
2014-04-21,16.543501,0.7252,11.997347,fed_h10_eur
2014-04-22,16.466,0.7244,11.92797,fed_h10_eur
2014-04-23,16.229,0.7239,11.748173,fed_h10_eur
2014-04-24,16.8575,0.7232,12.191344,fed_h10_eur
2014-04-25,15.1915,0.7226,10.977378,fed_h10_eur
2014-04-28,14.829,0.7223,10.710987,fed_h10_eur
2014-04-29,15.019,0.7242,10.87676,fed_h10_eur
2014-04-30,15.2065,0.721,10.963887,fed_h10_eur
2014-05-01,15.3945,0.7211,11.100974,fed_h10_eur
2014-05-02,15.4005,0.7213,11.108381,fed_h10_eur
2014-05-05,15.5025,0.7203,11.16645,fed_h10_eur
2014-05-06,14.869,0.7182,10.678916,fed_h10_eur
2014-05-07,14.6355,0.7185,10.515607,fed_h10_eur
2014-05-08,14.416,0.7213,10.398261,fed_h10_eur
2014-05-09,14.612,0.7266,10.61708,fed_h10_eur
2014-05-12,15.143,0.7267,11.004418,fed_h10_eur
2014-05-13,15.232,0.7293,11.108698,fed_h10_eur
2014-05-14,14.881,0.729,10.848249,fed_h10_eur
2014-05-15,14.7595,0.7293,10.764103,fed_h10_eur
2014-05-16,14.885,0.7295,10.858608,fed_h10_eur
2014-05-19,14.838,0.7291,10.818386,fed_h10_eur
2014-05-20,15.0595,0.7298,10.990423,fed_h10_eur
2014-05-21,15.2505,0.7322,11.166416,fed_h10_eur
2014-05-22,15.2455,0.7325,11.167328,fed_h10_eur
2014-05-23,15.612,0.7338,11.456086,fed_h10_eur
2014-05-27,15.541,0.7343,11.411757,fed_h10_eur
2014-05-28,15.508,0.7355,11.406134,fed_h10_eur
2014-05-29,15.689,0.7349,11.529846,fed_h10_eur
2014-05-30,15.6275,0.7331,11.45652,fed_h10_eur
2014-06-02,15.442,0.735,11.34987,fed_h10_eur
2014-06-03,15.3595,0.734,11.273873,fed_h10_eur
2014-06-04,15.339,0.7343,11.263428,fed_h10_eur
2014-06-05,16.178499,0.7343,11.879872,fed_h10_eur
2014-06-06,16.4835,0.7332,12.085702,fed_h10_eur
2014-06-09,16.375,0.7359,12.050362,fed_h10_eur
2014-06-10,16.620501,0.7384,12.272578,fed_h10_eur
2014-06-11,16.76,0.739,12.38564,fed_h10_eur
2014-06-12,16.2955,0.7377,12.02119,fed_h10_eur
2014-06-13,16.313499,0.7395,12.063833,fed_h10_eur
2014-06-16,16.381001,0.7365,12.064607,fed_h10_eur
2014-06-17,16.281,0.7384,12.021891,fed_h10_eur
2014-06-18,16.719,0.7371,12.323575,fed_h10_eur
2014-06-19,16.35,0.7342,12.00417,fed_h10_eur
2014-06-20,16.209999,0.7361,11.93218,fed_h10_eur
2014-06-23,16.362,0.7357,12.037523,fed_h10_eur
2014-06-24,16.208,0.7359,11.927467,fed_h10_eur
2014-06-25,16.372,0.7332,12.00395,fed_h10_eur
2014-06-26,16.2845,0.7348,11.965851,fed_h10_eur
2014-06-27,16.2285,0.7336,11.905228,fed_h10_eur
2014-06-30,16.239,0.7305,11.86259,fed_h10_eur
2014-07-01,16.619499,0.7309,12.147192,fed_h10_eur
2014-07-02,16.6425,0.7323,12.187303,fed_h10_eur
2014-07-03,16.8745,0.7348,12.399383,fed_h10_eur
2014-07-07,16.6775,0.7351,12.25963,fed_h10_eur
2014-07-08,16.1905,0.7345,11.891922,fed_h10_eur
2014-07-09,16.498501,0.7337,12.10495,fed_h10_eur
2014-07-10,16.396,0.7353,12.055979,fed_h10_eur
2014-07-11,17.309999,0.7354,12.729774,fed_h10_eur
2014-07-14,17.766001,0.7342,13.043798,fed_h10_eur
2014-07-15,17.722,0.7368,13.05757,fed_h10_eur
2014-07-16,17.795,0.7391,13.152285,fed_h10_eur
2014-07-17,17.622499,0.7391,13.024789,fed_h10_eur
2014-07-18,17.933001,0.7399,13.268627,fed_h10_eur
2014-07-21,17.988001,0.7394,13.300328,fed_h10_eur
2014-07-22,18.042,0.7424,13.394381,fed_h10_eur
2014-07-23,17.907,0.7428,13.301319,fed_h10_eur
2014-07-24,17.9305,0.7425,13.313396,fed_h10_eur
2014-07-25,16.2005,0.7445,12.061273,fed_h10_eur
2014-07-28,16.0205,0.744,11.919252,fed_h10_eur
2014-07-29,16.0,0.7457,11.9312,fed_h10_eur
2014-07-30,16.1255,0.7475,12.053811,fed_h10_eur
2014-07-31,15.6495,0.7468,11.687047,fed_h10_eur
2014-08-01,15.353,0.7443,11.427238,fed_h10_eur
2014-08-04,15.6825,0.7455,11.691304,fed_h10_eur
2014-08-05,15.616,0.7482,11.683891,fed_h10_eur
2014-08-06,15.6945,0.7488,11.752042,fed_h10_eur
2014-08-07,15.5725,0.7484,11.654459,fed_h10_eur
2014-08-08,15.84,0.7456,11.810304,fed_h10_eur
2014-08-11,15.9165,0.7471,11.891217,fed_h10_eur
2014-08-12,15.966,0.7487,11.953744,fed_h10_eur
2014-08-13,16.313999,0.7481,12.204503,fed_h10_eur
2014-08-14,16.6605,0.7476,12.455389,fed_h10_eur
2014-08-15,16.681499,0.7467,12.456076,fed_h10_eur
2014-08-18,16.7265,0.7486,12.521458,fed_h10_eur
2014-08-19,16.7565,0.7508,12.58078,fed_h10_eur
2014-08-20,16.789,0.7528,12.638759,fed_h10_eur
2014-08-21,16.6455,0.7528,12.530733,fed_h10_eur
2014-08-22,16.5795,0.7555,12.525812,fed_h10_eur
2014-08-25,16.701,0.7572,12.645997,fed_h10_eur
2014-08-26,17.091499,0.7582,12.958775,fed_h10_eur
2014-08-27,17.159,0.758,13.006522,fed_h10_eur
2014-08-28,17.000999,0.7588,12.900358,fed_h10_eur
2014-08-29,16.952,0.7605,12.891996,fed_h10_eur
2014-09-02,17.118999,0.762,13.044678,fed_h10_eur
2014-09-03,16.950001,0.7613,12.904036,fed_h10_eur
2014-09-04,17.297501,0.7736,13.381346,fed_h10_eur
2014-09-05,17.319,0.7718,13.366804,fed_h10_eur
2014-09-08,17.117001,0.7723,13.21946,fed_h10_eur
2014-09-09,16.487499,0.7747,12.772866,fed_h10_eur
2014-09-10,16.5665,0.7747,12.834067,fed_h10_eur
2014-09-11,16.525999,0.773,12.774597,fed_h10_eur
2014-09-12,16.5595,0.7719,12.782278,fed_h10_eur
2014-09-15,16.1945,0.7721,12.503773,fed_h10_eur
2014-09-16,16.388,0.7707,12.630232,fed_h10_eur
2014-09-17,16.200001,0.7717,12.501541,fed_h10_eur
2014-09-18,16.25,0.7744,12.584,fed_h10_eur
2014-09-19,16.566,0.7791,12.906571,fed_h10_eur
2014-09-22,16.225,0.7795,12.647388,fed_h10_eur
2014-09-23,16.181499,0.7777,12.584352,fed_h10_eur
2014-09-24,16.4105,0.782,12.833011,fed_h10_eur
2014-09-25,16.0965,0.7844,12.626095,fed_h10_eur
2014-09-26,16.1605,0.7883,12.739322,fed_h10_eur
2014-09-29,16.091,0.7872,12.666835,fed_h10_eur
2014-09-30,16.122,0.7919,12.767012,fed_h10_eur
2014-10-01,15.873,0.7925,12.579353,fed_h10_eur
2014-10-02,15.9205,0.7893,12.56605,fed_h10_eur
2014-10-03,16.136999,0.7989,12.891849,fed_h10_eur
2014-10-06,16.110001,0.7942,12.794562,fed_h10_eur
2014-10-07,15.849,0.792,12.552408,fed_h10_eur
2014-10-08,16.135,0.7885,12.722448,fed_h10_eur
2014-10-09,15.7685,0.7885,12.433463,fed_h10_eur
2014-10-10,15.5695,0.7914,12.321702,fed_h10_eur
2014-10-13,15.3225,0.7914,12.126227,fed_h10_eur
2014-10-14,15.4155,0.7899,12.176703,fed_h10_eur
2014-10-15,15.2985,0.7826,11.972606,fed_h10_eur
2014-10-16,15.143,0.7805,11.819111,fed_h10_eur
2014-10-17,15.182,0.784,11.902688,fed_h10_eur
2014-10-20,15.3105,0.7823,11.977404,fed_h10_eur
2014-10-21,15.7665,0.7859,12.390893,fed_h10_eur
2014-10-22,15.6485,0.79,12.362315,fed_h10_eur
2014-10-23,15.659,0.79,12.37061,fed_h10_eur
2014-10-24,14.353,0.789,11.324517,fed_h10_eur
2014-10-27,14.4985,0.7867,11.40597,fed_h10_eur
2014-10-28,14.7795,0.7845,11.594518,fed_h10_eur
2014-10-29,14.706,0.7836,11.523622,fed_h10_eur
2014-10-30,14.9535,0.7923,11.847658,fed_h10_eur
2014-10-31,15.273,0.7981,12.189381,fed_h10_eur
2014-11-03,15.286,0.8008,12.241029,fed_h10_eur
2014-11-04,15.1405,0.7966,12.060922,fed_h10_eur
2014-11-05,14.826,0.8008,11.872661,fed_h10_eur
2014-11-06,14.832,0.8055,11.947176,fed_h10_eur
2014-11-07,14.993,0.805,12.069365,fed_h10_eur
2014-11-10,15.2555,0.8048,12.277626,fed_h10_eur
2014-11-11,15.6005,0.8048,12.555282,fed_h10_eur
2014-11-12,15.5755,0.8028,12.504011,fed_h10_eur
2014-11-13,15.824,0.8015,12.682936,fed_h10_eur
2014-11-14,16.391001,0.8004,13.119357,fed_h10_eur
2014-11-17,16.1525,0.8034,12.976919,fed_h10_eur
2014-11-18,16.2465,0.7978,12.961458,fed_h10_eur
2014-11-19,16.327,0.7969,13.010986,fed_h10_eur
2014-11-20,16.527,0.7983,13.193504,fed_h10_eur
2014-11-21,16.6315,0.8068,13.418294,fed_h10_eur
2014-11-24,16.782,0.8047,13.504475,fed_h10_eur
2014-11-25,16.752001,0.8018,13.431754,fed_h10_eur
2014-11-26,16.678499,0.7998,13.339464,fed_h10_eur
2014-11-28,16.931999,0.804,13.613327,fed_h10_eur
2014-12-01,16.299999,0.8006,13.049779,fed_h10_eur
2014-12-02,16.3155,0.8071,13.16824,fed_h10_eur
2014-12-03,15.825,0.8127,12.860977,fed_h10_eur
2014-12-04,15.8465,0.8044,12.746925,fed_h10_eur
2014-12-05,15.6315,0.8127,12.70372,fed_h10_eur
2014-12-08,15.332,0.8135,12.472582,fed_h10_eur
2014-12-09,15.625,0.8055,12.585938,fed_h10_eur
2014-12-10,15.292,0.8048,12.307001,fed_h10_eur
2014-12-11,15.368,0.8066,12.395829,fed_h10_eur
2014-12-12,15.366,0.801,12.308166,fed_h10_eur
2014-12-15,15.3035,0.8019,12.271877,fed_h10_eur
2014-12-16,14.753,0.7997,11.797974,fed_h10_eur
2014-12-17,14.944,0.8061,12.046359,fed_h10_eur
2014-12-18,14.8865,0.8136,12.111657,fed_h10_eur
2014-12-19,14.995,0.8173,12.255413,fed_h10_eur
2014-12-22,15.327,0.8162,12.509897,fed_h10_eur
2014-12-23,15.3145,0.821,12.573204,fed_h10_eur
2014-12-24,15.1515,0.8205,12.431806,fed_h10_eur
2014-12-26,15.4545,0.8205,12.680417,fed_h10_eur
2014-12-29,15.602,0.8211,12.810802,fed_h10_eur
2014-12-30,15.515,0.8214,12.744021,fed_h10_eur
2014-12-31,15.5175,0.8264,12.823662,fed_h10_eur
2015-01-02,15.426,0.8323,12.83906,fed_h10_eur
2015-01-05,15.1095,0.8391,12.678381,fed_h10_eur
2015-01-06,14.7645,0.8378,12.369698,fed_h10_eur
2015-01-07,14.921,0.846,12.623166,fed_h10_eur
2015-01-08,15.023,0.8467,12.719974,fed_h10_eur
2015-01-09,14.8465,0.8453,12.549747,fed_h10_eur
2015-01-12,14.5705,0.8452,12.314987,fed_h10_eur
2015-01-13,14.737,0.849,12.511713,fed_h10_eur
2015-01-14,14.6635,0.847,12.419984,fed_h10_eur
2015-01-15,14.3475,0.8622,12.370414,fed_h10_eur
2015-01-16,14.537,0.8683,12.622477,fed_h10_eur
2015-01-20,14.472,0.8651,12.519727,fed_h10_eur
2015-01-21,14.8625,0.8633,12.830796,fed_h10_eur
2015-01-22,15.516,0.8761,13.593567,fed_h10_eur
2015-01-23,15.6195,0.8866,13.848249,fed_h10_eur
2015-01-26,15.483,0.8857,13.713293,fed_h10_eur
2015-01-27,15.3375,0.8795,13.489331,fed_h10_eur
2015-01-28,15.1955,0.8817,13.397873,fed_h10_eur
2015-01-29,15.589,0.8843,13.785352,fed_h10_eur
2015-01-30,17.7265,0.8857,15.700361,fed_h10_eur
2015-02-02,18.223499,0.8821,16.074949,fed_h10_eur
2015-02-03,18.1775,0.8724,15.858051,fed_h10_eur
2015-02-04,18.237499,0.8758,15.972402,fed_h10_eur
2015-02-05,18.6945,0.8747,16.352079,fed_h10_eur
2015-02-06,18.714001,0.8826,16.516977,fed_h10_eur
2015-02-09,18.528,0.8837,16.373193,fed_h10_eur
2015-02-10,18.65,0.8837,16.481005,fed_h10_eur
2015-02-11,18.757,0.885,16.599945,fed_h10_eur
2015-02-12,18.8585,0.8764,16.527589,fed_h10_eur
2015-02-13,19.091499,0.8766,16.735608,fed_h10_eur
2015-02-17,18.7715,0.8776,16.473868,fed_h10_eur
2015-02-18,18.668501,0.8817,16.460017,fed_h10_eur
2015-02-19,18.950001,0.8778,16.634311,fed_h10_eur
2015-02-20,19.183001,0.8794,16.869531,fed_h10_eur
2015-02-23,19.007,0.8814,16.75277,fed_h10_eur
2015-02-24,18.929501,0.8844,16.74125,fed_h10_eur
2015-02-25,19.268499,0.88,16.956279,fed_h10_eur
2015-02-26,19.24,0.8919,17.160156,fed_h10_eur
2015-02-27,19.007999,0.8931,16.976044,fed_h10_eur
2015-03-02,19.283001,0.8937,17.233218,fed_h10_eur
2015-03-03,19.230499,0.8919,17.151682,fed_h10_eur
2015-03-04,19.136,0.9033,17.285549,fed_h10_eur
2015-03-05,19.3915,0.9086,17.619117,fed_h10_eur
2015-03-06,19.004499,0.9212,17.506945,fed_h10_eur
2015-03-09,18.927999,0.922,17.451616,fed_h10_eur
2015-03-10,18.4755,0.934,17.256117,fed_h10_eur
2015-03-11,18.318501,0.9455,17.320142,fed_h10_eur
2015-03-12,18.712,0.9421,17.628575,fed_h10_eur
2015-03-13,18.528999,0.9502,17.606255,fed_h10_eur
2015-03-16,18.6675,0.9456,17.651988,fed_h10_eur
2015-03-17,18.596001,0.943,17.536029,fed_h10_eur
2015-03-18,18.757,0.9396,17.624077,fed_h10_eur
2015-03-19,18.662001,0.9415,17.570274,fed_h10_eur
2015-03-20,18.9245,0.9266,17.535441,fed_h10_eur
2015-03-23,18.755501,0.9151,17.163159,fed_h10_eur
2015-03-24,18.7045,0.9168,17.148286,fed_h10_eur
2015-03-25,18.548,0.9102,16.88239,fed_h10_eur
2015-03-26,18.3675,0.9158,16.820957,fed_h10_eur
2015-03-27,18.528,0.9182,17.012409,fed_h10_eur
2015-03-30,18.7295,0.9244,17.31355,fed_h10_eur
2015-03-31,18.605,0.931,17.321255,fed_h10_eur
2015-04-01,18.513,0.9287,17.193024,fed_h10_eur
2015-04-02,18.612499,0.9196,17.116054,fed_h10_eur
2015-04-06,18.851999,0.9084,17.125156,fed_h10_eur
2015-04-07,18.720501,0.9217,17.254686,fed_h10_eur
2015-04-08,19.059999,0.9244,17.619064,fed_h10_eur
2015-04-09,19.177,0.9371,17.970767,fed_h10_eur
2015-04-10,19.1325,0.9436,18.053427,fed_h10_eur
2015-04-13,19.118,0.945,18.06651,fed_h10_eur
2015-04-14,19.255501,0.937,18.042404,fed_h10_eur
2015-04-15,19.172501,0.9438,18.095006,fed_h10_eur
2015-04-16,19.302,0.9309,17.968232,fed_h10_eur
2015-04-17,18.778,0.9276,17.418473,fed_h10_eur
2015-04-20,19.4755,0.9291,18.094687,fed_h10_eur
2015-04-21,19.559,0.9295,18.180091,fed_h10_eur
2015-04-22,19.49,0.9321,18.166629,fed_h10_eur
2015-04-23,19.4995,0.9257,18.050687,fed_h10_eur
2015-04-24,22.254999,0.9195,20.463472,fed_h10_eur
2015-04-27,21.927999,0.9181,20.132096,fed_h10_eur
2015-04-28,21.4655,0.9108,19.550777,fed_h10_eur
2015-04-29,21.4685,0.8949,19.212161,fed_h10_eur
2015-04-30,21.089001,0.8959,18.893636,fed_h10_eur
2015-05-01,21.143499,0.8933,18.887488,fed_h10_eur
2015-05-04,21.152,0.8973,18.97969,fed_h10_eur
2015-05-05,21.0595,0.8949,18.846146,fed_h10_eur
2015-05-06,20.955,0.8814,18.469737,fed_h10_eur
2015-05-07,21.344,0.8863,18.917187,fed_h10_eur
2015-05-08,21.6845,0.8896,19.290531,fed_h10_eur
2015-05-11,21.6425,0.8975,19.424144,fed_h10_eur
2015-05-12,21.551001,0.8897,19.173925,fed_h10_eur
2015-05-13,21.3435,0.8794,18.769474,fed_h10_eur
2015-05-14,21.614,0.8797,19.013836,fed_h10_eur
2015-05-15,21.299999,0.875,18.637499,fed_h10_eur
2015-05-18,21.261999,0.8807,18.725443,fed_h10_eur
2015-05-19,21.085501,0.8968,18.909477,fed_h10_eur
2015-05-20,21.193001,0.9026,19.128803,fed_h10_eur
2015-05-21,21.581499,0.8988,19.397451,fed_h10_eur
2015-05-22,21.3815,0.9064,19.380192,fed_h10_eur
2015-05-26,21.2735,0.9195,19.560984,fed_h10_eur
2015-05-27,21.570999,0.9184,19.810806,fed_h10_eur
2015-05-28,21.328501,0.9163,19.543305,fed_h10_eur
2015-05-29,21.4615,0.9096,19.521381,fed_h10_eur
2015-06-01,21.546,0.9163,19.742599,fed_h10_eur
2015-06-02,21.5495,0.8985,19.362225,fed_h10_eur
2015-06-03,21.8295,0.8861,19.34312,fed_h10_eur
2015-06-04,21.539,0.8872,19.1094,fed_h10_eur
2015-06-05,21.3475,0.9003,19.219154,fed_h10_eur
2015-06-08,21.174999,0.8903,18.852102,fed_h10_eur
2015-06-09,21.274,0.8862,18.853019,fed_h10_eur
2015-06-10,21.5385,0.8844,19.048649,fed_h10_eur
2015-06-11,21.6485,0.89,19.267165,fed_h10_eur
2015-06-12,21.496,0.8867,19.060503,fed_h10_eur
2015-06-15,21.1835,0.8876,18.802475,fed_h10_eur
2015-06-16,21.363001,0.8898,19.008798,fed_h10_eur
2015-06-17,21.390499,0.8894,19.02471,fed_h10_eur
2015-06-18,21.9695,0.8769,19.265054,fed_h10_eur
2015-06-19,21.746,0.8822,19.184321,fed_h10_eur
2015-06-22,21.814501,0.8789,19.172765,fed_h10_eur
2015-06-23,22.2995,0.8937,19.929063,fed_h10_eur
2015-06-24,22.042,0.8946,19.718773,fed_h10_eur
2015-06-25,22.004999,0.8932,19.654865,fed_h10_eur
2015-06-26,21.905001,0.8964,19.635643,fed_h10_eur
2015-06-29,21.493,0.8945,19.225489,fed_h10_eur
2015-06-30,21.7045,0.8965,19.458084,fed_h10_eur
2015-07-01,21.869499,0.9022,19.730662,fed_h10_eur
2015-07-02,21.8855,0.9017,19.734155,fed_h10_eur
2015-07-06,21.802,0.9029,19.685026,fed_h10_eur
2015-07-07,21.836,0.9131,19.938452,fed_h10_eur
2015-07-08,21.485001,0.9032,19.405253,fed_h10_eur
2015-07-09,21.7195,0.907,19.699586,fed_h10_eur
2015-07-10,22.175501,0.8969,19.889207,fed_h10_eur
2015-07-13,22.7785,0.9074,20.669211,fed_h10_eur
2015-07-14,23.2785,0.9079,21.13455,fed_h10_eur
2015-07-15,23.0595,0.912,21.030264,fed_h10_eur
2015-07-16,23.774,0.9176,21.815023,fed_h10_eur
2015-07-17,24.150499,0.9218,22.26193,fed_h10_eur
2015-07-20,24.405001,0.9217,22.494089,fed_h10_eur
2015-07-21,24.4,0.9152,22.33088,fed_h10_eur
2015-07-22,24.4135,0.9188,22.431124,fed_h10_eur
2015-07-23,24.108999,0.9111,21.965709,fed_h10_eur
2015-07-24,26.471001,0.9111,24.117729,fed_h10_eur
2015-07-27,26.570499,0.8999,23.910792,fed_h10_eur
2015-07-28,26.3015,0.9046,23.792337,fed_h10_eur
2015-07-29,26.450001,0.9069,23.987506,fed_h10_eur
2015-07-30,26.837999,0.9163,24.591659,fed_h10_eur
2015-07-31,26.807501,0.9068,24.309042,fed_h10_eur
2015-08-03,26.751499,0.9122,24.402718,fed_h10_eur
2015-08-04,26.594999,0.913,24.281234,fed_h10_eur
2015-08-05,26.8505,0.9201,24.705145,fed_h10_eur
2015-08-06,26.473,0.9156,24.238678,fed_h10_eur
2015-08-07,26.131001,0.9126,23.847151,fed_h10_eur
2015-08-10,26.200001,0.9096,23.831521,fed_h10_eur
2015-08-11,26.372999,0.9056,23.883388,fed_h10_eur
2015-08-12,26.2955,0.893,23.481881,fed_h10_eur
2015-08-13,26.483,0.8973,23.763196,fed_h10_eur
2015-08-14,26.576,0.9001,23.921058,fed_h10_eur
2015-08-17,26.761,0.9027,24.157154,fed_h10_eur
2015-08-18,26.750999,0.9068,24.257806,fed_h10_eur
2015-08-19,26.646,0.9041,24.090649,fed_h10_eur
2015-08-20,25.789,0.8929,23.026998,fed_h10_eur
2015-08-21,24.723499,0.8806,21.771513,fed_h10_eur
2015-08-24,23.168501,0.8636,20.008317,fed_h10_eur
2015-08-25,23.318501,0.8764,20.436334,fed_h10_eur
2015-08-26,25.0385,0.878,21.983803,fed_h10_eur
2015-08-27,25.918501,0.8898,23.062282,fed_h10_eur
2015-08-28,25.900499,0.8951,23.183537,fed_h10_eur
2015-08-31,25.644501,0.8933,22.908233,fed_h10_eur
2015-09-01,24.827,0.8879,22.043893,fed_h10_eur
2015-09-02,25.5275,0.8895,22.706711,fed_h10_eur
2015-09-03,25.236,0.9006,22.727542,fed_h10_eur
2015-09-04,24.950001,0.8995,22.442526,fed_h10_eur
2015-09-08,25.877001,0.8943,23.141802,fed_h10_eur
2015-09-09,25.8445,0.8957,23.148918,fed_h10_eur
2015-09-10,26.112,0.8879,23.184844,fed_h10_eur
2015-09-11,26.472,0.882,23.348304,fed_h10_eur
2015-09-14,26.069,0.8844,23.055424,fed_h10_eur
2015-09-15,26.1185,0.8881,23.19584,fed_h10_eur
2015-09-16,26.369499,0.8846,23.326459,fed_h10_eur
2015-09-17,26.943501,0.884,23.818054,fed_h10_eur
2015-09-18,27.013,0.8804,23.782246,fed_h10_eur
2015-09-21,27.4195,0.8925,24.471904,fed_h10_eur
2015-09-22,26.92,0.8982,24.179544,fed_h10_eur
2015-09-23,26.803499,0.8961,24.018616,fed_h10_eur
2015-09-24,26.6875,0.8887,23.717181,fed_h10_eur
2015-09-25,26.2125,0.8935,23.420868,fed_h10_eur
2015-09-28,25.202999,0.89,22.430669,fed_h10_eur
2015-09-29,24.803499,0.8892,22.055272,fed_h10_eur
2015-09-30,25.5945,0.8959,22.930112,fed_h10_eur
2015-10-01,26.035999,0.8929,23.247544,fed_h10_eur
2015-10-02,26.627001,0.8868,23.612824,fed_h10_eur
2015-10-05,27.184,0.8929,24.272594,fed_h10_eur
2015-10-06,26.874001,0.8876,23.853363,fed_h10_eur
2015-10-07,27.097,0.889,24.089233,fed_h10_eur
2015-10-08,26.658001,0.8864,23.629652,fed_h10_eur
2015-10-09,26.99,0.88,23.7512,fed_h10_eur
2015-10-12,27.509501,0.88,24.20836,fed_h10_eur
2015-10-13,27.445,0.8786,24.113177,fed_h10_eur
2015-10-14,27.241501,0.8744,23.819968,fed_h10_eur
2015-10-15,28.122,0.8758,24.629247,fed_h10_eur
2015-10-16,28.538,0.8803,25.122001,fed_h10_eur
2015-10-19,28.657499,0.8834,25.316035,fed_h10_eur
2015-10-20,28.044001,0.8804,24.689938,fed_h10_eur
2015-10-21,27.7885,0.8814,24.492784,fed_h10_eur
2015-10-22,28.195499,0.8977,25.3111,fed_h10_eur
2015-10-23,29.9515,0.9078,27.189972,fed_h10_eur
2015-10-26,30.4305,0.9049,27.536559,fed_h10_eur
2015-10-27,30.550501,0.9048,27.642093,fed_h10_eur
2015-10-28,30.855,0.9037,27.883663,fed_h10_eur
2015-10-29,31.327499,0.9122,28.576945,fed_h10_eur
2015-10-30,31.295,0.9056,28.340752,fed_h10_eur
2015-11-02,31.4175,0.9069,28.49253,fed_h10_eur
2015-11-03,31.265499,0.9136,28.56416,fed_h10_eur
2015-11-04,32.047501,0.9207,29.506134,fed_h10_eur
2015-11-05,32.782501,0.92,30.159901,fed_h10_eur
2015-11-06,32.968498,0.9306,30.680484,fed_h10_eur
2015-11-09,32.774502,0.9288,30.440957,fed_h10_eur
2015-11-10,32.984001,0.9358,30.866428,fed_h10_eur
2015-11-11,33.662498,0.9358,31.501366,fed_h10_eur
2015-11-12,33.279999,0.9287,30.907135,fed_h10_eur
2015-11-13,32.1175,0.9327,29.955993,fed_h10_eur
2015-11-16,32.390499,0.9339,30.249487,fed_h10_eur
2015-11-17,32.165001,0.9404,30.247967,fed_h10_eur
2015-11-18,33.176998,0.94,31.186378,fed_h10_eur
2015-11-19,33.063499,0.9306,30.768893,fed_h10_eur
2015-11-20,33.422501,0.9381,31.353648,fed_h10_eur
2015-11-23,33.949501,0.9432,32.021169,fed_h10_eur
2015-11-24,33.557499,0.9388,31.50378,fed_h10_eur
2015-11-25,33.766998,0.942,31.808512,fed_h10_eur
2015-11-27,33.662998,0.9438,31.771138,fed_h10_eur
2015-11-30,33.240002,0.9468,31.471634,fed_h10_eur
2015-12-01,33.952999,0.9416,31.970144,fed_h10_eur
2015-12-02,33.800499,0.9458,31.968512,fed_h10_eur
2015-12-03,33.3125,0.9173,30.557556,fed_h10_eur
2015-12-04,33.632,0.9188,30.901082,fed_h10_eur
2015-12-07,33.491501,0.9225,30.89591,fed_h10_eur
2015-12-08,33.866501,0.9195,31.140248,fed_h10_eur
2015-12-09,33.239498,0.9104,30.261239,fed_h10_eur
2015-12-10,33.116001,0.9134,30.248155,fed_h10_eur
2015-12-11,32.0075,0.9089,29.091616,fed_h10_eur
2015-12-14,32.8955,0.907,29.836219,fed_h10_eur
2015-12-15,32.931999,0.9165,30.182177,fed_h10_eur
2015-12-16,33.788502,0.9143,30.892827,fed_h10_eur
2015-12-17,33.532501,0.9256,31.037683,fed_h10_eur
2015-12-18,33.207001,0.9219,30.613534,fed_h10_eur
2015-12-21,33.225498,0.9158,30.427911,fed_h10_eur
2015-12-22,33.157501,0.9109,30.203168,fed_h10_eur
2015-12-23,33.185001,0.9195,30.513609,fed_h10_eur
2015-12-24,33.1395,0.9128,30.249735,fed_h10_eur
2015-12-28,33.759998,0.9105,30.738478,fed_h10_eur
2015-12-29,34.698502,0.9161,31.787297,fed_h10_eur
2015-12-30,34.453499,0.9164,31.573186,fed_h10_eur
2015-12-31,33.794498,0.9209,31.121354,fed_h10_eur
2016-01-04,31.849501,0.9257,29.483083,fed_h10_eur
2016-01-05,31.689501,0.9308,29.496587,fed_h10_eur
2016-01-06,31.6325,0.9292,29.392919,fed_h10_eur
2016-01-07,30.396999,0.9208,27.989557,fed_h10_eur
2016-01-08,30.352501,0.9187,27.884843,fed_h10_eur
2016-01-11,30.886999,0.9193,28.394418,fed_h10_eur
2016-01-12,30.894501,0.9228,28.509445,fed_h10_eur
2016-01-13,29.0905,0.9206,26.780714,fed_h10_eur
2016-01-14,29.65,0.9206,27.29579,fed_h10_eur
2016-01-15,28.509001,0.9121,26.00306,fed_h10_eur
2016-01-19,28.724001,0.9169,26.337036,fed_h10_eur
2016-01-20,28.588499,0.9168,26.209936,fed_h10_eur
2016-01-21,28.750999,0.9231,26.540048,fed_h10_eur
2016-01-22,29.819,0.9247,27.57363,fed_h10_eur
2016-01-25,29.8265,0.9232,27.535825,fed_h10_eur
2016-01-26,30.0625,0.922,27.717625,fed_h10_eur
2016-01-27,29.1675,0.9202,26.839933,fed_h10_eur
2016-01-28,31.7675,0.9131,29.006904,fed_h10_eur
2016-01-29,29.35,0.9232,27.09592,fed_h10_eur
2016-02-01,28.740499,0.9184,26.395275,fed_h10_eur
2016-02-02,27.605,0.9168,25.308264,fed_h10_eur
2016-02-03,26.553499,0.9049,24.028261,fed_h10_eur
2016-02-04,26.813,0.8929,23.941327,fed_h10_eur
2016-02-05,25.106501,0.8984,22.55568,fed_h10_eur
2016-02-08,24.405001,0.8953,21.849797,fed_h10_eur
2016-02-09,24.1035,0.885,21.331598,fed_h10_eur
2016-02-10,24.524,0.8911,21.853337,fed_h10_eur
2016-02-11,25.191,0.8801,22.170599,fed_h10_eur
2016-02-12,25.354,0.8901,22.567595,fed_h10_eur
2016-02-16,26.055,0.8977,23.389574,fed_h10_eur
2016-02-17,26.705,0.8977,23.973078,fed_h10_eur
2016-02-18,26.25,0.9016,23.667,fed_h10_eur
2016-02-19,26.745001,0.8987,24.035732,fed_h10_eur
2016-02-22,27.975,0.9076,25.39011,fed_h10_eur
2016-02-23,27.646999,0.9078,25.097946,fed_h10_eur
2016-02-24,27.702,0.9074,25.136794,fed_h10_eur
2016-02-25,27.7575,0.9069,25.173276,fed_h10_eur
2016-02-26,27.761499,0.9147,25.393444,fed_h10_eur
2016-02-29,27.625999,0.9201,25.418682,fed_h10_eur
2016-03-01,28.952,0.9219,26.690848,fed_h10_eur
2016-03-02,29.0105,0.9221,26.750582,fed_h10_eur
2016-03-03,28.8745,0.9134,26.373969,fed_h10_eur
2016-03-04,28.757,0.9083,26.119983,fed_h10_eur
2016-03-07,28.139999,0.9088,25.573631,fed_h10_eur
2016-03-08,28.013,0.9068,25.402189,fed_h10_eur
2016-03-09,27.973499,0.9073,25.380356,fed_h10_eur
2016-03-10,27.946501,0.8959,25.03727,fed_h10_eur
2016-03-11,28.480499,0.8945,25.475807,fed_h10_eur
2016-03-14,28.668501,0.9003,25.810251,fed_h10_eur
2016-03-15,28.851,0.8999,25.963015,fed_h10_eur
2016-03-16,28.713499,0.9029,25.925418,fed_h10_eur
2016-03-17,27.972,0.8837,24.718857,fed_h10_eur
2016-03-18,27.604,0.8856,24.446102,fed_h10_eur
2016-03-21,27.698999,0.8881,24.599481,fed_h10_eur
2016-03-22,28.024,0.8906,24.958175,fed_h10_eur
2016-03-23,28.481501,0.8949,25.488095,fed_h10_eur
2016-03-24,29.147499,0.8958,26.11033,fed_h10_eur
2016-03-28,28.9935,0.8921,25.865101,fed_h10_eur
2016-03-29,29.693001,0.8925,26.501003,fed_h10_eur
2016-03-30,29.9345,0.8826,26.420189,fed_h10_eur
2016-03-31,29.681999,0.878,26.060795,fed_h10_eur
2016-04-01,29.924999,0.8783,26.283127,fed_h10_eur
2016-04-04,29.6595,0.8783,26.049939,fed_h10_eur
2016-04-05,29.306999,0.8792,25.766714,fed_h10_eur
2016-04-06,30.104,0.8749,26.33799,fed_h10_eur
2016-04-07,29.571501,0.8783,25.972649,fed_h10_eur
2016-04-08,29.73,0.8767,26.064291,fed_h10_eur
2016-04-11,29.796499,0.8763,26.110672,fed_h10_eur
2016-04-12,30.158501,0.8776,26.4671,fed_h10_eur
2016-04-13,30.740999,0.8864,27.248822,fed_h10_eur
2016-04-14,31.0375,0.8879,27.558197,fed_h10_eur
2016-04-15,31.2945,0.8853,27.705021,fed_h10_eur
2016-04-18,31.7675,0.8832,28.057056,fed_h10_eur
2016-04-19,31.395,0.8791,27.599345,fed_h10_eur
2016-04-20,31.6495,0.8826,27.933849,fed_h10_eur
2016-04-21,31.549999,0.8849,27.918594,fed_h10_eur
2016-04-22,31.025,0.8898,27.606045,fed_h10_eur
2016-04-25,31.309999,0.887,27.77197,fed_h10_eur
2016-04-26,30.844,0.8835,27.250674,fed_h10_eur
2016-04-27,30.328501,0.8832,26.786132,fed_h10_eur
2016-04-28,30.1,0.883,26.5783,fed_h10_eur
2016-04-29,32.9795,0.874,28.824083,fed_h10_eur
2016-05-02,34.192501,0.8684,29.692768,fed_h10_eur
2016-05-03,33.566002,0.869,29.168856,fed_h10_eur
2016-05-04,33.544998,0.8706,29.204275,fed_h10_eur
2016-05-05,32.954498,0.8769,28.8978,fed_h10_eur
2016-05-06,33.697498,0.8756,29.50553,fed_h10_eur
2016-05-09,33.987499,0.877,29.807037,fed_h10_eur
2016-05-10,35.1535,0.8783,30.875319,fed_h10_eur
2016-05-11,35.661499,0.8738,31.161018,fed_h10_eur
2016-05-12,35.8965,0.8787,31.542254,fed_h10_eur
2016-05-13,35.495998,0.8854,31.428157,fed_h10_eur
2016-05-16,35.533001,0.8828,31.368533,fed_h10_eur
2016-05-17,34.7635,0.8821,30.664884,fed_h10_eur
2016-05-18,34.872501,0.8868,30.924934,fed_h10_eur
2016-05-19,34.925999,0.8917,31.143513,fed_h10_eur
2016-05-20,35.139999,0.8923,31.355421,fed_h10_eur
2016-05-23,34.837502,0.8935,31.127308,fed_h10_eur
2016-05-24,35.209999,0.8973,31.593932,fed_h10_eur
2016-05-25,35.4175,0.8965,31.751788,fed_h10_eur
2016-05-26,35.745499,0.8941,31.96005,fed_h10_eur
2016-05-27,35.612,0.8977,31.968892,fed_h10_eur
2016-05-31,36.1395,0.8981,32.456885,fed_h10_eur
2016-06-01,35.972,0.8957,32.220121,fed_h10_eur
2016-06-02,36.411999,0.8963,32.636074,fed_h10_eur
2016-06-03,36.277,0.8826,32.018081,fed_h10_eur
2016-06-06,36.336498,0.8807,32.001554,fed_h10_eur
2016-06-07,36.187,0.8811,31.884366,fed_h10_eur
2016-06-08,36.332001,0.8772,31.870431,fed_h10_eur
2016-06-09,36.3825,0.8827,32.114832,fed_h10_eur
2016-06-10,35.8955,0.8864,31.817771,fed_h10_eur
2016-06-13,35.762001,0.8864,31.699438,fed_h10_eur
2016-06-14,35.965,0.8924,32.095166,fed_h10_eur
2016-06-15,35.713001,0.8898,31.777429,fed_h10_eur
2016-06-16,35.8755,0.8962,32.151623,fed_h10_eur
2016-06-17,35.3195,0.8884,31.377844,fed_h10_eur
2016-06-20,35.7005,0.8835,31.541392,fed_h10_eur
2016-06-21,35.791,0.8879,31.778829,fed_h10_eur
2016-06-22,35.529999,0.8861,31.483132,fed_h10_eur
2016-06-23,36.104,0.8793,31.746247,fed_h10_eur
2016-06-24,34.948002,0.8988,31.411264,fed_h10_eur
2016-06-27,34.568001,0.9071,31.356634,fed_h10_eur
2016-06-28,35.397499,0.9046,32.020578,fed_h10_eur
2016-06-29,35.779999,0.8995,32.184109,fed_h10_eur
2016-06-30,35.780998,0.9065,32.435475,fed_h10_eur
2016-07-01,36.284,0.8973,32.557634,fed_h10_eur
2016-07-05,36.404999,0.9025,32.855511,fed_h10_eur
2016-07-06,36.880501,0.9028,33.295716,fed_h10_eur
2016-07-07,36.828499,0.9038,33.285597,fed_h10_eur
2016-07-08,37.290501,0.906,33.785194,fed_h10_eur
2016-07-11,37.688999,0.9054,34.12362,fed_h10_eur
2016-07-12,37.4105,0.903,33.781681,fed_h10_eur
2016-07-13,37.1315,0.8999,33.414637,fed_h10_eur
2016-07-14,37.060001,0.9002,33.361413,fed_h10_eur
2016-07-15,36.771999,0.9042,33.249242,fed_h10_eur
2016-07-18,36.803501,0.9029,33.229881,fed_h10_eur
2016-07-19,36.997501,0.9079,33.590031,fed_h10_eur
2016-07-20,37.285999,0.9085,33.87433,fed_h10_eur
2016-07-21,37.2215,0.9078,33.789678,fed_h10_eur
2016-07-22,37.243,0.9117,33.954443,fed_h10_eur
2016-07-25,36.980499,0.9107,33.678141,fed_h10_eur
2016-07-26,36.779499,0.9104,33.484056,fed_h10_eur
2016-07-27,36.8335,0.9101,33.522168,fed_h10_eur
2016-07-28,37.630501,0.9014,33.920133,fed_h10_eur
2016-07-29,37.940498,0.8954,33.971922,fed_h10_eur
2016-08-01,38.387001,0.8948,34.348689,fed_h10_eur
2016-08-02,38.028999,0.8909,33.880036,fed_h10_eur
2016-08-03,37.731998,0.8953,33.781458,fed_h10_eur
2016-08-04,38.038502,0.8981,34.162378,fed_h10_eur
2016-08-05,38.299,0.9025,34.564847,fed_h10_eur
2016-08-08,38.327999,0.9027,34.598685,fed_h10_eur
2016-08-09,38.415501,0.9001,34.577792,fed_h10_eur
2016-08-10,38.428001,0.8952,34.400747,fed_h10_eur
2016-08-11,38.562,0.8954,34.528415,fed_h10_eur
2016-08-12,38.627998,0.8951,34.575921,fed_h10_eur
2016-08-15,38.4245,0.8929,34.309236,fed_h10_eur
2016-08-16,38.202,0.8868,33.877533,fed_h10_eur
2016-08-17,38.231499,0.8879,33.945748,fed_h10_eur
2016-08-18,38.223,0.8823,33.724153,fed_h10_eur
2016-08-19,37.865501,0.8829,33.431451,fed_h10_eur
2016-08-22,37.973999,0.8839,33.565218,fed_h10_eur
2016-08-23,38.122501,0.8843,33.711728,fed_h10_eur
2016-08-24,37.862499,0.8884,33.637044,fed_h10_eur
2016-08-25,37.960999,0.887,33.671406,fed_h10_eur
2016-08-26,38.450001,0.8899,34.216656,fed_h10_eur
2016-08-29,38.564499,0.8943,34.488231,fed_h10_eur
2016-08-30,38.379002,0.8969,34.422127,fed_h10_eur
2016-08-31,38.458,0.8972,34.504518,fed_h10_eur
2016-09-01,38.530998,0.8933,34.419741,fed_h10_eur
2016-09-02,38.622002,0.8962,34.613038,fed_h10_eur
2016-09-06,39.443501,0.8899,35.100771,fed_h10_eur
2016-09-07,39.223999,0.8898,34.901514,fed_h10_eur
2016-09-08,39.202999,0.8884,34.827944,fed_h10_eur
2016-09-09,38.007,0.8917,33.890842,fed_h10_eur
2016-09-12,38.574501,0.8905,34.350593,fed_h10_eur
2016-09-13,38.050499,0.8895,33.845919,fed_h10_eur
2016-09-14,38.054501,0.8872,33.761953,fed_h10_eur
2016-09-15,38.484501,0.8892,34.220418,fed_h10_eur
2016-09-16,38.925999,0.8961,34.881587,fed_h10_eur
2016-09-19,38.755001,0.8945,34.666348,fed_h10_eur
2016-09-20,39.011002,0.8951,34.918748,fed_h10_eur
2016-09-21,39.487,0.8957,35.368505,fed_h10_eur
2016-09-22,40.235001,0.8906,35.833292,fed_h10_eur
2016-09-23,40.287498,0.891,35.896161,fed_h10_eur
2016-09-26,39.958,0.8873,35.454734,fed_h10_eur
2016-09-27,40.8055,0.8922,36.406667,fed_h10_eur
2016-09-28,41.436001,0.8929,36.998205,fed_h10_eur
2016-09-29,41.452499,0.8894,36.867853,fed_h10_eur
2016-09-30,41.865501,0.8898,37.251923,fed_h10_eur
2016-10-03,41.837002,0.8921,37.322789,fed_h10_eur
2016-10-04,41.7015,0.8919,37.193568,fed_h10_eur
2016-10-05,42.217999,0.8932,37.709116,fed_h10_eur
2016-10-06,42.083,0.8962,37.714785,fed_h10_eur
2016-10-07,41.9715,0.8964,37.623253,fed_h10_eur
2016-10-10,42.085499,0.8964,37.725441,fed_h10_eur
2016-10-11,41.549999,0.904,37.561199,fed_h10_eur
2016-10-12,41.704498,0.9079,37.863514,fed_h10_eur
2016-10-13,41.464001,0.906,37.566385,fed_h10_eur
2016-10-14,41.147999,0.9103,37.457023,fed_h10_eur
2016-10-17,40.647499,0.9091,36.952641,fed_h10_eur
2016-10-18,40.8825,0.9093,37.174457,fed_h10_eur
2016-10-19,40.884499,0.9119,37.282574,fed_h10_eur
2016-10-20,40.515999,0.9146,37.055933,fed_h10_eur
2016-10-21,40.949501,0.9203,37.685826,fed_h10_eur
2016-10-24,41.904499,0.9184,38.485092,fed_h10_eur
2016-10-25,41.758999,0.9183,38.347289,fed_h10_eur
2016-10-26,41.129501,0.9161,37.678736,fed_h10_eur
2016-10-27,40.917999,0.9171,37.525897,fed_h10_eur
2016-10-28,38.816002,0.9146,35.501115,fed_h10_eur
2016-10-31,39.491001,0.9122,36.023691,fed_h10_eur
2016-11-01,39.2705,0.9056,35.563365,fed_h10_eur
2016-11-02,38.278,0.8994,34.427233,fed_h10_eur
2016-11-03,38.351501,0.9014,34.570043,fed_h10_eur
2016-11-04,37.752499,0.8992,33.947047,fed_h10_eur
2016-11-07,39.246498,0.906,35.557327,fed_h10_eur
2016-11-08,39.387501,0.9063,35.696892,fed_h10_eur
2016-11-09,38.594002,0.9131,35.240183,fed_h10_eur
2016-11-10,37.118999,0.9189,34.108649,fed_h10_eur
2016-11-11,36.9505,0.9189,33.953815,fed_h10_eur
2016-11-14,35.953499,0.9326,33.530233,fed_h10_eur
2016-11-15,37.161999,0.9323,34.646131,fed_h10_eur
2016-11-16,37.324501,0.9347,34.887211,fed_h10_eur
2016-11-17,37.82,0.9384,35.490288,fed_h10_eur
2016-11-18,38.007999,0.9434,35.856747,fed_h10_eur
2016-11-21,39.0,0.9437,36.8043,fed_h10_eur
2016-11-22,39.266499,0.9418,36.981188,fed_h10_eur
2016-11-23,39.006001,0.947,36.938682,fed_h10_eur
2016-11-25,39.018501,0.9438,36.825662,fed_h10_eur
2016-11-28,38.338501,0.9455,36.249053,fed_h10_eur
2016-11-29,38.125999,0.9411,35.880378,fed_h10_eur
2016-11-30,37.5285,0.9454,35.479444,fed_h10_eur
2016-12-01,37.182499,0.9404,34.966422,fed_h10_eur
2016-12-02,37.016998,0.9376,34.707138,fed_h10_eur
2016-12-05,37.967999,0.9326,35.408955,fed_h10_eur
2016-12-06,38.236,0.9331,35.678012,fed_h10_eur
2016-12-07,38.521,0.9295,35.805269,fed_h10_eur
2016-12-08,38.366501,0.9412,36.110551,fed_h10_eur
2016-12-09,38.432999,0.9487,36.461386,fed_h10_eur
2016-12-12,38.006001,0.9429,35.835858,fed_h10_eur
2016-12-13,38.716999,0.9403,36.405594,fed_h10_eur
2016-12-14,38.441002,0.9384,36.073036,fed_h10_eur
2016-12-15,38.049999,0.9639,36.676394,fed_h10_eur
2016-12-16,37.8885,0.9564,36.236562,fed_h10_eur
2016-12-19,38.299999,0.9575,36.672249,fed_h10_eur
2016-12-20,38.561001,0.9625,37.114963,fed_h10_eur
2016-12-21,38.529999,0.9592,36.957975,fed_h10_eur
2016-12-22,38.317001,0.9568,36.661707,fed_h10_eur
2016-12-23,38.029499,0.957,36.394231,fed_h10_eur
2016-12-27,38.57,0.9562,36.880634,fed_h10_eur
2016-12-28,38.606499,0.9626,37.162616,fed_h10_eur
2016-12-29,38.2575,0.9537,36.486177,fed_h10_eur
2016-12-30,37.4935,0.9477,35.53259,fed_h10_eur
2017-01-03,37.683498,0.9601,36.179927,fed_h10_eur
2017-01-04,37.859001,0.9546,36.140203,fed_h10_eur
2017-01-05,39.022499,0.9436,36.82163,fed_h10_eur
2017-01-06,39.7995,0.947,37.690126,fed_h10_eur
2017-01-09,39.846001,0.9455,37.674394,fed_h10_eur
2017-01-10,39.794998,0.9459,37.642089,fed_h10_eur
2017-01-11,39.951,0.9523,38.045338,fed_h10_eur
2017-01-12,40.681999,0.9376,38.143442,fed_h10_eur
2017-01-13,40.856998,0.9412,38.454607,fed_h10_eur
2017-01-17,40.486,0.935,37.85441,fed_h10_eur
2017-01-18,40.374001,0.9362,37.798139,fed_h10_eur
2017-01-19,40.452,0.9407,38.053196,fed_h10_eur
2017-01-20,40.4165,0.9407,38.019802,fed_h10_eur
2017-01-23,40.894001,0.9311,38.076404,fed_h10_eur
2017-01-24,41.122002,0.9303,38.255798,fed_h10_eur
2017-01-25,41.826,0.9308,38.931641,fed_h10_eur
2017-01-26,41.9575,0.9372,39.322569,fed_h10_eur
2017-01-27,41.788502,0.9355,39.093143,fed_h10_eur
2017-01-30,41.519001,0.9362,38.870089,fed_h10_eur
2017-01-31,41.174,0.9264,38.143593,fed_h10_eur
2017-02-01,41.6175,0.9295,38.683467,fed_h10_eur
2017-02-02,41.997501,0.9258,38.881287,fed_h10_eur
2017-02-03,40.509998,0.9266,37.536564,fed_h10_eur
2017-02-06,40.382,0.9319,37.631986,fed_h10_eur
2017-02-07,40.625,0.9355,38.004688,fed_h10_eur
2017-02-08,40.9855,0.9339,38.276359,fed_h10_eur
2017-02-09,41.068001,0.9383,38.534105,fed_h10_eur
2017-02-10,41.373001,0.939,38.849248,fed_h10_eur
2017-02-13,41.8265,0.9431,39.446572,fed_h10_eur
2017-02-14,41.8195,0.9454,39.536155,fed_h10_eur
2017-02-15,42.134998,0.9437,39.762798,fed_h10_eur
2017-02-16,42.207001,0.9381,39.594387,fed_h10_eur
2017-02-17,42.253502,0.9422,39.811249,fed_h10_eur
2017-02-21,42.821999,0.9478,40.58669,fed_h10_eur
2017-02-22,42.780499,0.9474,40.530244,fed_h10_eur
2017-02-23,42.609501,0.9446,40.248935,fed_h10_eur
2017-02-24,42.262001,0.9452,39.946043,fed_h10_eur
2017-02-27,42.431999,0.9413,39.941241,fed_h10_eur
2017-02-28,42.251999,0.9418,39.792933,fed_h10_eur
2017-03-01,42.653999,0.9466,40.376276,fed_h10_eur
2017-03-02,42.445499,0.9511,40.369914,fed_h10_eur
2017-03-03,42.493999,0.9477,40.271563,fed_h10_eur
2017-03-06,42.330502,0.9446,39.985392,fed_h10_eur
2017-03-07,42.300999,0.945,39.974444,fed_h10_eur
2017-03-08,42.525002,0.9481,40.317954,fed_h10_eur
2017-03-09,42.650002,0.9446,40.287191,fed_h10_eur
2017-03-10,42.623001,0.9375,39.959064,fed_h10_eur
2017-03-13,42.7295,0.9372,40.046087,fed_h10_eur
2017-03-14,42.626499,0.9394,40.043333,fed_h10_eur
2017-03-15,42.648499,0.9407,40.119443,fed_h10_eur
2017-03-16,42.671001,0.9313,39.739504,fed_h10_eur
2017-03-17,42.615501,0.9309,39.67077,fed_h10_eur
2017-03-20,42.848499,0.9299,39.844819,fed_h10_eur
2017-03-21,42.16,0.9251,39.002216,fed_h10_eur
2017-03-22,42.403,0.9259,39.260938,fed_h10_eur
2017-03-23,42.368999,0.927,39.276063,fed_h10_eur
2017-03-24,42.280499,0.9254,39.126373,fed_h10_eur
2017-03-27,42.341,0.9189,38.907145,fed_h10_eur
2017-03-28,42.799999,0.9215,39.440199,fed_h10_eur
2017-03-29,43.716,0.9297,40.642765,fed_h10_eur
2017-03-30,43.817001,0.9323,40.85059,fed_h10_eur
2017-03-31,44.327,0.9348,41.436879,fed_h10_eur
2017-04-03,44.5755,0.9385,41.834107,fed_h10_eur
2017-04-04,45.341499,0.9377,42.516724,fed_h10_eur
2017-04-05,45.464001,0.938,42.645233,fed_h10_eur
2017-04-06,44.914001,0.9389,42.169756,fed_h10_eur
2017-04-07,44.743999,0.942,42.148848,fed_h10_eur
2017-04-10,45.352001,0.9429,42.762402,fed_h10_eur
2017-04-11,45.118,0.9422,42.51018,fed_h10_eur
2017-04-12,44.811501,0.9424,42.230358,fed_h10_eur
2017-04-13,44.233501,0.9407,41.610455,fed_h10_eur
2017-04-17,45.099499,0.9381,42.30784,fed_h10_eur
2017-04-18,45.188999,0.9341,42.211044,fed_h10_eur
2017-04-19,44.959999,0.934,41.992639,fed_h10_eur
2017-04-20,45.103001,0.9295,41.923239,fed_h10_eur
2017-04-21,44.926498,0.9351,42.010769,fed_h10_eur
2017-04-24,45.370499,0.922,41.8316,fed_h10_eur
2017-04-25,45.381001,0.914,41.478234,fed_h10_eur
2017-04-26,45.4645,0.9198,41.818247,fed_h10_eur
2017-04-27,45.918999,0.9205,42.268438,fed_h10_eur
2017-04-28,46.2495,0.9179,42.452416,fed_h10_eur
2017-05-01,47.411499,0.9164,43.447898,fed_h10_eur
2017-05-02,47.347,0.9166,43.39826,fed_h10_eur
2017-05-03,47.051498,0.9158,43.089762,fed_h10_eur
2017-05-04,46.876499,0.9118,42.741992,fed_h10_eur
2017-05-05,46.7075,0.9094,42.475801,fed_h10_eur
2017-05-08,47.452,0.9151,43.423325,fed_h10_eur
2017-05-09,47.640999,0.9195,43.805898,fed_h10_eur
2017-05-10,47.447498,0.9197,43.637464,fed_h10_eur
2017-05-11,47.381001,0.92,43.59052,fed_h10_eur
2017-05-12,48.067501,0.9152,43.991377,fed_h10_eur
2017-05-15,47.898499,0.9108,43.625952,fed_h10_eur
2017-05-16,48.303501,0.9032,43.627722,fed_h10_eur
2017-05-17,47.237999,0.8981,42.424447,fed_h10_eur
2017-05-18,47.9245,0.8985,43.060163,fed_h10_eur
2017-05-19,47.992001,0.8937,42.890451,fed_h10_eur
2017-05-22,48.533501,0.89,43.194816,fed_h10_eur
2017-05-23,48.577,0.893,43.379261,fed_h10_eur
2017-05-24,49.017502,0.8949,43.865762,fed_h10_eur
2017-05-25,49.668999,0.8914,44.274945,fed_h10_eur
2017-05-26,49.789001,0.8953,44.576093,fed_h10_eur
2017-05-30,49.834999,0.8942,44.562456,fed_h10_eur
2017-05-31,49.730999,0.89,44.260589,fed_h10_eur
2017-06-01,49.797501,0.8917,44.404431,fed_h10_eur
2017-06-02,50.336498,0.8873,44.663575,fed_h10_eur
2017-06-05,50.567001,0.8889,44.949007,fed_h10_eur
2017-06-06,50.150002,0.8876,44.513141,fed_h10_eur
2017-06-07,50.503502,0.89,44.948117,fed_h10_eur
2017-06-08,50.5135,0.8915,45.032785,fed_h10_eur
2017-06-09,48.915501,0.8937,43.715783,fed_h10_eur
2017-06-12,48.245499,0.8925,43.059108,fed_h10_eur
2017-06-13,49.039501,0.8933,43.806986,fed_h10_eur
2017-06-14,48.823502,0.8868,43.296681,fed_h10_eur
2017-06-15,48.2085,0.8967,43.228562,fed_h10_eur
2017-06-16,49.385502,0.8933,44.116069,fed_h10_eur
2017-06-19,49.758499,0.8961,44.588591,fed_h10_eur
2017-06-20,49.629501,0.899,44.616922,fed_h10_eur
2017-06-21,50.1115,0.8974,44.97006,fed_h10_eur
2017-06-22,50.064999,0.897,44.908304,fed_h10_eur
2017-06-23,50.187,0.8932,44.827029,fed_h10_eur
2017-06-26,49.699001,0.8932,44.391148,fed_h10_eur
2017-06-27,48.839001,0.885,43.222516,fed_h10_eur
2017-06-28,49.516499,0.88,43.574519,fed_h10_eur
2017-06-29,48.796501,0.8757,42.731096,fed_h10_eur
2017-06-30,48.400002,0.8763,42.412921,fed_h10_eur
2017-07-03,47.682999,0.8797,41.946734,fed_h10_eur
2017-07-05,48.57,0.8821,42.843597,fed_h10_eur
2017-07-06,48.257,0.8765,42.29726,fed_h10_eur
2017-07-07,48.938,0.8775,42.943095,fed_h10_eur
2017-07-10,49.823502,0.8775,43.720123,fed_h10_eur
2017-07-11,49.706501,0.8749,43.488218,fed_h10_eur
2017-07-12,50.3255,0.8763,44.100236,fed_h10_eur
2017-07-13,50.031502,0.8783,43.942668,fed_h10_eur
2017-07-14,50.0905,0.8732,43.739024,fed_h10_eur
2017-07-17,50.501999,0.8718,44.027643,fed_h10_eur
2017-07-18,51.2225,0.8637,44.240873,fed_h10_eur
2017-07-19,51.343498,0.8682,44.576425,fed_h10_eur
2017-07-20,51.435001,0.8595,44.208384,fed_h10_eur
2017-07-21,51.283501,0.858,44.001244,fed_h10_eur
2017-07-24,51.947498,0.859,44.622901,fed_h10_eur
2017-07-25,51.9935,0.8579,44.605223,fed_h10_eur
2017-07-26,52.639999,0.8597,45.254607,fed_h10_eur
2017-07-27,52.299999,0.8579,44.868169,fed_h10_eur
2017-07-28,51.001999,0.8508,43.392501,fed_h10_eur
2017-07-31,49.389,0.8456,41.763338,fed_h10_eur
2017-08-01,49.809502,0.8475,42.213553,fed_h10_eur
2017-08-02,49.794498,0.8431,41.981742,fed_h10_eur
2017-08-03,49.346001,0.8418,41.539463,fed_h10_eur
2017-08-04,49.379002,0.8508,42.011655,fed_h10_eur
2017-08-07,49.613499,0.8483,42.087131,fed_h10_eur
2017-08-08,49.492001,0.853,42.216676,fed_h10_eur
2017-08-09,49.100498,0.8512,41.794344,fed_h10_eur
2017-08-10,47.846001,0.851,40.716947,fed_h10_eur
2017-08-11,48.399502,0.8467,40.979858,fed_h10_eur
2017-08-14,49.165001,0.8485,41.716503,fed_h10_eur
2017-08-15,49.137001,0.8521,41.869639,fed_h10_eur
2017-08-16,48.909,0.8545,41.792741,fed_h10_eur
2017-08-17,48.0285,0.8521,40.925085,fed_h10_eur
2017-08-18,47.9235,0.8512,40.792483,fed_h10_eur
2017-08-21,47.664501,0.8465,40.348,fed_h10_eur
2017-08-22,48.345001,0.8502,41.10292,fed_h10_eur
2017-08-23,47.900002,0.8473,40.585671,fed_h10_eur
2017-08-24,47.622501,0.8474,40.355308,fed_h10_eur
2017-08-25,47.263,0.8422,39.804899,fed_h10_eur
2017-08-28,47.300999,0.8352,39.505794,fed_h10_eur
2017-08-29,47.702999,0.8316,39.669814,fed_h10_eur
2017-08-30,48.379501,0.8384,40.561374,fed_h10_eur
2017-08-31,49.029999,0.8408,41.224423,fed_h10_eur
2017-09-01,48.912498,0.8419,41.179432,fed_h10_eur
2017-09-05,48.2635,0.8396,40.522035,fed_h10_eur
2017-09-06,48.389999,0.8373,40.516946,fed_h10_eur
2017-09-07,48.973499,0.8314,40.716567,fed_h10_eur
2017-09-08,48.294998,0.8305,40.108996,fed_h10_eur
2017-09-11,48.897999,0.8358,40.868947,fed_h10_eur
2017-09-12,49.129002,0.8356,41.052194,fed_h10_eur
2017-09-13,49.98,0.8405,42.00819,fed_h10_eur
2017-09-14,49.6105,0.8413,41.737314,fed_h10_eur
2017-09-15,49.3395,0.8362,41.25769,fed_h10_eur
2017-09-18,48.709499,0.8377,40.803948,fed_h10_eur
2017-09-19,48.493,0.8347,40.477107,fed_h10_eur
2017-09-20,48.6605,0.8335,40.558526,fed_h10_eur
2017-09-21,48.232498,0.8371,40.375424,fed_h10_eur
2017-09-22,47.755001,0.8355,39.899303,fed_h10_eur
2017-09-25,46.989498,0.8437,39.64504,fed_h10_eur
2017-09-26,46.93,0.8495,39.867035,fed_h10_eur
2017-09-27,47.543499,0.8513,40.473781,fed_h10_eur
2017-09-28,47.82,0.8492,40.608744,fed_h10_eur
2017-09-29,48.067501,0.8465,40.68914,fed_h10_eur
2017-10-02,47.959499,0.8514,40.832718,fed_h10_eur
2017-10-03,47.855,0.8504,40.695892,fed_h10_eur
2017-10-04,48.272499,0.8503,41.046106,fed_h10_eur
2017-10-05,49.0425,0.8543,41.897007,fed_h10_eur
2017-10-06,49.479,0.8524,42.1759,fed_h10_eur
2017-10-09,49.5495,0.8524,42.235993,fed_h10_eur
2017-10-10,49.360001,0.8472,41.817793,fed_h10_eur
2017-10-11,49.75,0.8441,41.993975,fed_h10_eur
2017-10-12,50.046501,0.8446,42.269275,fed_h10_eur
2017-10-13,50.146999,0.8448,42.364185,fed_h10_eur
2017-10-16,50.317001,0.8467,42.603405,fed_h10_eur
2017-10-17,50.456501,0.8508,42.928391,fed_h10_eur
2017-10-18,49.849998,0.8493,42.337604,fed_h10_eur
2017-10-19,49.330502,0.8445,41.659609,fed_h10_eur
2017-10-20,49.1455,0.8496,41.754017,fed_h10_eur
2017-10-23,48.314999,0.8502,41.077412,fed_h10_eur
2017-10-24,48.794998,0.8499,41.470869,fed_h10_eur
2017-10-25,48.6455,0.8473,41.217332,fed_h10_eur
2017-10-26,48.621498,0.8547,41.556794,fed_h10_eur
2017-10-27,55.047501,0.8636,47.539022,fed_h10_eur
2017-10-30,55.5425,0.8601,47.772104,fed_h10_eur
2017-10-31,55.264,0.8585,47.444144,fed_h10_eur
2017-11-01,55.183998,0.8607,47.496867,fed_h10_eur
2017-11-02,54.710999,0.8568,46.876384,fed_h10_eur
2017-11-03,55.580002,0.8609,47.848824,fed_h10_eur
2017-11-06,56.033001,0.8621,48.30605,fed_h10_eur
2017-11-07,56.158501,0.8638,48.509713,fed_h10_eur
2017-11-08,56.644001,0.8627,48.86678,fed_h10_eur
2017-11-09,56.456501,0.8585,48.467906,fed_h10_eur
2017-11-10,56.267502,0.8585,48.30565,fed_h10_eur
2017-11-13,56.4585,0.8579,48.435747,fed_h10_eur
2017-11-14,56.841999,0.8501,48.321383,fed_h10_eur
2017-11-15,56.334499,0.8479,47.766022,fed_h10_eur
2017-11-16,56.864498,0.8495,48.306391,fed_h10_eur
2017-11-17,56.493999,0.8475,47.878665,fed_h10_eur
2017-11-20,56.315498,0.8517,47.96391,fed_h10_eur
2017-11-21,56.974499,0.8517,48.525181,fed_h10_eur
2017-11-22,57.807999,0.8482,49.032744,fed_h10_eur
2017-11-24,59.299999,0.8378,49.681539,fed_h10_eur
2017-11-27,59.7915,0.8396,50.200943,fed_h10_eur
2017-11-28,59.68,0.8419,50.244592,fed_h10_eur
2017-11-29,58.063499,0.8433,48.964949,fed_h10_eur
2017-11-30,58.837502,0.8405,49.45292,fed_h10_eur
2017-12-01,58.1175,0.8396,48.795453,fed_h10_eur
2017-12-04,56.697498,0.844,47.852689,fed_h10_eur
2017-12-05,57.078499,0.846,48.28841,fed_h10_eur
2017-12-06,57.6175,0.8483,48.876926,fed_h10_eur
2017-12-07,57.989498,0.8482,49.186692,fed_h10_eur
2017-12-08,58.099998,0.8503,49.402429,fed_h10_eur
2017-12-11,58.445999,0.8473,49.521295,fed_h10_eur
2017-12-12,58.254002,0.8529,49.684838,fed_h10_eur
2017-12-13,58.206501,0.8502,49.487167,fed_h10_eur
2017-12-14,58.713001,0.849,49.847338,fed_h10_eur
2017-12-15,58.957001,0.849,50.054494,fed_h10_eur
2017-12-18,59.528999,0.8472,50.432968,fed_h10_eur
2017-12-19,59.368999,0.8459,50.220237,fed_h10_eur
2017-12-20,58.881001,0.8417,49.560138,fed_h10_eur
2017-12-21,58.737999,0.8423,49.475017,fed_h10_eur
2017-12-22,58.417999,0.8447,49.345684,fed_h10_eur
2017-12-26,58.838001,0.8427,49.582784,fed_h10_eur
2017-12-27,59.112999,0.8402,49.666742,fed_h10_eur
2017-12-28,59.305,0.8367,49.620494,fed_h10_eur
2017-12-29,58.473499,0.8318,48.638257,fed_h10_eur
2018-01-02,59.4505,0.8299,49.33797,fed_h10_eur
2018-01-03,60.209999,0.8313,50.052572,fed_h10_eur
2018-01-04,60.4795,0.8289,50.131457,fed_h10_eur
2018-01-05,61.457001,0.8306,51.046185,fed_h10_eur
2018-01-08,62.343498,0.8352,52.06929,fed_h10_eur
2018-01-09,62.634998,0.8388,52.538237,fed_h10_eur
2018-01-10,62.716499,0.8363,52.449808,fed_h10_eur
2018-01-11,63.834,0.8309,53.03967,fed_h10_eur
2018-01-12,65.260002,0.8244,53.800346,fed_h10_eur
2018-01-16,65.242996,0.8167,53.283955,fed_h10_eur
2018-01-17,64.75,0.8177,52.946075,fed_h10_eur
2018-01-18,64.666,0.8171,52.838589,fed_h10_eur
2018-01-19,64.728996,0.8171,52.890063,fed_h10_eur
2018-01-22,66.365501,0.8177,54.26707,fed_h10_eur
2018-01-23,68.126999,0.8145,55.489441,fed_h10_eur
2018-01-24,67.875504,0.8071,54.782319,fed_h10_eur
2018-01-25,68.897499,0.8008,55.173117,fed_h10_eur
2018-01-26,70.102501,0.805,56.432513,fed_h10_eur
2018-01-29,70.884003,0.8096,57.387689,fed_h10_eur
2018-01-30,71.890999,0.8071,58.023225,fed_h10_eur
2018-01-31,72.544502,0.8046,58.369307,fed_h10_eur
2018-02-01,69.5,0.8012,55.6834,fed_h10_eur
2018-02-02,71.497498,0.8035,57.448239,fed_h10_eur
2018-02-05,69.5,0.8053,55.96835,fed_h10_eur
2018-02-06,72.141998,0.8077,58.269092,fed_h10_eur
2018-02-07,70.838997,0.8143,57.684195,fed_h10_eur
2018-02-08,67.525002,0.8171,55.174679,fed_h10_eur
2018-02-09,66.980003,0.8179,54.782945,fed_h10_eur
2018-02-12,69.311501,0.8152,56.502735,fed_h10_eur
2018-02-13,70.725502,0.8089,57.209859,fed_h10_eur
2018-02-14,72.552498,0.8067,58.5281,fed_h10_eur
2018-02-15,73.087997,0.8012,58.558104,fed_h10_eur
2018-02-16,72.434502,0.8037,58.215609,fed_h10_eur
2018-02-20,73.417503,0.8098,59.453494,fed_h10_eur
2018-02-21,74.146004,0.8121,60.21397,fed_h10_eur
2018-02-22,74.266998,0.8113,60.252816,fed_h10_eur
2018-02-23,75.0,0.8131,60.9825,fed_h10_eur
2018-02-26,76.097504,0.8133,61.8901,fed_h10_eur
2018-02-27,75.598999,0.8171,61.771942,fed_h10_eur
2018-02-28,75.622498,0.8189,61.927263,fed_h10_eur
2018-03-01,74.672501,0.8186,61.126909,fed_h10_eur
2018-03-02,75.012497,0.8121,60.917649,fed_h10_eur
2018-03-05,76.180496,0.811,61.782382,fed_h10_eur
2018-03-06,76.882004,0.8055,61.928454,fed_h10_eur
2018-03-07,77.25,0.8066,62.30985,fed_h10_eur
2018-03-08,77.593002,0.8121,63.013277,fed_h10_eur
2018-03-09,78.944504,0.8113,64.047676,fed_h10_eur
2018-03-12,79.919502,0.8118,64.878652,fed_h10_eur
2018-03-13,79.408997,0.8066,64.051297,fed_h10_eur
2018-03-14,79.550003,0.8089,64.347997,fed_h10_eur
2018-03-15,79.115997,0.8116,64.210543,fed_h10_eur
2018-03-16,78.584,0.8143,63.990951,fed_h10_eur
2018-03-19,77.246498,0.8111,62.654635,fed_h10_eur
2018-03-20,79.3255,0.8149,64.64235,fed_h10_eur
2018-03-21,79.093002,0.8151,64.468706,fed_h10_eur
2018-03-22,77.246002,0.8123,62.746928,fed_h10_eur
2018-03-23,74.778,0.8091,60.50288,fed_h10_eur
2018-03-26,77.792999,0.8039,62.537792,fed_h10_eur
2018-03-27,74.852501,0.8058,60.316145,fed_h10_eur
2018-03-28,71.570999,0.8097,57.951038,fed_h10_eur
2018-03-29,72.366997,0.8132,58.848842,fed_h10_eur
2018-04-02,68.599503,0.8138,55.826275,fed_h10_eur
2018-04-03,69.602501,0.8156,56.7678,fed_h10_eur
2018-04-04,70.528503,0.8135,57.374938,fed_h10_eur
2018-04-05,72.587502,0.8177,59.3548,fed_h10_eur
2018-04-06,70.261497,0.8147,57.242042,fed_h10_eur
2018-04-09,70.304001,0.8117,57.065757,fed_h10_eur
2018-04-10,71.810997,0.8105,58.202813,fed_h10_eur
2018-04-11,71.352501,0.8075,57.617144,fed_h10_eur
2018-04-12,72.425003,0.8117,58.787375,fed_h10_eur
2018-04-13,71.539497,0.8116,58.061456,fed_h10_eur
2018-04-16,72.074997,0.8082,58.251013,fed_h10_eur
2018-04-17,75.191498,0.81,60.905113,fed_h10_eur
2018-04-18,76.391998,0.8078,61.709456,fed_h10_eur
2018-04-19,77.845497,0.8106,63.10156,fed_h10_eur
2018-04-20,76.374496,0.8142,62.184115,fed_h10_eur
2018-04-23,75.892998,0.8186,62.126008,fed_h10_eur
2018-04-24,73.004501,0.8179,59.710382,fed_h10_eur
2018-04-25,73.008499,0.8212,59.954579,fed_h10_eur
2018-04-26,75.898003,0.8256,62.661391,fed_h10_eur
2018-04-27,78.630997,0.8259,64.94134,fed_h10_eur
2018-04-30,78.306503,0.8282,64.853446,fed_h10_eur
2018-05-01,79.112999,0.8333,65.924862,fed_h10_eur
2018-05-02,78.484001,0.8356,65.581231,fed_h10_eur
2018-05-03,78.603996,0.8354,65.665778,fed_h10_eur
2018-05-04,79.047501,0.8371,66.170663,fed_h10_eur
2018-05-07,80.007004,0.8384,67.077872,fed_h10_eur
2018-05-08,79.619499,0.843,67.119238,fed_h10_eur
2018-05-09,80.400002,0.8437,67.833481,fed_h10_eur
2018-05-10,80.454002,0.8406,67.629634,fed_h10_eur
2018-05-11,80.1455,0.8368,67.065755,fed_h10_eur
2018-05-14,80.077003,0.835,66.864298,fed_h10_eur
2018-05-15,78.806,0.8429,66.425577,fed_h10_eur
2018-05-16,79.363998,0.8483,67.32448,fed_h10_eur
2018-05-17,79.087997,0.8476,67.034987,fed_h10_eur
2018-05-18,78.718498,0.8493,66.855621,fed_h10_eur
2018-05-21,79.273003,0.8498,67.366198,fed_h10_eur
2018-05-22,79.07,0.8487,67.106709,fed_h10_eur
2018-05-23,80.093002,0.8552,68.495536,fed_h10_eur
2018-05-24,80.153503,0.8526,68.338877,fed_h10_eur
2018-05-25,80.5075,0.8572,69.011029,fed_h10_eur
2018-05-29,80.643501,0.8657,69.813079,fed_h10_eur
2018-05-30,81.244499,0.8573,69.650909,fed_h10_eur
2018-05-31,81.481003,0.8569,69.821071,fed_h10_eur
2018-06-01,82.077003,0.8562,70.27433,fed_h10_eur
2018-06-04,83.263496,0.855,71.190289,fed_h10_eur
2018-06-05,84.817497,0.8568,72.671632,fed_h10_eur
2018-06-06,84.787498,0.849,71.984586,fed_h10_eur
2018-06-07,84.464996,0.8464,71.491173,fed_h10_eur
2018-06-08,84.199501,0.8494,71.519056,fed_h10_eur
2018-06-11,84.456001,0.8473,71.55957,fed_h10_eur
2018-06-12,84.9375,0.848,72.027,fed_h10_eur
2018-06-13,85.242996,0.8486,72.337207,fed_h10_eur
2018-06-14,86.193001,0.8595,74.082884,fed_h10_eur
2018-06-15,85.7985,0.8609,73.863929,fed_h10_eur
2018-06-18,86.189499,0.8616,74.260872,fed_h10_eur
2018-06-19,86.738998,0.8638,74.925147,fed_h10_eur
2018-06-20,87.503998,0.8627,75.489699,fed_h10_eur
2018-06-21,86.511002,0.8621,74.581134,fed_h10_eur
2018-06-22,85.783501,0.8598,73.756654,fed_h10_eur
2018-06-25,83.157501,0.8551,71.107979,fed_h10_eur
2018-06-26,84.554497,0.8565,72.420926,fed_h10_eur
2018-06-27,83.025497,0.863,71.651004,fed_h10_eur
2018-06-28,85.072502,0.8634,73.451598,fed_h10_eur
2018-06-29,84.989998,0.8564,72.785434,fed_h10_eur
2018-07-02,85.689003,0.8618,73.846783,fed_h10_eur
2018-07-03,84.697998,0.8581,72.679352,fed_h10_eur
2018-07-05,84.986504,0.8549,72.654962,fed_h10_eur
2018-07-06,85.531502,0.8519,72.864286,fed_h10_eur
2018-07-09,86.950996,0.8515,74.038773,fed_h10_eur
2018-07-10,87.153503,0.8527,74.315792,fed_h10_eur
2018-07-11,87.75,0.8531,74.859525,fed_h10_eur
2018-07-12,89.831001,0.8553,76.832455,fed_h10_eur
2018-07-13,90.651497,0.8571,77.697398,fed_h10_eur
2018-07-16,91.124496,0.854,77.82032,fed_h10_eur
2018-07-17,92.196503,0.8573,79.040062,fed_h10_eur
2018-07-18,92.146004,0.8587,79.125773,fed_h10_eur
2018-07-19,90.648499,0.8618,78.120876,fed_h10_eur
2018-07-20,90.684998,0.8541,77.454056,fed_h10_eur
2018-07-23,90.099998,0.8546,76.999459,fed_h10_eur
2018-07-24,91.461998,0.8559,78.282324,fed_h10_eur
2018-07-25,93.180496,0.8564,79.799777,fed_h10_eur
2018-07-26,90.400002,0.8581,77.572241,fed_h10_eur
2018-07-27,90.863503,0.8576,77.92454,fed_h10_eur
2018-07-30,88.960999,0.8534,75.919316,fed_h10_eur
2018-07-31,88.872002,0.8543,75.923351,fed_h10_eur
2018-08-01,89.858498,0.8572,77.026704,fed_h10_eur
2018-08-02,91.716499,0.8612,78.986249,fed_h10_eur
2018-08-03,91.164497,0.8623,78.611146,fed_h10_eur
2018-08-06,92.387497,0.8648,79.896707,fed_h10_eur
2018-08-07,93.124001,0.8623,80.300826,fed_h10_eur
2018-08-08,94.325996,0.8622,81.327874,fed_h10_eur
2018-08-09,94.926003,0.8646,82.073022,fed_h10_eur
2018-08-10,94.315002,0.8773,82.742552,fed_h10_eur
2018-08-13,94.809998,0.8775,83.195773,fed_h10_eur
2018-08-14,95.982498,0.881,84.560581,fed_h10_eur
2018-08-15,94.130997,0.8825,83.070605,fed_h10_eur
2018-08-16,94.325996,0.8781,82.827657,fed_h10_eur
2018-08-17,94.111,0.8764,82.47888,fed_h10_eur
2018-08-20,93.835503,0.8743,82.04038,fed_h10_eur
2018-08-21,94.170998,0.867,81.646255,fed_h10_eur
2018-08-22,95.245003,0.8624,82.13929,fed_h10_eur
2018-08-23,95.144997,0.8645,82.25285,fed_h10_eur
2018-08-24,95.269501,0.8602,81.950825,fed_h10_eur
2018-08-27,96.384003,0.8565,82.552898,fed_h10_eur
2018-08-28,96.640999,0.8532,82.4541,fed_h10_eur
2018-08-29,99.904999,0.8548,85.398793,fed_h10_eur
2018-08-30,100.119003,0.8587,85.972188,fed_h10_eur
2018-08-31,100.635498,0.8624,86.788054,fed_h10_eur
2018-09-04,101.975502,0.8646,88.168019,fed_h10_eur
2018-09-05,99.740997,0.8606,85.837102,fed_h10_eur
2018-09-06,97.915497,0.8603,84.236702,fed_h10_eur
2018-09-07,97.6035,0.8642,84.348945,fed_h10_eur
2018-09-10,96.9505,0.8618,83.551941,fed_h10_eur
2018-09-11,99.357498,0.8627,85.715714,fed_h10_eur
2018-09-12,99.5,0.8601,85.57995,fed_h10_eur
2018-09-13,99.4935,0.8568,85.246031,fed_h10_eur
2018-09-14,98.509499,0.8579,84.511299,fed_h10_eur
2018-09-17,95.401497,0.8557,81.635061,fed_h10_eur
2018-09-18,97.052498,0.8552,82.999296,fed_h10_eur
2018-09-19,96.320999,0.8558,82.431511,fed_h10_eur
2018-09-20,97.214996,0.8515,82.778569,fed_h10_eur
2018-09-21,95.750504,0.8519,81.569854,fed_h10_eur
2018-09-24,96.718002,0.8494,82.152271,fed_h10_eur
2018-09-25,98.727501,0.8496,83.878885,fed_h10_eur
2018-09-26,98.7425,0.8505,83.980497,fed_h10_eur
2018-09-27,100.649002,0.8569,86.24613,fed_h10_eur
2018-09-28,100.150002,0.8604,86.169061,fed_h10_eur
2018-10-01,100.218002,0.8645,86.638463,fed_h10_eur
2018-10-02,98.565498,0.8651,85.269013,fed_h10_eur
2018-10-03,97.638,0.8677,84.720493,fed_h10_eur
2018-10-04,95.471001,0.869,82.9643,fed_h10_eur
2018-10-05,94.482498,0.8694,82.143084,fed_h10_eur
2018-10-08,93.221001,0.8694,81.046338,fed_h10_eur
2018-10-09,93.515999,0.8709,81.443083,fed_h10_eur
2018-10-10,87.762497,0.8665,76.046204,fed_h10_eur
2018-10-11,85.968002,0.8647,74.336532,fed_h10_eur
2018-10-12,89.430496,0.8651,77.366322,fed_h10_eur
2018-10-15,88.047501,0.8625,75.940969,fed_h10_eur
2018-10-16,90.998001,0.8626,78.494876,fed_h10_eur
2018-10-17,91.586502,0.8666,79.368863,fed_h10_eur
2018-10-18,88.536003,0.87,77.026323,fed_h10_eur
2018-10-19,88.2015,0.8686,76.611823,fed_h10_eur
2018-10-22,89.464996,0.8721,78.022423,fed_h10_eur
2018-10-23,88.434998,0.8711,77.035726,fed_h10_eur
2018-10-24,83.209999,0.878,73.058379,fed_h10_eur
2018-10-25,89.108498,0.8792,78.344191,fed_h10_eur
2018-10-26,82.140503,0.8781,72.127576,fed_h10_eur
2018-10-29,76.944,0.878,67.556832,fed_h10_eur
2018-10-30,76.521004,0.88,67.338483,fed_h10_eur
2018-10-31,79.900497,0.8825,70.512189,fed_h10_eur
2018-11-01,83.276497,0.8775,73.075126,fed_h10_eur
2018-11-02,83.276497,0.8789,73.191713,fed_h10_eur
2018-11-05,81.389999,0.8777,71.436002,fed_h10_eur
2018-11-06,82.140503,0.8763,71.979723,fed_h10_eur
2018-11-07,87.774498,0.8727,76.600804,fed_h10_eur
2018-11-08,87.745499,0.876,76.865057,fed_h10_eur
2018-11-09,85.621498,0.883,75.603783,fed_h10_eur
2018-11-12,81.842499,0.883,72.266926,fed_h10_eur
2018-11-13,81.558502,0.8859,72.252677,fed_h10_eur
2018-11-14,79.9505,0.884,70.676242,fed_h10_eur
2018-11-15,80.972,0.8831,71.506373,fed_h10_eur
2018-11-16,79.670502,0.877,69.87103,fed_h10_eur
2018-11-19,75.614502,0.8735,66.049267,fed_h10_eur
2018-11-20,74.773003,0.8779,65.643219,fed_h10_eur
2018-11-21,75.836502,0.8777,66.561698,fed_h10_eur
2018-11-23,75.102997,0.8825,66.278395,fed_h10_eur
2018-11-26,79.066498,0.8821,69.744558,fed_h10_eur
2018-11-27,79.070999,0.8864,70.088534,fed_h10_eur
2018-11-28,83.887497,0.8861,74.332711,fed_h10_eur
2018-11-29,83.678497,0.8786,73.519928,fed_h10_eur
2018-11-30,84.508499,0.8832,74.637906,fed_h10_eur
2018-12-03,88.617996,0.8806,78.037007,fed_h10_eur
2018-12-04,83.419998,0.8814,73.526386,fed_h10_eur
2018-12-06,84.959503,0.8792,74.696395,fed_h10_eur
2018-12-07,81.456497,0.878,71.518805,fed_h10_eur
2018-12-10,82.051498,0.8797,72.180703,fed_h10_eur
2018-12-11,82.162003,0.8839,72.622994,fed_h10_eur
2018-12-12,83.177002,0.8801,73.204079,fed_h10_eur
2018-12-13,82.918999,0.8804,73.001886,fed_h10_eur
2018-12-14,79.595497,0.885,70.442015,fed_h10_eur
2018-12-17,76.045502,0.8819,67.064528,fed_h10_eur
2018-12-18,77.573997,0.88,68.265118,fed_h10_eur
2018-12-19,74.753998,0.8755,65.447125,fed_h10_eur
2018-12-20,73.041496,0.8747,63.889397,fed_h10_eur
2018-12-21,68.872498,0.877,60.40118,fed_h10_eur
2018-12-24,67.197998,0.877,58.932644,fed_h10_eur
2018-12-26,73.544998,0.8766,64.469545,fed_h10_eur
2018-12-27,73.082001,0.8763,64.041757,fed_h10_eur
2018-12-28,73.901001,0.8737,64.567305,fed_h10_eur
2018-12-31,75.098503,0.8729,65.553483,fed_h10_eur
2019-01-02,76.956497,0.8805,67.760196,fed_h10_eur
2019-01-03,75.014,0.8773,65.809782,fed_h10_eur
2019-01-04,78.769501,0.8764,69.03359,fed_h10_eur
2019-01-07,81.475502,0.872,71.046638,fed_h10_eur
2019-01-08,82.829002,0.8738,72.375982,fed_h10_eur
2019-01-09,82.971001,0.8678,72.002234,fed_h10_eur
2019-01-10,82.810997,0.8683,71.904789,fed_h10_eur
2019-01-11,82.028,0.8712,71.462793,fed_h10_eur
2019-01-14,80.860497,0.8712,70.445665,fed_h10_eur
2019-01-15,83.727997,0.8778,73.496436,fed_h10_eur
2019-01-16,84.189003,0.8766,73.80008,fed_h10_eur
2019-01-17,84.661003,0.8783,74.357759,fed_h10_eur
2019-01-18,84.809998,0.8801,74.641279,fed_h10_eur
2019-01-22,81.608498,0.8804,71.848121,fed_h10_eur
2019-01-23,82.000999,0.878,71.996878,fed_h10_eur
2019-01-24,82.746498,0.8832,73.081707,fed_h10_eur
2019-01-25,83.528503,0.8767,73.229439,fed_h10_eur
2019-01-28,81.894501,0.8743,71.600362,fed_h10_eur
2019-01-29,79.694,0.8754,69.764128,fed_h10_eur
2019-01-30,83.5215,0.8758,73.148129,fed_h10_eur
2019-01-31,85.936501,0.8731,75.031159,fed_h10_eur
2019-02-01,81.311501,0.8715,70.862973,fed_h10_eur
2019-02-04,81.665497,0.8743,71.400144,fed_h10_eur
2019-02-05,82.940498,0.8767,72.713935,fed_h10_eur
2019-02-06,82.013,0.8787,72.064824,fed_h10_eur
2019-02-07,80.718498,0.8805,71.072638,fed_h10_eur
2019-02-08,79.411003,0.8829,70.111975,fed_h10_eur
2019-02-11,79.550003,0.8868,70.544943,fed_h10_eur
2019-02-12,81.900497,0.8837,72.37547,fed_h10_eur
2019-02-13,82.0,0.8859,72.6438,fed_h10_eur
2019-02-14,81.1325,0.8862,71.899621,fed_h10_eur
2019-02-15,80.397499,0.8875,71.35278,fed_h10_eur
2019-02-19,81.378998,0.8828,71.841379,fed_h10_eur
2019-02-20,81.105003,0.8828,71.599497,fed_h10_eur
2019-02-21,80.972,0.882,71.417304,fed_h10_eur
2019-02-22,81.578003,0.8817,71.927325,fed_h10_eur
2019-02-25,81.650002,0.8814,71.966311,fed_h10_eur
2019-02-26,81.82,0.8792,71.936144,fed_h10_eur
2019-02-27,82.054497,0.8795,72.16693,fed_h10_eur
2019-02-28,81.991501,0.8788,72.054131,fed_h10_eur
2019-03-01,83.586502,0.879,73.472535,fed_h10_eur
2019-03-04,84.808502,0.8828,74.868946,fed_h10_eur
2019-03-05,84.621498,0.885,74.890026,fed_h10_eur
2019-03-06,83.447502,0.8834,73.717523,fed_h10_eur
2019-03-07,81.297501,0.8917,72.492981,fed_h10_eur
2019-03-08,81.040001,0.8894,72.076977,fed_h10_eur
2019-03-11,83.530998,0.8908,74.409413,fed_h10_eur
2019-03-12,83.654999,0.8868,74.185253,fed_h10_eur
2019-03-13,84.540497,0.8842,74.750707,fed_h10_eur
2019-03-14,84.310997,0.8846,74.581508,fed_h10_eur
2019-03-15,85.617996,0.8829,75.592129,fed_h10_eur
2019-03-18,87.107498,0.8821,76.837524,fed_h10_eur
2019-03-19,88.092499,0.8814,77.644728,fed_h10_eur
2019-03-20,89.863503,0.8809,79.160759,fed_h10_eur
2019-03-21,90.962997,0.8802,80.06563,fed_h10_eur
2019-03-22,88.238503,0.8864,78.214609,fed_h10_eur
2019-03-25,88.712997,0.8831,78.342448,fed_h10_eur
2019-03-26,89.188004,0.8865,79.065165,fed_h10_eur
2019-03-27,88.285004,0.8889,78.47654,fed_h10_eur
2019-03-28,88.670998,0.89,78.917188,fed_h10_eur
2019-03-29,89.037498,0.8906,79.296796,fed_h10_eur
2019-04-01,90.709503,0.8921,80.921948,fed_h10_eur
2019-04-02,90.698997,0.894,81.084904,fed_h10_eur
2019-04-03,91.035004,0.8895,80.975636,fed_h10_eur
2019-04-04,90.943001,0.8916,81.08478,fed_h10_eur
2019-04-05,91.863998,0.8915,81.896755,fed_h10_eur
2019-04-08,92.492996,0.8879,82.124531,fed_h10_eur
2019-04-09,91.792,0.8867,81.391966,fed_h10_eur
2019-04-10,92.366501,0.8876,81.984506,fed_h10_eur
2019-04-11,92.203499,0.8879,81.867487,fed_h10_eur
2019-04-12,92.153,0.8846,81.518544,fed_h10_eur
2019-04-15,92.2435,0.8846,81.5986,fed_h10_eur
2019-04-16,93.152,0.8855,82.486096,fed_h10_eur
2019-04-17,93.240997,0.8852,82.536931,fed_h10_eur
2019-04-18,93.084503,0.8896,82.807974,fed_h10_eur
2019-04-22,94.365501,0.8883,83.824875,fed_h10_eur
2019-04-23,96.188499,0.8918,85.780904,fed_h10_eur
2019-04-24,95.087502,0.8935,84.960683,fed_h10_eur
2019-04-25,95.112503,0.8977,85.382494,fed_h10_eur
2019-04-26,97.531502,0.8965,87.436991,fed_h10_eur
2019-04-29,96.921501,0.8956,86.802896,fed_h10_eur
2019-04-30,96.325996,0.8928,85.99985,fed_h10_eur
2019-05-01,95.575996,0.8892,84.986176,fed_h10_eur
2019-05-02,95.041,0.8941,84.976158,fed_h10_eur
2019-05-03,98.123001,0.894,87.721963,fed_h10_eur
2019-05-06,97.527496,0.8931,87.101807,fed_h10_eur
2019-05-07,96.050003,0.8946,85.926333,fed_h10_eur
2019-05-08,95.888496,0.8924,85.570894,fed_h10_eur
2019-05-09,94.9935,0.8906,84.601211,fed_h10_eur
2019-05-10,94.499001,0.8896,84.066311,fed_h10_eur
2019-05-13,91.134003,0.8903,81.136603,fed_h10_eur
2019-05-14,92.005997,0.8923,82.096951,fed_h10_eur
2019-05-15,93.557503,0.8922,83.472004,fed_h10_eur
2019-05-16,95.378502,0.8946,85.325608,fed_h10_eur
2019-05-17,93.449997,0.8956,83.693817,fed_h10_eur
2019-05-20,92.948502,0.8953,83.216793,fed_h10_eur
2019-05-21,92.875999,0.8962,83.235471,fed_h10_eur
2019-05-22,92.984001,0.8964,83.350859,fed_h10_eur
2019-05-23,90.774002,0.8951,81.251809,fed_h10_eur
2019-05-24,91.164001,0.8931,81.41857,fed_h10_eur
2019-05-28,91.821503,0.8947,82.152698,fed_h10_eur
2019-05-29,90.959503,0.898,81.681634,fed_h10_eur
2019-05-30,90.816002,0.8977,81.525525,fed_h10_eur
2019-05-31,88.753502,0.8969,79.603016,fed_h10_eur
2019-06-03,84.634499,0.8924,75.527827,fed_h10_eur
2019-06-04,86.477997,0.89,76.965417,fed_h10_eur
2019-06-05,86.925003,0.8895,77.31979,fed_h10_eur
2019-06-06,87.718002,0.8854,77.665519,fed_h10_eur
2019-06-07,90.2015,0.8831,79.656945,fed_h10_eur
2019-06-10,93.031502,0.8841,82.249151,fed_h10_eur
2019-06-11,93.184998,0.8837,82.347582,fed_h10_eur
2019-06-12,92.765999,0.8842,82.023696,fed_h10_eur
2019-06-13,93.514999,0.8869,82.938453,fed_h10_eur
2019-06-14,93.483498,0.8915,83.340538,fed_h10_eur
2019-06-17,94.301498,0.8901,83.937764,fed_h10_eur
2019-06-18,95.068497,0.8932,84.915181,fed_h10_eur
2019-06-19,95.439499,0.8917,85.103401,fed_h10_eur
2019-06-20,95.9095,0.8862,84.994999,fed_h10_eur
2019-06-21,95.565002,0.8828,84.364784,fed_h10_eur
2019-06-24,95.695,0.8777,83.991501,fed_h10_eur
2019-06-25,93.913498,0.8783,82.484225,fed_h10_eur
2019-06-26,94.891502,0.878,83.314739,fed_h10_eur
2019-06-27,95.213997,0.8794,83.731189,fed_h10_eur
2019-06-28,94.681503,0.8792,83.243978,fed_h10_eur
2019-07-01,96.109497,0.8844,84.999239,fed_h10_eur
2019-07-02,96.7155,0.8849,85.583546,fed_h10_eur
2019-07-03,96.949997,0.8869,85.984952,fed_h10_eur
2019-07-05,97.1455,0.8916,86.614928,fed_h10_eur
2019-07-08,97.615997,0.8922,87.092993,fed_h10_eur
2019-07-09,99.415001,0.8921,88.688122,fed_h10_eur
2019-07-10,100.870499,0.8881,89.58309,fed_h10_eur
2019-07-11,100.053497,0.888,88.847506,fed_h10_eur
2019-07-12,100.550003,0.8886,89.348733,fed_h10_eur
2019-07-15,101.0495,0.8881,89.742061,fed_h10_eur
2019-07-16,100.495003,0.8919,89.631493,fed_h10_eur
2019-07-17,99.601501,0.8903,88.675217,fed_h10_eur
2019-07-18,98.894997,0.8906,88.075884,fed_h10_eur
2019-07-19,98.225998,0.8913,87.548832,fed_h10_eur
2019-07-22,99.281502,0.8917,88.529315,fed_h10_eur
2019-07-23,99.724503,0.8964,89.393044,fed_h10_eur
2019-07-24,100.040497,0.8976,89.79635,fed_h10_eur
2019-07-25,98.691002,0.8964,88.466614,fed_h10_eur
2019-07-26,97.152496,0.8992,87.359525,fed_h10_eur
2019-07-29,95.622498,0.8975,85.821192,fed_h10_eur
2019-07-30,94.926498,0.897,85.149069,fed_h10_eur
2019-07-31,93.338997,0.8985,83.865089,fed_h10_eur
2019-08-01,92.765999,0.904,83.860463,fed_h10_eur
2019-08-02,91.162003,0.8999,82.036686,fed_h10_eur
2019-08-05,88.2565,0.8931,78.82188,fed_h10_eur
2019-08-06,89.391502,0.8932,79.84449,fed_h10_eur
2019-08-07,89.669998,0.89,79.806298,fed_h10_eur
2019-08-08,91.644501,0.8921,81.756059,fed_h10_eur
2019-08-09,90.378998,0.8911,80.536725,fed_h10_eur
2019-08-12,89.246002,0.8919,79.598509,fed_h10_eur
2019-08-13,91.217003,0.8943,81.575366,fed_h10_eur
2019-08-14,88.148003,0.8973,79.095203,fed_h10_eur
2019-08-15,88.806,0.9004,79.960922,fed_h10_eur
2019-08-16,89.628502,0.9016,80.809057,fed_h10_eur
2019-08-19,90.806,0.9012,81.834367,fed_h10_eur
2019-08-20,90.069,0.9016,81.206211,fed_h10_eur
2019-08-21,91.177002,0.9011,82.159596,fed_h10_eur
2019-08-22,90.233002,0.9018,81.372121,fed_h10_eur
2019-08-23,87.481003,0.897,78.47046,fed_h10_eur
2019-08-26,88.443497,0.8999,79.590303,fed_h10_eur
2019-08-27,88.091499,0.9014,79.405677,fed_h10_eur
2019-08-28,88.212502,0.9022,79.585319,fed_h10_eur
2019-08-29,89.32,0.9042,80.763144,fed_h10_eur
2019-08-30,88.814499,0.91,80.821194,fed_h10_eur
2019-09-03,89.491997,0.9117,81.589853,fed_h10_eur
2019-09-04,90.030998,0.907,81.658115,fed_h10_eur
2019-09-05,92.036003,0.906,83.384619,fed_h10_eur
2019-09-06,91.675499,0.9056,83.021332,fed_h10_eur
2019-09-09,91.567497,0.9045,82.822801,fed_h10_eur
2019-09-10,91.027496,0.9056,82.434501,fed_h10_eur
2019-09-11,91.149498,0.909,82.854894,fed_h10_eur
2019-09-12,92.177498,0.903,83.236281,fed_h10_eur
2019-09-13,91.967003,0.903,83.046204,fed_h10_eur
2019-09-16,90.391998,0.9086,82.13017,fed_h10_eur
2019-09-17,91.127502,0.9039,82.370149,fed_h10_eur
2019-09-18,90.873001,0.9041,82.15828,fed_h10_eur
2019-09-19,91.074997,0.9053,82.450195,fed_h10_eur
2019-09-20,89.708,0.9088,81.526631,fed_h10_eur
2019-09-23,89.264999,0.9098,81.213296,fed_h10_eur
2019-09-24,87.080498,0.9092,79.173589,fed_h10_eur
2019-09-25,88.416496,0.9133,80.750786,fed_h10_eur
2019-09-26,86.991997,0.9142,79.528083,fed_h10_eur
2019-09-27,86.272499,0.9139,78.844437,fed_h10_eur
2019-09-30,86.795502,0.917,79.591475,fed_h10_eur
2019-10-01,86.782501,0.9147,79.379954,fed_h10_eur
2019-10-02,85.661499,0.9132,78.226081,fed_h10_eur
2019-10-03,86.221001,0.9098,78.443866,fed_h10_eur
2019-10-04,86.982498,0.9112,79.258452,fed_h10_eur
2019-10-07,86.633003,0.9104,78.870686,fed_h10_eur
2019-10-08,85.275497,0.9133,77.882112,fed_h10_eur
2019-10-09,86.099503,0.9109,78.428037,fed_h10_eur
2019-10-10,86.013,0.9076,78.065399,fed_h10_eur
2019-10-11,86.596001,0.9059,78.447317,fed_h10_eur
2019-10-14,86.821503,0.9059,78.651599,fed_h10_eur
2019-10-15,88.369003,0.9061,80.071154,fed_h10_eur
2019-10-16,88.871498,0.9029,80.242076,fed_h10_eur
2019-10-17,89.374001,0.8986,80.311477,fed_h10_eur
2019-10-18,87.875504,0.8965,78.780389,fed_h10_eur
2019-10-21,89.282997,0.8973,80.113633,fed_h10_eur
2019-10-22,88.286499,0.8978,79.263619,fed_h10_eur
2019-10-23,88.108498,0.8994,79.244783,fed_h10_eur
2019-10-24,89.039001,0.9011,80.233044,fed_h10_eur
2019-10-25,88.066498,0.9024,79.471208,fed_h10_eur
2019-10-28,88.853996,0.9014,80.092992,fed_h10_eur
2019-10-29,88.135498,0.8995,79.27788,fed_h10_eur
2019-10-30,88.999496,0.899,80.010547,fed_h10_eur
2019-10-31,88.833,0.8965,79.638785,fed_h10_eur
2019-11-01,89.571999,0.8953,80.19381,fed_h10_eur
2019-11-04,90.233002,0.8973,80.966072,fed_h10_eur
2019-11-05,90.085503,0.9033,81.374235,fed_h10_eur
2019-11-06,89.788498,0.9029,81.070035,fed_h10_eur
2019-11-07,89.410004,0.9054,80.951817,fed_h10_eur
2019-11-08,89.293999,0.9075,81.034304,fed_h10_eur
2019-11-11,88.582497,0.9075,80.388616,fed_h10_eur
2019-11-12,88.900002,0.9077,80.694531,fed_h10_eur
2019-11-13,87.655502,0.9088,79.661321,fed_h10_eur
2019-11-14,87.730003,0.9078,79.641297,fed_h10_eur
2019-11-15,86.974503,0.9053,78.738017,fed_h10_eur
2019-11-18,87.626503,0.9026,79.091682,fed_h10_eur
2019-11-19,87.639503,0.9029,79.129708,fed_h10_eur
2019-11-20,87.276497,0.9039,78.889226,fed_h10_eur
2019-11-21,86.735497,0.9036,78.374195,fed_h10_eur
2019-11-22,87.286003,0.9067,79.142219,fed_h10_eur
2019-11-25,88.692001,0.9083,80.558945,fed_h10_eur
2019-11-26,89.847,0.9081,81.590061,fed_h10_eur
2019-11-27,90.925499,0.9089,82.642186,fed_h10_eur
2019-11-29,90.040001,0.9075,81.711301,fed_h10_eur
2019-12-02,89.080002,0.9029,80.430334,fed_h10_eur
2019-12-03,88.498001,0.9018,79.807497,fed_h10_eur
2019-12-04,88.0345,0.9029,79.48635,fed_h10_eur
2019-12-05,87.024002,0.9006,78.373816,fed_h10_eur
2019-12-06,87.580002,0.9048,79.242386,fed_h10_eur
2019-12-09,87.475502,0.9036,79.042864,fed_h10_eur
2019-12-10,86.960503,0.9017,78.412285,fed_h10_eur
2019-12-11,87.435997,0.9016,78.832295,fed_h10_eur
2019-12-12,88.016502,0.8997,79.188447,fed_h10_eur
2019-12-13,88.046997,0.8986,79.119032,fed_h10_eur
2019-12-16,88.460503,0.8977,79.410993,fed_h10_eur
2019-12-17,89.532997,0.897,80.311098,fed_h10_eur
2019-12-18,89.2015,0.8998,80.26351,fed_h10_eur
2019-12-19,89.613998,0.8986,80.527139,fed_h10_eur
2019-12-20,89.324997,0.9029,80.65154,fed_h10_eur
2019-12-23,89.650002,0.9016,80.828441,fed_h10_eur
2019-12-24,89.460503,0.9022,80.711265,fed_h10_eur
2019-12-26,93.438499,0.9007,84.160056,fed_h10_eur
2019-12-27,93.489998,0.8949,83.664199,fed_h10_eur
2019-12-30,92.344498,0.8915,82.32512,fed_h10_eur
2019-12-31,92.391998,0.8907,82.293553,fed_h10_eur
2020-01-02,94.900497,0.8956,84.992886,fed_h10_eur
2020-01-03,93.748497,0.895,83.904905,fed_h10_eur
2020-01-06,95.143997,0.8939,85.049219,fed_h10_eur
2020-01-07,95.343002,0.8978,85.598947,fed_h10_eur
2020-01-08,94.598503,0.8995,85.091354,fed_h10_eur
2020-01-09,95.052498,0.9004,85.585269,fed_h10_eur
2020-01-10,94.157997,0.8994,84.685703,fed_h10_eur
2020-01-13,94.565002,0.8978,84.900459,fed_h10_eur
2020-01-14,93.472,0.8985,83.984592,fed_h10_eur
2020-01-15,93.100998,0.8961,83.427804,fed_h10_eur
2020-01-16,93.897003,0.8984,84.357068,fed_h10_eur
2020-01-17,93.236,0.9015,84.052254,fed_h10_eur
2020-01-21,94.599998,0.9012,85.253519,fed_h10_eur
2020-01-22,94.373001,0.9021,85.133884,fed_h10_eur
2020-01-23,94.228996,0.9057,85.343202,fed_h10_eur
2020-01-24,93.082001,0.9069,84.416066,fed_h10_eur
2020-01-27,91.417,0.9075,82.960927,fed_h10_eur
2020-01-28,92.662498,0.9084,84.174614,fed_h10_eur
2020-01-29,92.900002,0.9088,84.427521,fed_h10_eur
2020-01-30,93.533997,0.9065,84.788568,fed_h10_eur
2020-01-31,100.435997,0.9024,90.633444,fed_h10_eur
2020-02-03,100.209999,0.904,90.589839,fed_h10_eur
2020-02-04,102.483498,0.9056,92.809055,fed_h10_eur
2020-02-05,101.9935,0.9086,92.671294,fed_h10_eur
2020-02-06,102.511497,0.9108,93.367472,fed_h10_eur
2020-02-07,103.963997,0.9132,94.939922,fed_h10_eur
2020-02-10,106.695503,0.9161,97.743751,fed_h10_eur
2020-02-11,107.540001,0.916,98.506641,fed_h10_eur
2020-02-12,108.0,0.918,99.144,fed_h10_eur
2020-02-13,107.4935,0.9218,99.087508,fed_h10_eur
2020-02-14,106.7435,0.9226,98.481553,fed_h10_eur
2020-02-18,107.783501,0.9246,99.656625,fed_h10_eur
2020-02-19,108.511002,0.9264,100.524592,fed_h10_eur
2020-02-20,107.654999,0.9262,99.71006,fed_h10_eur
2020-02-21,104.7985,0.9212,96.540378,fed_h10_eur
2020-02-24,100.4645,0.9211,92.537851,fed_h10_eur
2020-02-25,98.637001,0.9201,90.755905,fed_h10_eur
2020-02-26,98.9795,0.9185,90.912671,fed_h10_eur
2020-02-27,94.214996,0.911,85.829862,fed_h10_eur
2020-02-28,94.1875,0.909,85.616438,fed_h10_eur
2020-03-02,97.697502,0.8957,87.507653,fed_h10_eur
2020-03-03,95.449501,0.8949,85.417758,fed_h10_eur
2020-03-04,98.791496,0.8985,88.764159,fed_h10_eur
2020-03-05,96.2015,0.8927,85.879079,fed_h10_eur
2020-03-06,95.054497,0.8835,83.980648,fed_h10_eur
2020-03-09,90.030502,0.8757,78.839711,fed_h10_eur
2020-03-10,94.591003,0.8817,83.400888,fed_h10_eur
2020-03-11,91.042999,0.8865,80.709619,fed_h10_eur
2020-03-12,83.830498,0.9024,75.648641,fed_h10_eur
2020-03-13,89.25,0.9037,80.655225,fed_h10_eur
2020-03-16,84.457497,0.8977,75.817495,fed_h10_eur
2020-03-17,90.391998,0.9115,82.392306,fed_h10_eur
2020-03-18,91.5,0.9231,84.46365,fed_h10_eur
2020-03-19,94.046501,0.9347,87.905265,fed_h10_eur
2020-03-20,92.304497,0.9362,86.41547,fed_h10_eur
2020-03-23,95.141502,0.9294,88.424512,fed_h10_eur
2020-03-24,97.004997,0.9264,89.865429,fed_h10_eur
2020-03-25,94.292,0.9229,87.022087,fed_h10_eur
2020-03-26,97.774498,0.907,88.68147,fed_h10_eur
2020-03-27,95.004997,0.9042,85.903519,fed_h10_eur
2020-03-30,98.197502,0.9076,89.124053,fed_h10_eur
2020-03-31,97.486,0.9078,88.497791,fed_h10_eur
2020-04-01,95.385002,0.9146,87.239123,fed_h10_eur
2020-04-02,95.941498,0.9206,88.323743,fed_h10_eur
2020-04-03,95.329498,0.9262,88.294181,fed_h10_eur
2020-04-06,99.879501,0.9252,92.408515,fed_h10_eur
2020-04-07,100.580002,0.9186,92.39279,fed_h10_eur
2020-04-08,102.150002,0.9205,94.029076,fed_h10_eur
2020-04-09,102.138,0.9148,93.435843,fed_h10_eur
2020-04-13,108.443497,0.9169,99.431842,fed_h10_eur
2020-04-14,114.166,0.9115,104.062309,fed_h10_eur
2020-04-15,115.384003,0.9167,105.772515,fed_h10_eur
2020-04-16,120.4095,0.9225,111.077764,fed_h10_eur
2020-04-17,118.75,0.9189,109.119375,fed_h10_eur
2020-04-20,119.680496,0.9196,110.058184,fed_h10_eur
2020-04-21,116.405998,0.9213,107.244846,fed_h10_eur
2020-04-22,118.1745,0.9234,109.122333,fed_h10_eur
2020-04-23,119.972504,0.9246,110.926577,fed_h10_eur
2020-04-24,120.511002,0.9261,111.605239,fed_h10_eur
2020-04-27,118.800003,0.9234,109.699923,fed_h10_eur
2020-04-28,115.704002,0.9228,106.771653,fed_h10_eur
2020-04-29,118.635498,0.9214,109.310748,fed_h10_eur
2020-04-30,123.699997,0.9146,113.136017,fed_h10_eur
2020-05-01,114.302002,0.9093,103.93481,fed_h10_eur
2020-05-04,115.7995,0.9165,106.130241,fed_h10_eur
2020-05-05,115.889999,0.9222,106.873757,fed_h10_eur
2020-05-06,117.563004,0.9254,108.792803,fed_h10_eur
2020-05-07,118.380501,0.9246,109.454611,fed_h10_eur
2020-05-08,118.980499,0.9213,109.616734,fed_h10_eur
2020-05-11,120.449997,0.9244,111.343977,fed_h10_eur
2020-05-12,117.847504,0.9205,108.478627,fed_h10_eur
2020-05-13,118.396004,0.9228,109.255832,fed_h10_eur
2020-05-14,119.442497,0.9259,110.591808,fed_h10_eur
2020-05-15,120.488998,0.9246,111.404128,fed_h10_eur
2020-05-18,121.313004,0.9171,111.256156,fed_h10_eur
2020-05-19,122.466499,0.9143,111.97112,fed_h10_eur
2020-05-20,124.897003,0.9107,113.743701,fed_h10_eur
2020-05-21,122.336998,0.913,111.693679,fed_h10_eur
2020-05-22,121.844002,0.9179,111.840609,fed_h10_eur
2020-05-26,121.093002,0.9116,110.388381,fed_h10_eur
2020-05-27,120.519501,0.9117,109.877629,fed_h10_eur
2020-05-28,120.055,0.9034,108.457687,fed_h10_eur
2020-05-29,122.1185,0.9003,109.943285,fed_h10_eur
2020-06-01,123.552002,0.899,111.07325,fed_h10_eur
2020-06-02,123.620499,0.8956,110.714519,fed_h10_eur
2020-06-03,123.919998,0.8892,110.189662,fed_h10_eur
2020-06-04,123.029999,0.8832,108.660095,fed_h10_eur
2020-06-05,124.150002,0.8852,109.897581,fed_h10_eur
2020-06-08,126.203003,0.8855,111.752759,fed_h10_eur
2020-06-09,130.042999,0.8812,114.593891,fed_h10_eur
2020-06-10,132.372498,0.8807,116.580459,fed_h10_eur
2020-06-11,127.898003,0.8789,112.409555,fed_h10_eur
2020-06-12,127.250999,0.8887,113.087963,fed_h10_eur
2020-06-15,128.634003,0.8873,114.136951,fed_h10_eur
2020-06-16,130.763504,0.8882,116.144144,fed_h10_eur
2020-06-17,132.048996,0.8913,117.69527,fed_h10_eur
2020-06-18,132.699005,0.8916,118.314433,fed_h10_eur
2020-06-19,133.750504,0.8937,119.532825,fed_h10_eur
2020-06-22,135.690994,0.8881,120.507172,fed_h10_eur
2020-06-23,138.220505,0.8832,122.07635,fed_h10_eur
2020-06-24,136.720001,0.8872,121.297985,fed_h10_eur
2020-06-25,137.729004,0.8912,122.744088,fed_h10_eur
2020-06-26,134.643494,0.8917,120.061603,fed_h10_eur
2020-06-29,134.018997,0.8899,119.263506,fed_h10_eur
2020-06-30,137.940994,0.8899,122.753691,fed_h10_eur
2020-07-01,143.934998,0.8882,127.843065,fed_h10_eur
2020-07-02,144.514999,0.8899,128.603898,fed_h10_eur
2020-07-06,152.852005,0.8844,135.182313,fed_h10_eur
2020-07-07,150.005997,0.885,132.755307,fed_h10_eur
2020-07-08,154.055496,0.8827,135.984787,fed_h10_eur
2020-07-09,159.1315,0.8851,140.847291,fed_h10_eur
2020-07-10,160.0,0.8835,141.36,fed_h10_eur
2020-07-13,155.199997,0.88,136.575997,fed_h10_eur
2020-07-14,154.199997,0.8767,135.187137,fed_h10_eur
2020-07-15,150.443497,0.8767,131.893814,fed_h10_eur
2020-07-16,149.994995,0.8747,131.200622,fed_h10_eur
2020-07-17,148.098495,0.8743,129.482515,fed_h10_eur
2020-07-20,159.841995,0.874,139.701904,fed_h10_eur
2020-07-21,156.914505,0.8699,136.499928,fed_h10_eur
2020-07-22,154.995499,0.863,133.761115,fed_h10_eur
2020-07-23,149.327499,0.8604,128.48138,fed_h10_eur
2020-07-24,150.445496,0.8595,129.307903,fed_h10_eur
2020-07-27,152.760498,0.8511,130.01446,fed_h10_eur
2020-07-28,150.016495,0.8523,127.859058,fed_h10_eur
2020-07-29,151.676498,0.8496,128.864353,fed_h10_eur
2020-07-30,152.593994,0.8481,129.414966,fed_h10_eur
2020-07-31,158.233994,0.8459,133.850135,fed_h10_eur
2020-08-03,155.594498,0.8511,132.426477,fed_h10_eur
2020-08-04,156.941498,0.8499,133.384579,fed_h10_eur
2020-08-05,160.251495,0.8405,134.691382,fed_h10_eur
2020-08-06,161.25,0.8435,136.014375,fed_h10_eur
2020-08-07,158.373001,0.8492,134.490353,fed_h10_eur
2020-08-10,157.408005,0.8506,133.891249,fed_h10_eur
2020-08-11,154.033493,0.8501,130.943872,fed_h10_eur
2020-08-12,158.112,0.8477,134.031542,fed_h10_eur
2020-08-13,158.050995,0.8462,133.742752,fed_h10_eur
2020-08-14,157.401001,0.8451,133.019586,fed_h10_eur
2020-08-17,159.120499,0.8425,134.05902,fed_h10_eur
2020-08-18,165.624496,0.8384,138.859578,fed_h10_eur
2020-08-19,163.024002,0.8405,137.021674,fed_h10_eur
2020-08-20,164.8685,0.843,138.984145,fed_h10_eur
2020-08-21,164.235992,0.8493,139.485628,fed_h10_eur
2020-08-24,165.373001,0.8472,140.104007,fed_h10_eur
2020-08-25,167.324493,0.8462,141.589986,fed_h10_eur
2020-08-26,172.092499,0.8465,145.6763,fed_h10_eur
2020-08-27,170.0,0.8457,143.769,fed_h10_eur
2020-08-28,170.089996,0.8403,142.926624,fed_h10_eur
2020-08-31,172.548004,0.8368,144.38817,fed_h10_eur
2020-09-01,174.955994,0.8369,146.420671,fed_h10_eur
2020-09-02,176.572495,0.8446,149.133129,fed_h10_eur
2020-09-03,168.399994,0.8452,142.331675,fed_h10_eur
2020-09-04,164.731003,0.846,139.362428,fed_h10_eur
2020-09-08,157.492004,0.8482,133.584718,fed_h10_eur
2020-09-09,163.430496,0.8467,138.376601,fed_h10_eur
2020-09-10,158.755493,0.8418,133.640374,fed_h10_eur
2020-09-11,155.811005,0.8452,131.691461,fed_h10_eur
2020-09-14,155.148499,0.8422,130.666065,fed_h10_eur
2020-09-15,157.806503,0.8442,133.22025,fed_h10_eur
2020-09-16,153.904999,0.845,130.049724,fed_h10_eur
2020-09-17,150.436493,0.8458,127.239186,fed_h10_eur
2020-09-18,147.745499,0.8434,124.608554,fed_h10_eur
2020-09-21,148.023499,0.852,126.116021,fed_h10_eur
2020-09-22,156.449493,0.8545,133.686092,fed_h10_eur
2020-09-23,149.992996,0.8564,128.454002,fed_h10_eur
2020-09-24,150.989502,0.8572,129.428201,fed_h10_eur
2020-09-25,154.7565,0.8607,133.19892,fed_h10_eur
2020-09-28,158.702499,0.8576,136.103263,fed_h10_eur
2020-09-29,157.244003,0.8535,134.207757,fed_h10_eur
2020-09-30,157.436493,0.853,134.293328,fed_h10_eur
2020-10-01,161.063004,0.8509,137.04851,fed_h10_eur
2020-10-02,156.25,0.8543,133.484375,fed_h10_eur
2020-10-05,159.960007,0.8486,135.742062,fed_h10_eur
2020-10-06,154.998001,0.849,131.593303,fed_h10_eur
2020-10-07,159.7845,0.8499,135.800847,fed_h10_eur
2020-10-08,159.527496,0.8508,135.725994,fed_h10_eur
2020-10-09,164.332504,0.8461,139.041732,fed_h10_eur
2020-10-12,172.1465,0.8461,145.653153,fed_h10_eur
2020-10-13,172.181503,0.852,146.698641,fed_h10_eur
2020-10-14,168.185501,0.8507,143.075406,fed_h10_eur
2020-10-15,166.932495,0.8546,142.66051,fed_h10_eur
2020-10-16,163.635498,0.8535,139.662898,fed_h10_eur
2020-10-19,160.360504,0.8483,136.033816,fed_h10_eur
2020-10-20,160.850494,0.8457,136.031263,fed_h10_eur
2020-10-21,159.246994,0.8425,134.165592,fed_h10_eur
2020-10-22,158.820007,0.8457,134.31408,fed_h10_eur
2020-10-23,160.220001,0.8443,135.273747,fed_h10_eur
2020-10-26,160.352005,0.8463,135.705902,fed_h10_eur
2020-10-27,164.316498,0.845,138.847441,fed_h10_eur
2020-10-28,158.139008,0.851,134.576295,fed_h10_eur
2020-10-29,160.550507,0.8578,137.720225,fed_h10_eur
2020-10-30,151.807495,0.8586,130.341915,fed_h10_eur
2020-11-02,150.223999,0.8595,129.117527,fed_h10_eur
2020-11-03,152.420502,0.853,130.014688,fed_h10_eur
2020-11-04,162.057999,0.8525,138.154444,fed_h10_eur
2020-11-05,166.100006,0.8468,140.653485,fed_h10_eur
2020-11-06,165.568497,0.8413,139.292776,fed_h10_eur
2020-11-09,157.186996,0.8467,133.09023,fed_h10_eur
2020-11-10,151.751007,0.8467,128.487578,fed_h10_eur
2020-11-11,156.869507,0.8467,132.821411,fed_h10_eur
2020-11-12,155.514008,0.8465,131.642607,fed_h10_eur
2020-11-13,156.440506,0.8457,132.301736,fed_h10_eur
2020-11-16,156.552994,0.8443,132.177693,fed_h10_eur
2020-11-17,156.783005,0.843,132.168073,fed_h10_eur
2020-11-18,155.272995,0.8425,130.817498,fed_h10_eur
2020-11-19,155.850998,0.8444,131.600583,fed_h10_eur
2020-11-20,154.970001,0.8434,130.701699,fed_h10_eur
2020-11-23,154.919495,0.8456,130.999925,fed_h10_eur
2020-11-24,155.903,0.8422,131.301506,fed_h10_eur
2020-11-25,159.253494,0.8398,133.741084,fed_h10_eur
2020-11-27,159.766998,0.8398,134.172325,fed_h10_eur
2020-11-30,158.401993,0.837,132.582468,fed_h10_eur
2020-12-01,161.003998,0.8306,133.729921,fed_h10_eur
2020-12-02,160.176498,0.8269,132.449947,fed_h10_eur
2020-12-03,159.336502,0.8229,131.118008,fed_h10_eur
2020-12-04,158.128998,0.8236,130.235043,fed_h10_eur
2020-12-07,157.899994,0.8239,130.093805,fed_h10_eur
2020-12-08,158.864502,0.8257,131.174419,fed_h10_eur
2020-12-09,155.210007,0.8278,128.482844,fed_h10_eur
2020-12-10,155.074493,0.8252,127.967472,fed_h10_eur
2020-12-11,155.820999,0.8256,128.645817,fed_h10_eur
2020-12-14,157.848495,0.8234,129.972451,fed_h10_eur
2020-12-15,158.255997,0.8225,130.165557,fed_h10_eur
2020-12-16,162.048004,0.8214,133.106231,fed_h10_eur
2020-12-17,161.804001,0.8158,131.999704,fed_h10_eur
2020-12-18,160.082504,0.8173,130.835431,fed_h10_eur
2020-12-21,160.309006,0.8177,131.084674,fed_h10_eur
2020-12-22,160.326004,0.8216,131.723845,fed_h10_eur
2020-12-23,159.263504,0.8201,130.612,fed_h10_eur
2020-12-24,158.634506,0.8201,130.096159,fed_h10_eur
2020-12-28,164.197998,0.8188,134.445321,fed_h10_eur
2020-12-29,166.100006,0.8162,135.570825,fed_h10_eur
2020-12-30,164.292496,0.8143,133.783379,fed_h10_eur
2020-12-31,162.846497,0.8177,133.15958,fed_h10_eur
2021-01-04,159.331497,0.8161,130.030435,fed_h10_eur
2021-01-05,160.925507,0.8133,130.880715,fed_h10_eur
2021-01-06,156.919006,0.8137,127.684995,fed_h10_eur
2021-01-07,158.108002,0.8153,128.905454,fed_h10_eur
2021-01-08,159.134995,0.8162,129.885983,fed_h10_eur
2021-01-11,155.710495,0.8218,127.962885,fed_h10_eur
2021-01-12,156.041504,0.8218,128.234908,fed_h10_eur
2021-01-13,158.294495,0.8224,130.181392,fed_h10_eur
2021-01-14,156.373505,0.8226,128.632845,fed_h10_eur
2021-01-15,155.212494,0.8265,128.283126,fed_h10_eur
2021-01-19,156.037994,0.8247,128.684534,fed_h10_eur
2021-01-20,163.169006,0.8247,134.56548,fed_h10_eur
2021-01-21,165.349503,0.8235,136.165315,fed_h10_eur
2021-01-22,164.611496,0.8211,135.162499,fed_h10_eur
2021-01-25,164.699997,0.8239,135.696327,fed_h10_eur
2021-01-26,166.306503,0.8232,136.903514,fed_h10_eur
2021-01-27,161.628998,0.8264,133.570204,fed_h10_eur
2021-01-28,161.880997,0.8249,133.535634,fed_h10_eur
2021-01-29,160.309998,0.8241,132.111469,fed_h10_eur
2021-02-01,167.143997,0.8285,138.478802,fed_h10_eur
2021-02-02,169.0,0.8319,140.5911,fed_h10_eur
2021-02-03,165.626495,0.8316,137.734994,fed_h10_eur
2021-02-04,166.550003,0.8351,139.085908,fed_h10_eur
2021-02-05,167.607498,0.8309,139.26507,fed_h10_eur
2021-02-08,166.147003,0.8302,137.935242,fed_h10_eur
2021-02-09,165.25,0.826,136.4965,fed_h10_eur
2021-02-10,164.328995,0.8243,135.45639,fed_h10_eur
2021-02-11,163.106506,0.8246,134.497625,fed_h10_eur
2021-02-12,163.885498,0.8247,135.15637,fed_h10_eur
2021-02-16,163.447495,0.826,135.00763,fed_h10_eur
2021-02-17,165.432007,0.8304,137.374738,fed_h10_eur
2021-02-18,166.411499,0.828,137.788721,fed_h10_eur
2021-02-19,162.494995,0.824,133.895876,fed_h10_eur
2021-02-22,159.037003,0.8227,130.839742,fed_h10_eur
2021-02-23,159.725006,0.8236,131.549515,fed_h10_eur
2021-02-24,157.976501,0.8235,130.093649,fed_h10_eur
2021-02-25,152.858002,0.8177,124.991988,fed_h10_eur
2021-02-26,154.6465,0.8269,127.877191,fed_h10_eur
2021-03-01,157.307007,0.8296,130.501893,fed_h10_eur
2021-03-02,154.726501,0.8279,128.098071,fed_h10_eur
2021-03-03,150.25,0.8283,124.452075,fed_h10_eur
2021-03-04,148.878494,0.8302,123.598926,fed_h10_eur
2021-03-05,150.022995,0.8393,125.9143,fed_h10_eur
2021-03-08,147.597504,0.844,124.572293,fed_h10_eur
2021-03-09,153.142502,0.8414,128.854101,fed_h10_eur
2021-03-10,152.882004,0.8403,128.466748,fed_h10_eur
2021-03-11,155.679504,0.8349,129.976818,fed_h10_eur
2021-03-12,154.474503,0.8367,129.248816,fed_h10_eur
2021-03-15,154.084,0.8391,129.291884,fed_h10_eur
2021-03-16,154.593002,0.8407,129.966337,fed_h10_eur
2021-03-17,156.786499,0.84,131.700659,fed_h10_eur
2021-03-18,151.399506,0.8385,126.948485,fed_h10_eur
2021-03-19,153.748001,0.8397,129.102197,fed_h10_eur
2021-03-22,155.543503,0.8381,130.36101,fed_h10_eur
2021-03-23,156.875,0.8423,132.135812,fed_h10_eur
2021-03-24,154.3535,0.8452,130.459579,fed_h10_eur
2021-03-25,152.313004,0.8491,129.328971,fed_h10_eur
2021-03-26,152.601501,0.8476,129.345033,fed_h10_eur
2021-03-29,153.786499,0.849,130.564738,fed_h10_eur
2021-03-30,152.764496,0.853,130.308115,fed_h10_eur
2021-03-31,154.703995,0.8516,131.745922,fed_h10_eur
2021-04-01,158.050003,0.8495,134.263478,fed_h10_eur
2021-04-05,161.336502,0.8467,136.603616,fed_h10_eur
2021-04-06,161.190994,0.8437,135.996842,fed_h10_eur
2021-04-07,163.969498,0.841,137.898348,fed_h10_eur
2021-04-08,164.964996,0.8401,138.587093,fed_h10_eur
2021-04-09,168.610001,0.8405,141.716706,fed_h10_eur
2021-04-12,168.969498,0.8398,141.900584,fed_h10_eur
2021-04-13,170.0,0.8376,142.392,fed_h10_eur
2021-04-14,166.649994,0.8351,139.16941,fed_h10_eur
2021-04-15,168.954498,0.8358,141.21217,fed_h10_eur
2021-04-16,169.972,0.8347,141.875629,fed_h10_eur
2021-04-19,168.600494,0.8314,140.174451,fed_h10_eur
2021-04-20,166.734497,0.8302,138.422979,fed_h10_eur
2021-04-21,168.100998,0.831,139.691929,fed_h10_eur
2021-04-22,165.451996,0.8325,137.738787,fed_h10_eur
2021-04-23,167.044006,0.8286,138.412664,fed_h10_eur
2021-04-26,170.449997,0.8276,141.064417,fed_h10_eur
2021-04-27,170.871506,0.8279,141.46452,fed_h10_eur
2021-04-28,172.925003,0.8266,142.939808,fed_h10_eur
2021-04-29,173.565506,0.8258,143.330395,fed_h10_eur
2021-04-30,173.371002,0.8313,144.123314,fed_h10_eur
2021-05-03,169.324493,0.8293,140.420802,fed_h10_eur
2021-05-04,165.593506,0.8324,137.840034,fed_h10_eur
2021-05-05,163.526993,0.8331,136.234338,fed_h10_eur
2021-05-06,165.318497,0.8299,137.19782,fed_h10_eur
2021-05-07,164.580505,0.822,135.285175,fed_h10_eur
2021-05-10,159.524506,0.8217,131.081286,fed_h10_eur
2021-05-11,161.195496,0.8218,132.470458,fed_h10_eur
2021-05-12,157.597,0.8282,130.521836,fed_h10_eur
2021-05-13,158.073502,0.8285,130.963896,fed_h10_eur
2021-05-14,161.145004,0.8237,132.73514,fed_h10_eur
2021-05-17,163.519501,0.8227,134.527493,fed_h10_eur
2021-05-18,161.613998,0.8195,132.442672,fed_h10_eur
2021-05-19,161.589996,0.8186,132.277571,fed_h10_eur
2021-05-20,162.384003,0.818,132.830114,fed_h10_eur
2021-05-21,160.154007,0.8212,131.518471,fed_h10_eur
2021-05-24,162.249496,0.819,132.882338,fed_h10_eur
2021-05-25,162.952499,0.8175,133.213668,fed_h10_eur
2021-05-26,163.257996,0.8194,133.773602,fed_h10_eur
2021-05-27,161.505493,0.8201,132.450655,fed_h10_eur
2021-05-28,161.153503,0.8201,132.161988,fed_h10_eur
2021-06-01,160.932495,0.8169,131.465755,fed_h10_eur
2021-06-02,161.699493,0.8188,132.399545,fed_h10_eur
2021-06-03,159.350494,0.8249,131.448223,fed_h10_eur
2021-06-04,160.311005,0.8215,131.69549,fed_h10_eur
2021-06-07,159.900497,0.8197,131.070438,fed_h10_eur
2021-06-08,163.205505,0.821,133.99172,fed_h10_eur
2021-06-09,164.057495,0.8207,134.641986,fed_h10_eur
2021-06-10,167.482498,0.8215,137.586872,fed_h10_eur
2021-06-11,167.341507,0.8264,138.291021,fed_h10_eur
2021-06-14,169.193497,0.8247,139.533877,fed_h10_eur
2021-06-15,169.156494,0.8251,139.571023,fed_h10_eur
2021-06-16,170.762497,0.8252,140.913212,fed_h10_eur
2021-06-17,174.462006,0.8396,146.4783,fed_h10_eur
2021-06-18,174.345001,0.8423,146.850795,fed_h10_eur
2021-06-21,172.697998,0.8397,145.014509,fed_h10_eur
2021-06-22,175.272003,0.8396,147.158374,fed_h10_eur
2021-06-23,175.190994,0.8368,146.599824,fed_h10_eur
2021-06-24,172.453995,0.8384,144.585429,fed_h10_eur
2021-06-25,170.072998,0.8375,142.436136,fed_h10_eur
2021-06-28,172.194504,0.8377,144.247336,fed_h10_eur
2021-06-29,172.406998,0.84,144.821878,fed_h10_eur
2021-06-30,172.007996,0.844,145.174748,fed_h10_eur
2021-07-01,171.648499,0.8434,144.768344,fed_h10_eur
2021-07-02,175.548996,0.844,148.163353,fed_h10_eur
2021-07-06,183.787003,0.8463,155.53894,fed_h10_eur
2021-07-07,184.828995,0.8472,156.587124,fed_h10_eur
2021-07-08,186.570496,0.8446,157.577441,fed_h10_eur
2021-07-09,185.966995,0.8431,156.788774,fed_h10_eur
2021-07-12,185.927505,0.8433,156.792665,fed_h10_eur
2021-07-13,183.867996,0.8465,155.644259,fed_h10_eur
2021-07-14,184.084,0.8456,155.66143,fed_h10_eur
2021-07-15,181.559998,0.847,153.781318,fed_h10_eur
2021-07-16,178.681503,0.8467,151.289629,fed_h10_eur
2021-07-19,177.479507,0.8472,150.360639,fed_h10_eur
2021-07-20,178.6595,0.8492,151.717648,fed_h10_eur
2021-07-21,179.259995,0.8475,151.922845,fed_h10_eur
2021-07-22,181.901505,0.8495,154.525328,fed_h10_eur
2021-07-23,182.832001,0.8503,155.46205,fed_h10_eur
2021-07-26,184.990997,0.8467,156.631877,fed_h10_eur
2021-07-27,181.319504,0.8452,153.251245,fed_h10_eur
2021-07-28,181.516006,0.8468,153.707754,fed_h10_eur
2021-07-29,179.996002,0.8413,151.430637,fed_h10_eur
2021-07-30,166.379501,0.8429,140.241282,fed_h10_eur
2021-08-02,166.574005,0.8422,140.288627,fed_h10_eur
2021-08-03,168.311996,0.8432,141.920675,fed_h10_eur
2021-08-04,167.735992,0.8445,141.653046,fed_h10_eur
2021-08-05,168.7995,0.8447,142.584937,fed_h10_eur
2021-08-06,167.246994,0.8503,142.210119,fed_h10_eur
2021-08-09,167.093506,0.8511,142.213283,fed_h10_eur
2021-08-10,166.033997,0.8531,141.643602,fed_h10_eur
2021-08-11,164.605499,0.852,140.243885,fed_h10_eur
2021-08-12,165.175003,0.8521,140.74562,fed_h10_eur
2021-08-13,164.698502,0.8477,139.61492,fed_h10_eur
2021-08-16,164.949493,0.8492,140.07511,fed_h10_eur
2021-08-17,162.098007,0.8537,138.383069,fed_h10_eur
2021-08-18,160.061005,0.8546,136.788135,fed_h10_eur
2021-08-19,159.387497,0.8552,136.308187,fed_h10_eur
2021-08-20,159.997498,0.8554,136.861859,fed_h10_eur
2021-08-23,163.293503,0.8524,139.191382,fed_h10_eur
2021-08-24,165.289001,0.8514,140.727056,fed_h10_eur
2021-08-25,164.959,0.8505,140.297629,fed_h10_eur
2021-08-26,165.800003,0.8503,140.979743,fed_h10_eur
2021-08-27,167.481506,0.8479,142.007569,fed_h10_eur
2021-08-30,171.078506,0.8478,145.040358,fed_h10_eur
2021-08-31,173.539505,0.8475,147.07473,fed_h10_eur
2021-09-01,173.949997,0.8439,146.796402,fed_h10_eur
2021-09-02,173.156006,0.8433,146.02246,fed_h10_eur
2021-09-03,173.902496,0.8415,146.338951,fed_h10_eur
2021-09-07,175.464493,0.844,148.092032,fed_h10_eur
2021-09-08,176.274994,0.8462,149.1639,fed_h10_eur
2021-09-09,174.207993,0.8455,147.292858,fed_h10_eur
2021-09-10,173.457504,0.846,146.745049,fed_h10_eur
2021-09-13,172.858505,0.8468,146.376582,fed_h10_eur
2021-09-14,172.5,0.8457,145.88325,fed_h10_eur
2021-09-15,173.789505,0.8467,147.147574,fed_h10_eur
2021-09-16,174.412003,0.8501,148.267643,fed_h10_eur
2021-09-17,173.126007,0.8522,147.537983,fed_h10_eur
2021-09-20,167.786499,0.8526,143.054769,fed_h10_eur
2021-09-21,167.181503,0.853,142.605822,fed_h10_eur
2021-09-22,169.002502,0.8519,143.973232,fed_h10_eur
2021-09-23,170.800003,0.8522,145.555763,fed_h10_eur
2021-09-24,171.276001,0.8536,146.201194,fed_h10_eur
2021-09-27,170.289993,0.8546,145.529828,fed_h10_eur
2021-09-28,165.798004,0.8561,141.939671,fed_h10_eur
2021-09-29,165.056,0.8612,142.146227,fed_h10_eur
2021-09-30,164.251999,0.8638,141.880877,fed_h10_eur
2021-10-01,164.162994,0.8622,141.541334,fed_h10_eur
2021-10-04,159.488998,0.8604,137.224334,fed_h10_eur
2021-10-05,161.050003,0.8614,138.728473,fed_h10_eur
2021-10-06,163.100494,0.8661,141.261338,fed_h10_eur
2021-10-07,165.121506,0.865,142.830102,fed_h10_eur
2021-10-08,164.431,0.8642,142.10127,fed_h10_eur
2021-10-11,162.315002,0.8642,140.272625,fed_h10_eur
2021-10-12,162.366501,0.8665,140.690573,fed_h10_eur
2021-10-13,164.214005,0.8645,141.963007,fed_h10_eur
2021-10-14,164.992996,0.8627,142.339458,fed_h10_eur
2021-10-15,170.451004,0.8625,147.013991,fed_h10_eur
2021-10-18,172.337006,0.8614,148.451097,fed_h10_eur
2021-10-19,172.207504,0.8597,148.046791,fed_h10_eur
2021-10-20,170.753006,0.8589,146.659757,fed_h10_eur
2021-10-21,171.750504,0.8589,147.516507,fed_h10_eur
2021-10-22,166.777496,0.8597,143.378614,fed_h10_eur
2021-10-25,166.018494,0.8614,143.00833,fed_h10_eur
2021-10-26,168.803497,0.8628,145.643657,fed_h10_eur
2021-10-27,169.624496,0.8621,146.233278,fed_h10_eur
2021-10-28,172.328506,0.8558,147.478736,fed_h10_eur
2021-10-29,168.621506,0.8657,145.975638,fed_h10_eur
2021-11-01,165.905502,0.8627,143.126677,fed_h10_eur
2021-11-02,165.637497,0.8635,143.027979,fed_h10_eur
2021-11-03,169.199997,0.8633,146.070357,fed_h10_eur
2021-11-04,173.850006,0.8661,150.57149,fed_h10_eur
2021-11-05,175.949493,0.8655,152.284287,fed_h10_eur
2021-11-08,174.449005,0.8628,150.514602,fed_h10_eur
2021-11-09,178.811493,0.8629,154.296437,fed_h10_eur
2021-11-10,174.102493,0.8683,151.173195,fed_h10_eur
2021-11-11,173.625,0.8683,150.758588,fed_h10_eur
2021-11-12,176.257507,0.8739,154.031436,fed_h10_eur
2021-11-15,177.283997,0.8756,155.229867,fed_h10_eur
2021-11-16,177.035004,0.8824,156.215687,fed_h10_eur
2021-11-17,177.449997,0.8832,156.723837,fed_h10_eur
2021-11-18,184.802994,0.8804,162.700556,fed_h10_eur
2021-11-19,183.828506,0.8835,162.412485,fed_h10_eur
2021-11-22,178.628494,0.8881,158.639966,fed_h10_eur
2021-11-23,179.001999,0.8877,158.900074,fed_h10_eur
2021-11-24,179.020493,0.8932,159.901104,fed_h10_eur
2021-11-26,175.227997,0.8848,155.041732,fed_h10_eur
2021-11-29,178.078506,0.888,158.133714,fed_h10_eur
2021-11-30,175.3535,0.886,155.363201,fed_h10_eur
2021-12-01,172.186005,0.8832,152.074679,fed_h10_eur
2021-12-02,171.867996,0.8845,152.017243,fed_h10_eur
2021-12-03,169.489502,0.8843,149.879567,fed_h10_eur
2021-12-06,171.3685,0.8864,151.901038,fed_h10_eur
2021-12-07,176.164505,0.8891,156.627861,fed_h10_eur
2021-12-08,176.158005,0.8826,155.477055,fed_h10_eur
2021-12-09,174.171005,0.8861,154.332928,fed_h10_eur
2021-12-10,172.212006,0.884,152.235413,fed_h10_eur
2021-12-13,169.567505,0.8851,150.084199,fed_h10_eur
2021-12-14,169.091507,0.8875,150.068712,fed_h10_eur
2021-12-15,173.315002,0.888,153.903722,fed_h10_eur
2021-12-16,168.871002,0.8843,149.332627,fed_h10_eur
2021-12-17,170.017502,0.8868,150.771521,fed_h10_eur
2021-12-20,167.078995,0.8851,147.881618,fed_h10_eur
2021-12-21,170.417007,0.8872,151.193969,fed_h10_eur
2021-12-22,171.037003,0.8831,151.042777,fed_h10_eur
2021-12-23,171.068497,0.8834,151.12191,fed_h10_eur
2021-12-27,169.669495,0.8827,149.767263,fed_h10_eur
2021-12-28,170.660995,0.8839,150.847254,fed_h10_eur
2021-12-29,169.201004,0.8821,149.252206,fed_h10_eur
2021-12-30,168.644501,0.8835,148.997416,fed_h10_eur
2021-12-31,166.716995,0.8835,147.294465,fed_h10_eur
2022-01-03,170.404495,0.8857,150.927261,fed_h10_eur
2022-01-04,167.522003,0.8853,148.307229,fed_h10_eur
2022-01-05,164.356995,0.8822,144.995741,fed_h10_eur
2022-01-06,163.253998,0.8844,144.381836,fed_h10_eur
2022-01-07,162.554001,0.8804,143.112542,fed_h10_eur
2022-01-10,161.485992,0.8828,142.559834,fed_h10_eur
2022-01-11,165.362,0.88,145.51856,fed_h10_eur
2022-01-12,165.207001,0.8748,144.523084,fed_h10_eur
2022-01-13,161.214005,0.8723,140.626976,fed_h10_eur
2022-01-14,162.138,0.8761,142.049102,fed_h10_eur
2022-01-18,158.917496,0.8821,140.181123,fed_h10_eur
2022-01-19,156.298996,0.8814,137.761935,fed_h10_eur
2022-01-20,151.667496,0.8821,133.785898,fed_h10_eur
2022-01-21,142.643005,0.8814,125.725545,fed_h10_eur
2022-01-24,144.544006,0.8842,127.80581,fed_h10_eur
2022-01-25,139.985992,0.8863,124.069585,fed_h10_eur
2022-01-26,138.872498,0.8866,123.124356,fed_h10_eur
2022-01-27,139.637497,0.8976,125.338617,fed_h10_eur
2022-01-28,143.977997,0.8961,129.018683,fed_h10_eur
2022-01-31,149.573502,0.8919,133.404606,fed_h10_eur
2022-02-01,151.193497,0.8898,134.531973,fed_h10_eur
2022-02-02,150.612503,0.885,133.292065,fed_h10_eur
2022-02-03,138.845505,0.8753,121.53147,fed_h10_eur
2022-02-04,157.639496,0.873,137.61928,fed_h10_eur
2022-02-07,157.935501,0.8746,138.130389,fed_h10_eur
2022-02-08,161.413498,0.876,141.398224,fed_h10_eur
2022-02-09,161.189499,0.8745,140.960217,fed_h10_eur
2022-02-10,159.003494,0.8705,138.412542,fed_h10_eur
2022-02-11,153.293503,0.8769,134.423073,fed_h10_eur
2022-02-14,155.167007,0.8845,137.245218,fed_h10_eur
2022-02-15,156.510498,0.88,137.729238,fed_h10_eur
2022-02-16,158.100494,0.8787,138.922904,fed_h10_eur
2022-02-17,154.652496,0.88,136.094197,fed_h10_eur
2022-02-18,152.601501,0.8828,134.716605,fed_h10_eur
2022-02-22,150.197495,0.8817,132.429131,fed_h10_eur
2022-02-23,144.826996,0.8837,127.983616,fed_h10_eur
2022-02-24,151.358002,0.8965,135.692449,fed_h10_eur
2022-02-25,153.788498,0.888,136.564186,fed_h10_eur
2022-02-28,153.563004,0.8909,136.80928,fed_h10_eur
2022-03-01,151.141998,0.9007,136.133598,fed_h10_eur
2022-03-02,152.052505,0.9007,136.953692,fed_h10_eur
2022-03-03,147.898499,0.9047,133.803772,fed_h10_eur
2022-03-04,145.641006,0.9164,133.465418,fed_h10_eur
2022-03-07,137.453003,0.9208,126.566725,fed_h10_eur
2022-03-08,136.014496,0.919,124.997322,fed_h10_eur
2022-03-09,139.279007,0.9034,125.824655,fed_h10_eur
2022-03-10,146.817505,0.9085,133.383703,fed_h10_eur
2022-03-11,145.524506,0.9143,133.053055,fed_h10_eur
2022-03-14,141.852997,0.9108,129.19971,fed_h10_eur
2022-03-15,147.366501,0.9112,134.280356,fed_h10_eur
2022-03-16,153.104004,0.9094,139.232781,fed_h10_eur
2022-03-17,157.238998,0.9001,141.530822,fed_h10_eur
2022-03-18,161.250504,0.9055,146.012331,fed_h10_eur
2022-03-21,161.491501,0.9051,146.165957,fed_h10_eur
2022-03-22,164.889008,0.9073,149.603797,fed_h10_eur
2022-03-23,163.408005,0.909,148.537876,fed_h10_eur
2022-03-24,163.649506,0.9086,148.691941,fed_h10_eur
2022-03-25,164.773499,0.9103,149.993316,fed_h10_eur
2022-03-28,168.990494,0.911,153.95034,fed_h10_eur
2022-03-29,169.315002,0.9006,152.485091,fed_h10_eur
2022-03-30,166.300995,0.8958,148.972431,fed_h10_eur
2022-03-31,162.997498,0.9015,146.942244,fed_h10_eur
2022-04-01,163.559998,0.9056,148.119934,fed_h10_eur
2022-04-04,168.346497,0.9098,153.161643,fed_h10_eur
2022-04-05,164.054993,0.9157,150.225157,fed_h10_eur
2022-04-06,158.755997,0.9163,145.46812,fed_h10_eur
2022-04-07,157.7845,0.9174,144.7515,fed_h10_eur
2022-04-08,154.460495,0.9196,142.041871,fed_h10_eur
2022-04-11,151.121994,0.9195,138.956674,fed_h10_eur
2022-04-12,150.787506,0.9215,138.950687,fed_h10_eur
2022-04-13,155.541,0.9196,143.035504,fed_h10_eur
2022-04-14,151.706497,0.9263,140.525728,fed_h10_eur
2022-04-18,152.785004,0.9272,141.662255,fed_h10_eur
2022-04-19,158.115494,0.9269,146.557251,fed_h10_eur
2022-04-20,153.998001,0.9211,141.847559,fed_h10_eur
2022-04-21,148.296005,0.9226,136.817894,fed_h10_eur
2022-04-22,144.350006,0.9268,133.783586,fed_h10_eur
2022-04-25,146.074005,0.9343,136.476943,fed_h10_eur
2022-04-26,139.391006,0.938,130.748764,fed_h10_eur
2022-04-27,138.167007,0.948,130.982323,fed_h10_eur
2022-04-28,144.596497,0.9524,137.713703,fed_h10_eur
2022-04-29,124.281502,0.949,117.943145,fed_h10_eur
2022-05-02,124.5,0.9505,118.33725,fed_h10_eur
2022-05-03,124.253502,0.9495,117.9787,fed_h10_eur
2022-05-04,125.928497,0.9489,119.493551,fed_h10_eur
2022-05-05,116.406998,0.9517,110.78454,fed_h10_eur
2022-05-06,114.772499,0.9459,108.563307,fed_h10_eur
2022-05-09,108.789001,0.9471,103.034063,fed_h10_eur
2022-05-10,108.859001,0.9496,103.372508,fed_h10_eur
2022-05-11,105.372002,0.949,99.99803,fed_h10_eur
2022-05-12,106.930496,0.9638,103.059612,fed_h10_eur
2022-05-13,113.055,0.9606,108.600633,fed_h10_eur
2022-05-16,110.810501,0.9597,106.344838,fed_h10_eur
2022-05-17,115.3685,0.9495,109.542391,fed_h10_eur
2022-05-18,107.112503,0.9529,102.067504,fed_h10_eur
2022-05-19,107.319,0.9446,101.373528,fed_h10_eur
2022-05-20,107.591003,0.9471,101.899439,fed_h10_eur
2022-05-23,107.556999,0.9374,100.823931,fed_h10_eur
2022-05-24,104.099998,0.9308,96.896279,fed_h10_eur
2022-05-25,106.775002,0.9383,100.186984,fed_h10_eur
2022-05-26,111.077499,0.9324,103.56866,fed_h10_eur
2022-05-27,115.1465,0.9338,107.523801,fed_h10_eur
2022-05-31,120.209503,0.9319,112.023236,fed_h10_eur
2022-06-01,121.683998,0.9393,114.297779,fed_h10_eur
2022-06-02,125.511002,0.9317,116.9386,fed_h10_eur
2022-06-03,122.349998,0.9327,114.115844,fed_h10_eur
2022-06-06,124.790001,0.9347,116.641214,fed_h10_eur
2022-06-07,123.0,0.9348,114.9804,fed_h10_eur
2022-06-08,121.18,0.9311,112.830698,fed_h10_eur
2022-06-09,116.150002,0.9384,108.995161,fed_h10_eur
2022-06-10,109.650002,0.9505,104.222326,fed_h10_eur
2022-06-13,103.669998,0.9582,99.336592,fed_h10_eur
2022-06-14,102.309998,0.9601,98.227829,fed_h10_eur
2022-06-15,107.669998,0.9626,103.64314,fed_h10_eur
2022-06-16,103.660004,0.9496,98.435539,fed_h10_eur
2022-06-17,106.220001,0.9548,101.418857,fed_h10_eur
2022-06-21,108.68,0.948,103.02864,fed_h10_eur
2022-06-22,108.949997,0.9449,102.946852,fed_h10_eur
2022-06-23,112.440002,0.9521,107.054126,fed_h10_eur
2022-06-24,116.459999,0.9489,110.508893,fed_h10_eur
2022-06-27,113.220001,0.9433,106.800427,fed_h10_eur
2022-06-28,107.400002,0.9493,101.954821,fed_h10_eur
2022-06-29,108.919998,0.9545,103.964138,fed_h10_eur
2022-06-30,106.209999,0.9552,101.451791,fed_h10_eur
2022-07-01,109.559998,0.9607,105.25429,fed_h10_eur
2022-07-05,113.5,0.9752,110.6852,fed_h10_eur
2022-07-06,114.330002,0.983,112.386392,fed_h10_eur
2022-07-07,116.330002,0.9843,114.503621,fed_h10_eur
2022-07-08,115.540001,0.9825,113.518051,fed_h10_eur
2022-07-11,111.75,0.9913,110.777775,fed_h10_eur
2022-07-12,109.220001,0.9931,108.466383,fed_h10_eur
2022-07-13,110.400002,0.992,109.516802,fed_h10_eur
2022-07-14,110.629997,0.9972,110.320233,fed_h10_eur
2022-07-15,113.550003,0.9912,112.550763,fed_h10_eur
2022-07-18,113.760002,0.9843,111.97397,fed_h10_eur
2022-07-19,118.209999,0.9768,115.467527,fed_h10_eur
2022-07-20,122.769997,0.9788,120.167273,fed_h10_eur
2022-07-21,124.629997,0.9807,122.224638,fed_h10_eur
2022-07-22,122.419998,0.978,119.726758,fed_h10_eur
2022-07-25,121.139999,0.9793,118.632401,fed_h10_eur
2022-07-26,114.809998,0.9885,113.489683,fed_h10_eur
2022-07-27,120.970001,0.9893,119.675622,fed_h10_eur
2022-07-28,122.279999,0.984,120.323519,fed_h10_eur
2022-07-29,134.949997,0.9802,132.277987,fed_h10_eur
2022-08-01,135.389999,0.9737,131.829242,fed_h10_eur
2022-08-02,134.160004,0.981,131.610964,fed_h10_eur
2022-08-03,139.520004,0.9856,137.510916,fed_h10_eur
2022-08-04,142.570007,0.9784,139.490495,fed_h10_eur
2022-08-05,140.800003,0.9833,138.448643,fed_h10_eur
2022-08-08,139.410004,0.9797,136.579981,fed_h10_eur
2022-08-09,137.830002,0.9779,134.783959,fed_h10_eur
2022-08-10,142.690002,0.9674,138.038308,fed_h10_eur
2022-08-11,140.639999,0.9673,136.041071,fed_h10_eur
2022-08-12,143.550003,0.9749,139.946898,fed_h10_eur
2022-08-15,143.179993,0.9817,140.559799,fed_h10_eur
2022-08-16,144.779999,0.9829,142.304261,fed_h10_eur
2022-08-17,142.100006,0.9839,139.812196,fed_h10_eur
2022-08-18,142.300003,0.9887,140.692013,fed_h10_eur
2022-08-19,138.229996,0.9961,137.690899,fed_h10_eur
2022-08-22,133.220001,1.0064,134.072609,fed_h10_eur
2022-08-23,133.619995,1.0024,133.940683,fed_h10_eur
2022-08-24,133.800003,1.0033,134.241543,fed_h10_eur
2022-08-25,137.279999,1.0041,137.842847,fed_h10_eur
2022-08-26,130.75,1.0002,130.77615,fed_h10_eur
2022-08-29,129.789993,1.0,129.789993,fed_h10_eur
2022-08-30,128.729996,0.9982,128.498282,fed_h10_eur
2022-08-31,126.769997,0.9935,125.945992,fed_h10_eur
2022-09-01,127.82,1.005,128.4591,fed_h10_eur
2022-09-02,127.510002,0.997,127.127472,fed_h10_eur
2022-09-06,126.110001,1.0087,127.207158,fed_h10_eur
2022-09-07,129.479996,1.0058,130.23098,fed_h10_eur
2022-09-08,129.820007,1.0044,130.391215,fed_h10_eur
2022-09-09,133.270004,0.9954,132.656962,fed_h10_eur
2022-09-12,136.449997,0.9873,134.717082,fed_h10_eur
2022-09-13,126.82,1.0003,126.858046,fed_h10_eur
2022-09-14,128.550003,1.0007,128.639988,fed_h10_eur
2022-09-15,126.279999,1.0009,126.393651,fed_h10_eur
2022-09-16,123.529999,0.9987,123.36941,fed_h10_eur
2022-09-19,124.660004,0.9997,124.622606,fed_h10_eur
2022-09-20,122.190002,1.0006,122.263316,fed_h10_eur
2022-09-21,118.540001,1.0121,119.974335,fed_h10_eur
2022-09-22,117.309998,1.0162,119.21042,fed_h10_eur
2022-09-23,113.779999,1.0289,117.068241,fed_h10_eur
2022-09-26,115.150002,1.0392,119.663882,fed_h10_eur
2022-09-27,114.410004,1.0399,118.974963,fed_h10_eur
2022-09-28,118.010002,1.033,121.904332,fed_h10_eur
2022-09-29,114.800003,1.0231,117.451883,fed_h10_eur
2022-09-30,113.0,1.0222,115.5086,fed_h10_eur
2022-10-03,115.879997,1.0195,118.139657,fed_h10_eur
2022-10-04,121.089996,1.0023,121.368503,fed_h10_eur
2022-10-05,120.949997,1.0136,122.594917,fed_h10_eur
2022-10-06,120.300003,1.0198,122.681943,fed_h10_eur
2022-10-07,114.559998,1.022,117.080318,fed_h10_eur
2022-10-10,113.669998,1.022,116.170738,fed_h10_eur
2022-10-11,112.209999,1.0249,115.004028,fed_h10_eur
2022-10-12,112.900002,1.0318,116.490222,fed_h10_eur
2022-10-13,112.529999,1.0225,115.061924,fed_h10_eur
2022-10-14,106.900002,1.0268,109.764922,fed_h10_eur
2022-10-17,113.790001,1.016,115.610641,fed_h10_eur
2022-10-18,116.360001,1.0161,118.233397,fed_h10_eur
2022-10-19,115.07,1.0225,117.659075,fed_h10_eur
2022-10-20,115.25,1.018,117.3245,fed_h10_eur
2022-10-21,119.32,1.0147,121.074004,fed_h10_eur
2022-10-24,119.82,1.0128,121.353696,fed_h10_eur
2022-10-25,120.599998,1.0041,121.094458,fed_h10_eur
2022-10-26,115.660004,0.9932,114.873516,fed_h10_eur
2022-10-27,110.959999,1.0015,111.126439,fed_h10_eur
2022-10-28,103.410004,1.0066,104.09251,fed_h10_eur
2022-10-31,102.440002,1.0116,103.628306,fed_h10_eur
2022-11-01,96.790001,1.0131,98.05795,fed_h10_eur
2022-11-02,92.120003,1.0127,93.289927,fed_h10_eur
2022-11-03,89.300003,1.0247,91.505713,fed_h10_eur
2022-11-04,90.980003,1.0106,91.944391,fed_h10_eur
2022-11-07,90.529999,1.0003,90.557158,fed_h10_eur
2022-11-08,89.980003,0.9912,89.188179,fed_h10_eur
2022-11-09,86.139999,0.9963,85.821281,fed_h10_eur
2022-11-10,96.629997,0.9827,94.958298,fed_h10_eur
2022-11-11,100.790001,0.9827,99.046334,fed_h10_eur
2022-11-14,98.489998,0.9674,95.279224,fed_h10_eur
2022-11-15,98.940002,0.9641,95.388056,fed_h10_eur
2022-11-16,97.120003,0.962,93.429443,fed_h10_eur
2022-11-17,94.849998,0.967,91.719949,fed_h10_eur
2022-11-18,94.139999,0.9663,90.967481,fed_h10_eur
2022-11-21,92.459999,0.9768,90.314927,fed_h10_eur
2022-11-22,93.199997,0.9731,90.692917,fed_h10_eur
2022-11-23,94.129997,0.9649,90.826034,fed_h10_eur
2022-11-25,93.410004,0.9614,89.804378,fed_h10_eur
2022-11-28,93.949997,0.9628,90.455057,fed_h10_eur
2022-11-29,92.419998,0.9656,89.24075,fed_h10_eur
2022-11-30,96.540001,0.9687,93.518299,fed_h10_eur
2022-12-01,95.5,0.9526,90.9733,fed_h10_eur
2022-12-02,94.129997,0.9505,89.470562,fed_h10_eur
2022-12-05,91.010002,0.9529,86.723431,fed_h10_eur
2022-12-06,88.25,0.9527,84.075775,fed_h10_eur
2022-12-07,88.459999,0.9519,84.205073,fed_h10_eur
2022-12-08,90.349998,0.9477,85.624694,fed_h10_eur
2022-12-09,89.089996,0.9479,84.448408,fed_h10_eur
2022-12-12,90.550003,0.9483,85.868568,fed_h10_eur
2022-12-13,92.489998,0.9407,87.005341,fed_h10_eur
2022-12-14,91.580002,0.9385,85.947832,fed_h10_eur
2022-12-15,88.449997,0.94,83.142997,fed_h10_eur
2022-12-16,87.860001,0.9425,82.808051,fed_h10_eur
2022-12-19,84.919998,0.9413,79.935194,fed_h10_eur
2022-12-20,85.190002,0.9403,80.104159,fed_h10_eur
2022-12-21,86.769997,0.9435,81.867492,fed_h10_eur
2022-12-22,83.790001,0.9445,79.139656,fed_h10_eur
2022-12-23,85.25,0.9415,80.262875,fed_h10_eur
2022-12-27,83.040001,0.9386,77.941345,fed_h10_eur
2022-12-28,81.82,0.9414,77.025348,fed_h10_eur
2022-12-29,84.18,0.9374,78.910332,fed_h10_eur
2022-12-30,84.0,0.9348,78.5232,fed_h10_eur
2023-01-03,85.82,0.9471,81.280122,fed_h10_eur
2023-01-04,85.139999,0.9416,80.167823,fed_h10_eur
2023-01-05,83.120003,0.9504,78.997251,fed_h10_eur
2023-01-06,86.080002,0.9417,81.061538,fed_h10_eur
2023-01-09,87.360001,0.9295,81.201121,fed_h10_eur
2023-01-10,89.870003,0.9314,83.704921,fed_h10_eur
2023-01-11,95.089996,0.9311,88.538296,fed_h10_eur
2023-01-12,95.269997,0.924,88.029477,fed_h10_eur
2023-01-13,98.120003,0.925,90.761003,fed_h10_eur
2023-01-17,96.050003,0.9265,88.990328,fed_h10_eur
2023-01-18,95.459999,0.9236,88.166855,fed_h10_eur
2023-01-19,93.68,0.9251,86.663368,fed_h10_eur
2023-01-20,97.25,0.9233,89.790925,fed_h10_eur
2023-01-23,97.519997,0.9204,89.757405,fed_h10_eur
2023-01-24,96.32,0.9197,88.585504,fed_h10_eur
2023-01-25,97.18,0.9173,89.143214,fed_h10_eur
2023-01-26,99.220001,0.9203,91.312167,fed_h10_eur
2023-01-27,102.239998,0.9211,94.173262,fed_h10_eur
2023-01-30,100.550003,0.9202,92.526113,fed_h10_eur
2023-01-31,103.129997,0.921,94.982727,fed_h10_eur
2023-02-01,105.150002,0.916,96.317401,fed_h10_eur
2023-02-02,112.910004,0.9159,103.414272,fed_h10_eur
2023-02-03,103.389999,0.9238,95.511681,fed_h10_eur
2023-02-06,102.18,0.9327,95.303286,fed_h10_eur
2023-02-07,102.110001,0.9341,95.380952,fed_h10_eur
2023-02-08,100.050003,0.9316,93.206583,fed_h10_eur
2023-02-09,98.239998,0.9293,91.29443,fed_h10_eur
2023-02-10,97.610001,0.9372,91.480093,fed_h10_eur
2023-02-13,99.540001,0.933,92.870821,fed_h10_eur
2023-02-14,99.699997,0.9327,92.990187,fed_h10_eur
2023-02-15,101.160004,0.9361,94.695879,fed_h10_eur
2023-02-16,98.150002,0.936,91.868401,fed_h10_eur
2023-02-17,97.199997,0.9365,91.027797,fed_h10_eur
2023-02-21,94.580002,0.9384,88.753874,fed_h10_eur
2023-02-22,95.790001,0.9414,90.176707,fed_h10_eur
2023-02-23,95.82,0.9449,90.540318,fed_h10_eur
2023-02-24,93.5,0.9483,88.66605,fed_h10_eur
2023-02-27,93.760002,0.9438,88.49069,fed_h10_eur
2023-02-28,94.230003,0.9432,88.877739,fed_h10_eur
2023-03-01,92.169998,0.9369,86.354071,fed_h10_eur
2023-03-02,92.129997,0.9438,86.952291,fed_h10_eur
2023-03-03,94.900002,0.942,89.395801,fed_h10_eur
2023-03-06,93.75,0.9351,87.665625,fed_h10_eur
2023-03-07,93.550003,0.9458,88.479593,fed_h10_eur
2023-03-08,93.919998,0.948,89.036158,fed_h10_eur
2023-03-09,92.25,0.9454,87.21315,fed_h10_eur
2023-03-10,90.730003,0.9382,85.122889,fed_h10_eur
2023-03-13,92.43,0.9317,86.117031,fed_h10_eur
2023-03-14,94.879997,0.9327,88.494573,fed_h10_eur
2023-03-15,96.199997,0.9492,91.313037,fed_h10_eur
2023-03-16,100.040001,0.9414,94.177657,fed_h10_eur
2023-03-17,98.949997,0.9392,92.933837,fed_h10_eur
2023-03-20,97.709999,0.9327,91.134116,fed_h10_eur
2023-03-21,100.610001,0.9286,93.426447,fed_h10_eur
2023-03-22,98.699997,0.9266,91.455417,fed_h10_eur
2023-03-23,98.709999,0.9183,90.645392,fed_h10_eur
2023-03-24,98.129997,0.9292,91.182393,fed_h10_eur
2023-03-27,98.040001,0.9269,90.873277,fed_h10_eur
2023-03-28,97.239998,0.9222,89.674726,fed_h10_eur
2023-03-29,100.25,0.9237,92.600925,fed_h10_eur
2023-03-30,102.0,0.9175,93.585,fed_h10_eur
2023-03-31,103.290001,0.9198,95.006143,fed_h10_eur
2023-04-03,102.410004,0.9182,94.032865,fed_h10_eur
2023-04-04,103.949997,0.9132,94.927137,fed_h10_eur
2023-04-05,101.099998,0.9159,92.597489,fed_h10_eur
2023-04-06,102.059998,0.9152,93.40531,fed_h10_eur
2023-04-10,102.169998,0.9225,94.251823,fed_h10_eur
2023-04-11,99.919998,0.9169,91.616646,fed_h10_eur
2023-04-12,97.830002,0.9102,89.044868,fed_h10_eur
2023-04-13,102.400002,0.9046,92.631041,fed_h10_eur
2023-04-14,102.510002,0.9107,93.355859,fed_h10_eur
2023-04-17,102.739998,0.9162,94.130386,fed_h10_eur
2023-04-18,102.300003,0.9126,93.358983,fed_h10_eur
2023-04-19,104.300003,0.913,95.225903,fed_h10_eur
2023-04-20,103.809998,0.9116,94.633194,fed_h10_eur
2023-04-21,106.959999,0.9113,97.472647,fed_h10_eur
2023-04-24,106.209999,0.9069,96.321848,fed_h10_eur
2023-04-25,102.57,0.9117,93.513069,fed_h10_eur
2023-04-26,104.980003,0.9048,94.985907,fed_h10_eur
2023-04-27,109.82,0.9077,99.683614,fed_h10_eur
2023-04-28,105.449997,0.9058,95.516607,fed_h10_eur
2023-05-01,102.050003,0.9116,93.028783,fed_h10_eur
2023-05-02,103.629997,0.9093,94.230757,fed_h10_eur
2023-05-03,103.650002,0.9051,93.813616,fed_h10_eur
2023-05-04,104.0,0.9083,94.4632,fed_h10_eur
2023-05-05,105.660004,0.9069,95.823057,fed_h10_eur
2023-05-08,105.830002,0.9074,96.030144,fed_h10_eur
2023-05-09,106.620003,0.913,97.344063,fed_h10_eur
2023-05-10,110.190002,0.9119,100.482263,fed_h10_eur
2023-05-11,112.18,0.9161,102.768098,fed_h10_eur
2023-05-12,110.260002,0.9211,101.560488,fed_h10_eur
2023-05-15,111.199997,0.9196,102.259517,fed_h10_eur
2023-05-16,113.400002,0.9203,104.362021,fed_h10_eur
2023-05-17,115.5,0.9234,106.6527,fed_h10_eur
2023-05-18,118.150002,0.928,109.643201,fed_h10_eur
2023-05-19,116.25,0.9243,107.449875,fed_h10_eur
2023-05-22,115.010002,0.9254,106.430256,fed_h10_eur
2023-05-23,114.989998,0.9284,106.756714,fed_h10_eur
2023-05-24,116.75,0.9295,108.519125,fed_h10_eur
2023-05-25,115.0,0.9324,107.226,fed_h10_eur
2023-05-26,120.110001,0.9334,112.110675,fed_h10_eur
2023-05-30,121.660004,0.9327,113.472285,fed_h10_eur
2023-05-31,120.580002,0.9386,113.17639,fed_h10_eur
2023-06-01,122.769997,0.9301,114.188374,fed_h10_eur
2023-06-02,124.25,0.9325,115.863125,fed_h10_eur
2023-06-05,125.300003,0.9327,116.867313,fed_h10_eur
2023-06-06,126.610001,0.935,118.380351,fed_h10_eur
2023-06-07,121.230003,0.9344,113.277315,fed_h10_eur
2023-06-08,124.25,0.9276,115.2543,fed_h10_eur
2023-06-09,123.43,0.9303,114.826929,fed_h10_eur
2023-06-12,126.57,0.9305,117.773385,fed_h10_eur
2023-06-13,126.660004,0.9266,117.363159,fed_h10_eur
2023-06-14,126.419998,0.9209,116.420176,fed_h10_eur
2023-06-15,127.110001,0.9147,116.267518,fed_h10_eur
2023-06-16,125.489998,0.9153,114.860995,fed_h10_eur
2023-06-20,125.779999,0.9174,115.390571,fed_h10_eur
2023-06-21,124.830002,0.9132,113.994758,fed_h10_eur
2023-06-22,130.149994,0.913,118.826944,fed_h10_eur
2023-06-23,129.330002,0.9185,118.789607,fed_h10_eur
2023-06-26,127.330002,0.9166,116.71068,fed_h10_eur
2023-06-27,129.179993,0.9123,117.850907,fed_h10_eur
2023-06-28,129.039993,0.9171,118.342578,fed_h10_eur
2023-06-29,127.900002,0.919,117.540101,fed_h10_eur
2023-06-30,130.360001,0.9158,119.383689,fed_h10_eur
2023-07-03,130.220001,0.9158,119.255477,fed_h10_eur
2023-07-05,130.380005,0.9201,119.962642,fed_h10_eur
2023-07-06,128.360001,0.9197,118.052693,fed_h10_eur
2023-07-07,129.779999,0.9121,118.372337,fed_h10_eur
2023-07-10,127.129997,0.9098,115.662872,fed_h10_eur
2023-07-11,128.779999,0.9098,117.164043,fed_h10_eur
2023-07-12,130.800003,0.899,117.589203,fed_h10_eur
2023-07-13,134.300003,0.8933,119.970193,fed_h10_eur
2023-07-14,134.679993,0.8899,119.851725,fed_h10_eur
2023-07-17,133.559998,0.89,118.868398,fed_h10_eur
2023-07-18,132.830002,0.891,118.351532,fed_h10_eur
2023-07-19,135.360001,0.8933,120.917089,fed_h10_eur
2023-07-20,129.960007,0.8981,116.717082,fed_h10_eur
2023-07-21,130.0,0.8993,116.909,fed_h10_eur
2023-07-24,128.800003,0.9023,116.216243,fed_h10_eur
2023-07-25,129.130005,0.905,116.862654,fed_h10_eur
2023-07-26,128.149994,0.9027,115.680999,fed_h10_eur
2023-07-27,128.25,0.9093,116.617725,fed_h10_eur
2023-07-28,132.210007,0.9059,119.769045,fed_h10_eur
2023-07-31,133.679993,0.9074,121.301225,fed_h10_eur
2023-08-01,131.690002,0.9115,120.035437,fed_h10_eur
2023-08-02,128.210007,0.9142,117.209588,fed_h10_eur
2023-08-03,128.910004,0.9135,117.759288,fed_h10_eur
2023-08-04,139.570007,0.9061,126.464384,fed_h10_eur
2023-08-07,142.220001,0.9091,129.292203,fed_h10_eur
2023-08-08,139.940002,0.9132,127.79321,fed_h10_eur
2023-08-09,137.850006,0.9112,125.608926,fed_h10_eur
2023-08-10,138.559998,0.9078,125.784766,fed_h10_eur
2023-08-11,138.410004,0.9127,126.32681,fed_h10_eur
2023-08-14,140.570007,0.9156,128.705899,fed_h10_eur
2023-08-15,137.669998,0.9151,125.981815,fed_h10_eur
2023-08-16,135.070007,0.9171,123.872704,fed_h10_eur
2023-08-17,133.979996,0.9196,123.208004,fed_h10_eur
2023-08-18,133.220001,0.9195,122.495791,fed_h10_eur
2023-08-21,134.679993,0.9184,123.690105,fed_h10_eur
2023-08-22,134.25,0.922,123.7785,fed_h10_eur
2023-08-23,135.520004,0.9206,124.759716,fed_h10_eur
2023-08-24,131.839996,0.9237,121.780605,fed_h10_eur
2023-08-25,133.259995,0.927,123.532015,fed_h10_eur
2023-08-28,133.139999,0.9251,123.167813,fed_h10_eur
2023-08-29,134.910004,0.9216,124.333059,fed_h10_eur
2023-08-30,135.070007,0.9152,123.616071,fed_h10_eur
2023-08-31,138.009995,0.9226,127.328021,fed_h10_eur
2023-09-01,138.119995,0.927,128.037235,fed_h10_eur
2023-09-05,137.270004,0.9322,127.963098,fed_h10_eur
2023-09-06,135.360001,0.9334,126.345025,fed_h10_eur
2023-09-07,137.850006,0.9342,128.779476,fed_h10_eur
2023-09-08,138.229996,0.9338,129.07917,fed_h10_eur
2023-09-11,143.100006,0.9308,133.197486,fed_h10_eur
2023-09-12,141.229996,0.9323,131.668725,fed_h10_eur
2023-09-13,144.850006,0.9314,134.913296,fed_h10_eur
2023-09-14,144.720001,0.9381,135.761833,fed_h10_eur
2023-09-15,140.389999,0.9369,131.53139,fed_h10_eur
2023-09-18,139.979996,0.935,130.881296,fed_h10_eur
2023-09-19,137.630005,0.936,128.821685,fed_h10_eur
2023-09-20,135.289993,0.9333,126.266151,fed_h10_eur
2023-09-21,129.330002,0.9377,121.272743,fed_h10_eur
2023-09-22,129.119995,0.9381,121.127467,fed_h10_eur
2023-09-25,131.270004,0.9442,123.945138,fed_h10_eur
2023-09-26,125.980003,0.9458,119.151887,fed_h10_eur
2023-09-27,125.980003,0.9515,119.869973,fed_h10_eur
2023-09-28,125.980003,0.9454,119.101495,fed_h10_eur
2023-09-29,127.120003,0.9448,120.102979,fed_h10_eur
2023-10-02,129.460007,0.9524,123.29771,fed_h10_eur
2023-10-03,124.720001,0.9567,119.319625,fed_h10_eur
2023-10-04,127.0,0.9508,120.7516,fed_h10_eur
2023-10-05,125.959999,0.9499,119.649403,fed_h10_eur
2023-10-06,127.959999,0.9438,120.768647,fed_h10_eur
2023-10-09,128.259995,0.9438,121.051783,fed_h10_eur
2023-10-10,129.479996,0.9418,121.94426,fed_h10_eur
2023-10-11,131.830002,0.9416,124.13113,fed_h10_eur
2023-10-12,132.330002,0.9476,125.39591,fed_h10_eur
2023-10-13,129.789993,0.9522,123.586032,fed_h10_eur
2023-10-16,132.550003,0.9482,125.683913,fed_h10_eur
2023-10-17,131.470001,0.944,124.107681,fed_h10_eur
2023-10-18,128.130005,0.9495,121.65944,fed_h10_eur
2023-10-19,128.399994,0.9461,121.479234,fed_h10_eur
2023-10-20,125.169998,0.9441,118.172995,fed_h10_eur
2023-10-23,126.559998,0.9393,118.877806,fed_h10_eur
2023-10-24,128.559998,0.9438,121.334926,fed_h10_eur
2023-10-25,121.389999,0.9449,114.70141,fed_h10_eur
2023-10-26,119.57,0.9495,113.531715,fed_h10_eur
2023-10-27,127.739998,0.9441,120.599332,fed_h10_eur
2023-10-30,132.710007,0.9416,124.959742,fed_h10_eur
2023-10-31,133.089996,0.9463,125.943064,fed_h10_eur
2023-11-01,137.0,0.9489,129.9993,fed_h10_eur
2023-11-02,138.070007,0.9418,130.034333,fed_h10_eur
2023-11-03,138.600006,0.9317,129.133626,fed_h10_eur
2023-11-06,139.740005,0.9305,130.028075,fed_h10_eur
2023-11-07,142.710007,0.9357,133.533753,fed_h10_eur
2023-11-08,142.080002,0.9333,132.603266,fed_h10_eur
2023-11-09,140.600006,0.9337,131.278226,fed_h10_eur
2023-11-10,143.559998,0.9337,134.04197,fed_h10_eur
2023-11-13,142.589996,0.9346,133.264611,fed_h10_eur
2023-11-14,145.800003,0.9207,134.238063,fed_h10_eur
2023-11-15,143.199997,0.9214,131.944477,fed_h10_eur
2023-11-16,142.830002,0.9216,131.63213,fed_h10_eur
2023-11-17,145.179993,0.9192,133.449449,fed_h10_eur
2023-11-20,146.130005,0.9137,133.518985,fed_h10_eur
2023-11-21,143.899994,0.9155,131.740444,fed_h10_eur
2023-11-22,146.710007,0.9199,134.958535,fed_h10_eur
2023-11-24,146.740005,0.9146,134.208409,fed_h10_eur
2023-11-27,147.729996,0.9143,135.069535,fed_h10_eur
2023-11-28,147.029999,0.9085,133.576754,fed_h10_eur
2023-11-29,146.320007,0.9117,133.399951,fed_h10_eur
2023-11-30,146.089996,0.9168,133.935309,fed_h10_eur
2023-12-01,147.029999,0.9193,135.164678,fed_h10_eur
2023-12-04,144.839996,0.9239,133.817673,fed_h10_eur
2023-12-05,146.880005,0.927,136.157765,fed_h10_eur
2023-12-06,144.520004,0.9268,133.94114,fed_h10_eur
2023-12-07,146.880005,0.9264,136.069637,fed_h10_eur
2023-12-08,147.419998,0.9306,137.18905,fed_h10_eur
2023-12-11,145.889999,0.9305,135.750644,fed_h10_eur
2023-12-12,147.479996,0.9268,136.68446,fed_h10_eur
2023-12-13,148.839996,0.9265,137.900257,fed_h10_eur
2023-12-14,147.419998,0.9093,134.049004,fed_h10_eur
2023-12-15,149.970001,0.9169,137.507494,fed_h10_eur
2023-12-18,154.070007,0.9158,141.097313,fed_h10_eur
2023-12-19,153.789993,0.911,140.102684,fed_h10_eur
2023-12-20,152.119995,0.9127,138.83992,fed_h10_eur
2023-12-21,153.839996,0.9099,139.979013,fed_h10_eur
2023-12-22,153.419998,0.9084,139.366726,fed_h10_eur
2023-12-26,153.410004,0.9062,139.020145,fed_h10_eur
2023-12-27,153.339996,0.8998,137.975329,fed_h10_eur
2023-12-28,153.380005,0.9031,138.517482,fed_h10_eur
2023-12-29,151.940002,0.904,137.353762,fed_h10_eur
2024-01-02,149.929993,0.9127,136.841104,fed_h10_eur
2024-01-03,148.470001,0.9167,136.10245,fed_h10_eur
2024-01-04,144.570007,0.9127,131.949046,fed_h10_eur
2024-01-05,145.240005,0.9127,132.560553,fed_h10_eur
2024-01-08,149.100006,0.9111,135.845016,fed_h10_eur
2024-01-09,151.369995,0.9145,138.427861,fed_h10_eur
2024-01-10,153.729996,0.9124,140.263248,fed_h10_eur
2024-01-11,155.179993,0.9138,141.803477,fed_h10_eur
2024-01-12,154.619995,0.9125,141.090746,fed_h10_eur
2024-01-16,153.160004,0.9189,140.738727,fed_h10_eur
2024-01-17,151.710007,0.921,139.724916,fed_h10_eur
2024-01-18,153.5,0.9206,141.3121,fed_h10_eur
2024-01-19,155.339996,0.9185,142.679787,fed_h10_eur
2024-01-22,154.779999,0.9179,142.072561,fed_h10_eur
2024-01-23,156.020004,0.9234,144.068872,fed_h10_eur
2024-01-24,156.869995,0.9173,143.896847,fed_h10_eur
2024-01-25,157.75,0.9228,145.5717,fed_h10_eur
2024-01-26,159.119995,0.9203,146.438132,fed_h10_eur
2024-01-29,161.259995,0.9253,149.213873,fed_h10_eur
2024-01-30,159.0,0.9222,146.6298,fed_h10_eur
2024-01-31,155.199997,0.9212,142.970237,fed_h10_eur
2024-02-01,159.279999,0.9204,146.601311,fed_h10_eur
2024-02-02,171.809998,0.927,159.267868,fed_h10_eur
2024-02-05,170.309998,0.9314,158.626732,fed_h10_eur
2024-02-06,169.149994,0.9301,157.326409,fed_h10_eur
2024-02-07,170.529999,0.9286,158.354157,fed_h10_eur
2024-02-08,169.839996,0.9282,157.645485,fed_h10_eur
2024-02-09,174.449997,0.9275,161.802372,fed_h10_eur
2024-02-12,172.339996,0.9282,159.965985,fed_h10_eur
2024-02-13,168.639999,0.9328,157.307391,fed_h10_eur
2024-02-14,170.979996,0.9315,159.267866,fed_h10_eur
2024-02-15,169.800003,0.9293,157.795143,fed_h10_eur
2024-02-16,169.509995,0.9286,157.406981,fed_h10_eur
2024-02-20,167.080002,0.9247,154.498878,fed_h10_eur
2024-02-21,168.589996,0.9244,155.844593,fed_h10_eur
2024-02-22,174.580002,0.9246,161.41667,fed_h10_eur
2024-02-23,174.990005,0.9235,161.60327,fed_h10_eur
2024-02-26,174.729996,0.9212,160.961272,fed_h10_eur
2024-02-27,173.539993,0.9211,159.847688,fed_h10_eur
2024-02-28,173.160004,0.9223,159.705471,fed_h10_eur
2024-02-29,176.759995,0.9253,163.556023,fed_h10_eur
2024-03-01,178.220001,0.9232,164.532705,fed_h10_eur
2024-03-04,177.580002,0.9206,163.48015,fed_h10_eur
2024-03-05,174.119995,0.9207,160.31228,fed_h10_eur
2024-03-06,173.509995,0.9163,158.987208,fed_h10_eur
2024-03-07,176.820007,0.914,161.613487,fed_h10_eur
2024-03-08,175.350006,0.914,160.269906,fed_h10_eur
2024-03-11,171.960007,0.9151,157.360602,fed_h10_eur
2024-03-12,175.389999,0.9159,160.6397,fed_h10_eur
2024-03-13,176.559998,0.9137,161.32287,fed_h10_eur
2024-03-14,178.75,0.9184,164.164,fed_h10_eur
2024-03-15,174.419998,0.9184,160.187326,fed_h10_eur
2024-03-18,174.479996,0.9186,160.277324,fed_h10_eur
2024-03-19,175.899994,0.9209,161.986304,fed_h10_eur
2024-03-20,178.149994,0.9211,164.093959,fed_h10_eur
2024-03-21,178.149994,0.9207,164.022699,fed_h10_eur
2024-03-22,178.869995,0.9245,165.36531,fed_h10_eur
2024-03-25,179.710007,0.9228,165.836394,fed_h10_eur
2024-03-26,178.300003,0.9234,164.642223,fed_h10_eur
2024-03-27,179.830002,0.9241,166.180905,fed_h10_eur
2024-03-28,180.380005,0.9258,166.995809,fed_h10_eur
2024-04-01,180.970001,0.9317,168.60975,fed_h10_eur
2024-04-02,180.690002,0.9286,167.788736,fed_h10_eur
2024-04-03,182.410004,0.9236,168.473879,fed_h10_eur
2024-04-04,180.0,0.9204,165.672,fed_h10_eur
2024-04-05,185.070007,0.9224,170.708575,fed_h10_eur
2024-04-08,185.190002,0.9214,170.634068,fed_h10_eur
2024-04-09,185.669998,0.9211,171.020635,fed_h10_eur
2024-04-10,185.949997,0.9314,173.193827,fed_h10_eur
2024-04-11,189.050003,0.9327,176.326938,fed_h10_eur
2024-04-12,186.130005,0.9392,174.813301,fed_h10_eur
2024-04-15,183.619995,0.9395,172.510985,fed_h10_eur
2024-04-16,183.320007,0.9409,172.485795,fed_h10_eur
2024-04-17,181.279999,0.9395,170.312559,fed_h10_eur
2024-04-18,179.220001,0.9381,168.126283,fed_h10_eur
2024-04-19,174.630005,0.9385,163.89026,fed_h10_eur
2024-04-22,177.229996,0.9385,166.330351,fed_h10_eur
2024-04-23,179.539993,0.935,167.869894,fed_h10_eur
2024-04-24,176.589996,0.9357,165.23526,fed_h10_eur
2024-04-25,173.669998,0.9327,161.982007,fed_h10_eur
2024-04-26,179.619995,0.9358,168.088391,fed_h10_eur
2024-04-29,180.960007,0.9331,168.853782,fed_h10_eur
2024-04-30,175.0,0.936,163.8,fed_h10_eur
2024-05-01,179.0,0.9363,167.5977,fed_h10_eur
2024-05-02,184.720001,0.9341,172.546953,fed_h10_eur
2024-05-03,186.210007,0.9285,172.895991,fed_h10_eur
2024-05-06,188.699997,0.9277,175.056987,fed_h10_eur
2024-05-07,188.759995,0.9288,175.320283,fed_h10_eur
2024-05-08,188.0,0.9298,174.8024,fed_h10_eur
2024-05-09,189.5,0.9284,175.9318,fed_h10_eur
2024-05-10,187.479996,0.9282,174.018932,fed_h10_eur
2024-05-13,186.570007,0.9263,172.819798,fed_h10_eur
2024-05-14,187.070007,0.9244,172.927515,fed_h10_eur
2024-05-15,185.990005,0.9208,171.259597,fed_h10_eur
2024-05-16,183.630005,0.9195,168.847789,fed_h10_eur
2024-05-17,184.699997,0.92,169.923997,fed_h10_eur
2024-05-20,183.539993,0.9207,168.985272,fed_h10_eur
2024-05-21,183.149994,0.9212,168.717774,fed_h10_eur
2024-05-22,183.130005,0.9228,168.992369,fed_h10_eur
2024-05-23,181.050003,0.9236,167.217783,fed_h10_eur
2024-05-24,180.75,0.9215,166.561125,fed_h10_eur
2024-05-28,182.149994,0.9192,167.432274,fed_h10_eur
2024-05-29,182.020004,0.925,168.368504,fed_h10_eur
2024-05-30,179.320007,0.9228,165.476503,fed_h10_eur
2024-05-31,176.440002,0.922,162.677682,fed_h10_eur
2024-06-03,178.339996,0.9183,163.769619,fed_h10_eur
2024-06-04,179.339996,0.9193,164.867259,fed_h10_eur
2024-06-05,181.279999,0.9204,166.850111,fed_h10_eur
2024-06-06,185.0,0.9189,169.9965,fed_h10_eur
2024-06-07,184.300003,0.9253,170.532793,fed_h10_eur
2024-06-10,187.059998,0.9301,173.984504,fed_h10_eur
2024-06-11,187.229996,0.9317,174.442187,fed_h10_eur
2024-06-12,186.889999,0.9223,172.368646,fed_h10_eur
2024-06-13,183.830002,0.9297,170.906753,fed_h10_eur
2024-06-14,183.660004,0.9347,171.667005,fed_h10_eur
2024-06-17,184.059998,0.9326,171.654354,fed_h10_eur
2024-06-18,182.809998,0.9312,170.23267,fed_h10_eur
2024-06-20,186.100006,0.9339,173.798796,fed_h10_eur
2024-06-21,189.080002,0.9351,176.80871,fed_h10_eur
2024-06-24,185.570007,0.9322,172.988361,fed_h10_eur
2024-06-25,186.339996,0.9341,174.060191,fed_h10_eur
2024-06-26,193.610001,0.9362,181.257683,fed_h10_eur
2024-06-27,197.850006,0.9339,184.772121,fed_h10_eur
2024-06-28,193.25,0.9336,180.4182,fed_h10_eur
2024-07-01,197.199997,0.9321,183.810117,fed_h10_eur
2024-07-02,200.0,0.9314,186.28,fed_h10_eur
2024-07-03,197.589996,0.926,182.968337,fed_h10_eur
2024-07-05,200.0,0.9235,184.7,fed_h10_eur
2024-07-08,199.289993,0.9229,183.924735,fed_h10_eur
2024-07-09,199.339996,0.9248,184.349629,fed_h10_eur
2024-07-10,199.789993,0.924,184.605954,fed_h10_eur
2024-07-11,195.050003,0.92,179.446003,fed_h10_eur
2024-07-12,194.490005,0.9173,178.405682,fed_h10_eur
2024-07-15,192.720001,0.9164,176.608609,fed_h10_eur
2024-07-16,193.020004,0.9187,177.327478,fed_h10_eur
2024-07-17,187.929993,0.9147,171.899564,fed_h10_eur
2024-07-18,183.75,0.9163,168.370125,fed_h10_eur
2024-07-19,183.130005,0.9184,168.186596,fed_h10_eur
2024-07-22,182.550003,0.9191,167.781708,fed_h10_eur
2024-07-23,186.410004,0.9212,171.720895,fed_h10_eur
2024-07-24,180.830002,0.9214,166.616764,fed_h10_eur
2024-07-25,179.850006,0.9207,165.587901,fed_h10_eur
2024-07-26,182.5,0.9209,168.06425,fed_h10_eur
2024-07-29,183.199997,0.9243,169.331757,fed_h10_eur
2024-07-30,181.710007,0.9252,168.118098,fed_h10_eur
2024-07-31,186.979996,0.924,172.769516,fed_h10_eur
2024-08-01,184.070007,0.9269,170.61449,fed_h10_eur
2024-08-02,167.899994,0.9163,153.846764,fed_h10_eur
2024-08-05,161.020004,0.9127,146.962958,fed_h10_eur
2024-08-06,161.929993,0.9152,148.198329,fed_h10_eur
2024-08-07,162.770004,0.9153,148.983385,fed_h10_eur
2024-08-08,165.800003,0.9163,151.922543,fed_h10_eur
2024-08-09,166.940002,0.9153,152.800184,fed_h10_eur
2024-08-12,166.800003,0.9151,152.638683,fed_h10_eur
2024-08-13,170.229996,0.9129,155.402963,fed_h10_eur
2024-08-14,170.100006,0.9071,154.297716,fed_h10_eur
2024-08-15,177.589996,0.9102,161.642415,fed_h10_eur
2024-08-16,177.059998,0.9094,161.018362,fed_h10_eur
2024-08-19,178.220001,0.9033,160.986127,fed_h10_eur
2024-08-20,178.880005,0.9004,161.063556,fed_h10_eur
2024-08-21,180.110001,0.8974,161.630715,fed_h10_eur
2024-08-22,176.130005,0.8998,158.481778,fed_h10_eur
2024-08-23,177.039993,0.8948,158.415386,fed_h10_eur
2024-08-26,175.5,0.8957,157.19535,fed_h10_eur
2024-08-27,173.119995,0.8961,155.132828,fed_h10_eur
2024-08-28,170.800003,0.8987,153.497963,fed_h10_eur
2024-08-29,172.119995,0.902,155.252236,fed_h10_eur
2024-08-30,178.5,0.9042,161.3997,fed_h10_eur
2024-09-03,176.25,0.9056,159.612,fed_h10_eur
2024-09-04,173.330002,0.9024,156.412994,fed_h10_eur
2024-09-05,177.889999,0.9012,160.314467,fed_h10_eur
2024-09-06,171.389999,0.902,154.593779,fed_h10_eur
2024-09-09,175.399994,0.9056,158.842234,fed_h10_eur
2024-09-10,179.550003,0.907,162.851853,fed_h10_eur
2024-09-11,184.520004,0.9081,167.562616,fed_h10_eur
2024-09-12,187.0,0.9057,169.3659,fed_h10_eur
2024-09-13,186.490005,0.9021,168.232634,fed_h10_eur
2024-09-16,184.889999,0.899,166.216109,fed_h10_eur
2024-09-17,186.880005,0.8994,168.079876,fed_h10_eur
2024-09-18,186.429993,0.8996,167.712421,fed_h10_eur
2024-09-19,189.869995,0.8971,170.332373,fed_h10_eur
2024-09-20,191.600006,0.8961,171.692765,fed_h10_eur
2024-09-23,193.880005,0.8985,174.201184,fed_h10_eur
2024-09-24,193.960007,0.8969,173.96273,fed_h10_eur
2024-09-25,192.529999,0.8974,172.776421,fed_h10_eur
2024-09-26,191.160004,0.8941,170.916159,fed_h10_eur
2024-09-27,187.970001,0.8961,168.439918,fed_h10_eur
2024-09-30,186.330002,0.8973,167.193911,fed_h10_eur
2024-10-01,185.130005,0.9036,167.283472,fed_h10_eur
2024-10-02,184.759995,0.905,167.207795,fed_h10_eur
2024-10-03,181.960007,0.9079,165.20149,fed_h10_eur
2024-10-04,186.509995,0.9123,170.153068,fed_h10_eur
2024-10-07,180.800003,0.9111,164.726883,fed_h10_eur
2024-10-08,182.720001,0.9116,166.567553,fed_h10_eur
2024-10-09,185.169998,0.9132,169.097242,fed_h10_eur
2024-10-10,186.649994,0.9153,170.840739,fed_h10_eur
2024-10-11,188.820007,0.9139,172.562605,fed_h10_eur
2024-10-14,187.539993,0.9139,171.3928,fed_h10_eur
2024-10-15,187.690002,0.9175,172.205577,fed_h10_eur
2024-10-16,186.889999,0.9197,171.882732,fed_h10_eur
2024-10-17,187.529999,0.9228,173.052683,fed_h10_eur
2024-10-18,188.990005,0.9213,174.116492,fed_h10_eur
2024-10-21,189.070007,0.9242,174.738501,fed_h10_eur
2024-10-22,189.699997,0.9255,175.567347,fed_h10_eur
2024-10-23,184.710007,0.9277,171.355473,fed_h10_eur
2024-10-24,186.380005,0.9254,172.476057,fed_h10_eur
2024-10-25,187.830002,0.9248,173.705186,fed_h10_eur
2024-10-28,188.389999,0.9243,174.128876,fed_h10_eur
2024-10-29,190.830002,0.9261,176.727665,fed_h10_eur
2024-10-30,192.729996,0.9205,177.407961,fed_h10_eur
2024-10-31,186.399994,0.9212,171.711674,fed_h10_eur
2024-11-01,197.929993,0.9218,182.451867,fed_h10_eur
2024-11-04,195.779999,0.9188,179.882663,fed_h10_eur
2024-11-05,199.5,0.9158,182.7021,fed_h10_eur
2024-11-06,207.089996,0.9318,192.966459,fed_h10_eur
2024-11-07,210.050003,0.9266,194.632333,fed_h10_eur
2024-11-08,208.179993,0.9337,194.377659,fed_h10_eur
2024-11-11,206.839996,0.9337,193.126505,fed_h10_eur
2024-11-12,208.910004,0.9436,197.127479,fed_h10_eur
2024-11-13,214.100006,0.9463,202.602836,fed_h10_eur
2024-11-14,211.479996,0.9468,200.22926,fed_h10_eur
2024-11-15,202.610001,0.9477,192.013498,fed_h10_eur
2024-11-18,201.699997,0.9446,190.525817,fed_h10_eur
2024-11-19,204.610001,0.9454,193.438295,fed_h10_eur
2024-11-20,202.880005,0.9505,192.837445,fed_h10_eur
2024-11-21,198.380005,0.9547,189.393391,fed_h10_eur
2024-11-22,197.119995,0.9616,189.550587,fed_h10_eur
2024-11-25,201.449997,0.9544,192.263877,fed_h10_eur
2024-11-26,207.860001,0.9541,198.319227,fed_h10_eur
2024-11-27,205.740005,0.9456,194.547749,fed_h10_eur
2024-11-29,207.889999,0.9481,197.100508,fed_h10_eur
2024-12-02,210.710007,0.9538,200.975204,fed_h10_eur
2024-12-03,213.440002,0.9508,202.938754,fed_h10_eur
2024-12-04,218.160004,0.9499,207.230187,fed_h10_eur
2024-12-05,220.550003,0.946,208.640303,fed_h10_eur
2024-12-06,227.029999,0.9467,214.9293,fed_h10_eur
2024-12-09,226.089996,0.9461,213.903746,fed_h10_eur
2024-12-10,225.039993,0.9513,214.080546,fed_h10_eur
2024-12-11,230.259995,0.9517,219.138437,fed_h10_eur
2024-12-12,228.970001,0.9511,217.773368,fed_h10_eur
2024-12-13,227.460007,0.9526,216.678402,fed_h10_eur
2024-12-16,232.929993,0.9513,221.586302,fed_h10_eur
2024-12-17,231.149994,0.9518,220.008564,fed_h10_eur
2024-12-18,220.520004,0.9552,210.640708,fed_h10_eur
2024-12-19,223.289993,0.9655,215.586489,fed_h10_eur
2024-12-20,224.919998,0.9588,215.653294,fed_h10_eur
2024-12-23,225.059998,0.9607,216.21514,fed_h10_eur
2024-12-24,229.050003,0.9626,220.483533,fed_h10_eur
2024-12-26,227.050003,0.9594,217.831773,fed_h10_eur
2024-12-27,223.75,0.9594,214.66575,fed_h10_eur
2024-12-30,221.300003,0.9628,213.067643,fed_h10_eur
2024-12-31,219.389999,0.9661,211.952678,fed_h10_eur
2025-01-02,220.220001,0.9746,214.626413,fed_h10_eur
2025-01-03,224.190002,0.9716,217.823006,fed_h10_eur
2025-01-06,227.610001,0.9618,218.915299,fed_h10_eur
2025-01-07,222.110001,0.9644,214.202885,fed_h10_eur
2025-01-08,222.130005,0.9696,215.377253,fed_h10_eur
2025-01-10,218.940002,0.9768,213.860594,fed_h10_eur
2025-01-13,218.460007,0.9795,213.981577,fed_h10_eur
2025-01-14,217.759995,0.9716,211.575611,fed_h10_eur
2025-01-15,223.350006,0.9726,217.230216,fed_h10_eur
2025-01-16,220.660004,0.9706,214.1726,fed_h10_eur
2025-01-17,225.940002,0.9721,219.636276,fed_h10_eur
2025-01-21,230.710007,0.9594,221.34318,fed_h10_eur
2025-01-22,235.009995,0.9597,225.539092,fed_h10_eur
2025-01-23,235.419998,0.9597,225.932572,fed_h10_eur
2025-01-24,234.850006,0.951,223.342356,fed_h10_eur
2025-01-27,235.419998,0.9531,224.3788,fed_h10_eur
2025-01-28,238.149994,0.959,228.385844,fed_h10_eur
2025-01-29,237.070007,0.9601,227.610914,fed_h10_eur
2025-01-30,234.639999,0.9597,225.184007,fed_h10_eur
2025-01-31,237.679993,0.9615,228.529313,fed_h10_eur
2025-02-03,237.419998,0.973,231.009658,fed_h10_eur
2025-02-04,242.059998,0.9635,233.224808,fed_h10_eur
2025-02-05,236.169998,0.9598,226.675964,fed_h10_eur
2025-02-06,238.830002,0.9645,230.351537,fed_h10_eur
2025-02-07,229.149994,0.9681,221.840109,fed_h10_eur
2025-02-10,233.139999,0.9697,226.075857,fed_h10_eur
2025-02-11,232.759995,0.9666,224.985811,fed_h10_eur
2025-02-12,228.929993,0.9623,220.299332,fed_h10_eur
2025-02-13,230.369995,0.959,220.924825,fed_h10_eur
2025-02-14,228.679993,0.9526,217.840561,fed_h10_eur
2025-02-18,226.649994,0.9563,216.745389,fed_h10_eur
2025-02-19,226.630005,0.961,217.791435,fed_h10_eur
2025-02-20,222.880005,0.9547,212.783541,fed_h10_eur
2025-02-21,216.580002,0.9565,207.158772,fed_h10_eur
2025-02-24,212.710007,0.9544,203.01043,fed_h10_eur
2025-02-25,212.800003,0.9526,202.713283,fed_h10_eur
2025-02-26,214.350006,0.9511,203.868291,fed_h10_eur
2025-02-27,208.740005,0.9602,200.432153,fed_h10_eur
2025-02-28,212.279999,0.9614,204.085991,fed_h10_eur
2025-03-03,205.020004,0.9527,195.322558,fed_h10_eur
2025-03-04,203.800003,0.9493,193.467343,fed_h10_eur
2025-03-05,208.360001,0.9287,193.503933,fed_h10_eur
2025-03-06,200.699997,0.9244,185.527077,fed_h10_eur
2025-03-07,199.25,0.9209,183.489325,fed_h10_eur
2025-03-10,194.539993,0.9228,179.521506,fed_h10_eur
2025-03-11,196.589996,0.9152,179.919165,fed_h10_eur
2025-03-12,198.889999,0.9153,182.044016,fed_h10_eur
2025-03-13,193.889999,0.9209,178.5533,fed_h10_eur
2025-03-14,197.949997,0.9198,182.074407,fed_h10_eur
2025-03-17,195.740005,0.9156,179.219549,fed_h10_eur
2025-03-18,192.820007,0.9152,176.468871,fed_h10_eur
2025-03-19,195.539993,0.9194,179.77947,fed_h10_eur
2025-03-20,194.949997,0.9218,179.704907,fed_h10_eur
2025-03-21,196.210007,0.9254,181.57274,fed_h10_eur
2025-03-24,203.259995,0.9264,188.300059,fed_h10_eur
2025-03-25,205.710007,0.9256,190.405182,fed_h10_eur
2025-03-26,201.130005,0.9276,186.568193,fed_h10_eur
2025-03-27,201.360001,0.9259,186.439225,fed_h10_eur
2025-03-28,192.720001,0.9237,178.015465,fed_h10_eur
2025-03-31,190.259995,0.9263,176.237833,fed_h10_eur
2025-04-01,192.169998,0.9259,177.930201,fed_h10_eur
2025-04-02,196.009995,0.9201,180.348796,fed_h10_eur
2025-04-03,178.410004,0.9048,161.425371,fed_h10_eur
2025-04-04,171.0,0.9079,155.2509,fed_h10_eur
2025-04-07,175.259995,0.9164,160.608259,fed_h10_eur
2025-04-08,170.660004,0.9164,156.392827,fed_h10_eur
2025-04-09,191.100006,0.9058,173.098386,fed_h10_eur
2025-04-10,181.220001,0.8935,161.920071,fed_h10_eur
2025-04-11,184.869995,0.883,163.240206,fed_h10_eur
2025-04-14,182.119995,0.8804,160.338444,fed_h10_eur
2025-04-15,179.589996,0.8857,159.06286,fed_h10_eur
2025-04-16,174.330002,0.8786,153.16634,fed_h10_eur
2025-04-17,172.610001,0.88,151.896801,fed_h10_eur
2025-04-21,167.320007,0.869,145.401086,fed_h10_eur
2025-04-22,173.179993,0.8721,151.030272,fed_h10_eur
2025-04-23,180.600006,0.8811,159.126665,fed_h10_eur
2025-04-24,186.539993,0.88,164.155194,fed_h10_eur
2025-04-25,188.990005,0.8787,166.065518,fed_h10_eur
2025-04-28,187.699997,0.8782,164.838137,fed_h10_eur
2025-04-29,187.389999,0.8775,164.434724,fed_h10_eur
2025-04-30,184.419998,0.8811,162.49246,fed_h10_eur
2025-05-01,190.199997,0.8866,168.631317,fed_h10_eur
2025-05-02,189.979996,0.8826,167.676344,fed_h10_eur
2025-05-05,186.350006,0.8838,164.696135,fed_h10_eur
2025-05-06,185.009995,0.8814,163.067809,fed_h10_eur
2025-05-07,188.710007,0.8812,166.291258,fed_h10_eur
2025-05-08,192.080002,0.889,170.759122,fed_h10_eur
2025-05-09,193.059998,0.8873,171.302136,fed_h10_eur
2025-05-12,208.639999,0.9004,187.859455,fed_h10_eur
2025-05-13,211.369995,0.8948,189.133872,fed_h10_eur
2025-05-14,210.25,0.8924,187.6271,fed_h10_eur
2025-05-15,205.169998,0.8937,183.360427,fed_h10_eur
2025-05-16,205.589996,0.8976,184.537581,fed_h10_eur
2025-05-19,206.160004,0.89,183.482403,fed_h10_eur
2025-05-20,204.070007,0.8886,181.336609,fed_h10_eur
2025-05-21,201.119995,0.8816,177.307388,fed_h10_eur
2025-05-22,203.100006,0.8864,180.027845,fed_h10_eur
2025-05-23,200.990005,0.8811,177.092294,fed_h10_eur
2025-05-27,206.020004,0.8829,181.895062,fed_h10_eur
2025-05-28,204.720001,0.8861,181.402393,fed_h10_eur
2025-05-29,205.699997,0.8795,180.913147,fed_h10_eur
2025-05-30,205.009995,0.8813,180.675308,fed_h10_eur
2025-06-02,206.649994,0.8747,180.75675,fed_h10_eur
2025-06-03,205.710007,0.8793,180.880809,fed_h10_eur
2025-06-04,207.229996,0.8754,181.409138,fed_h10_eur
2025-06-05,207.910004,0.8741,181.734134,fed_h10_eur
2025-06-06,213.570007,0.8774,187.386324,fed_h10_eur
2025-06-09,216.979996,0.8753,189.92259,fed_h10_eur
2025-06-10,217.610001,0.8754,190.495795,fed_h10_eur
2025-06-11,213.199997,0.8703,185.547957,fed_h10_eur
2025-06-12,213.240005,0.8637,184.175393,fed_h10_eur
2025-06-13,212.100006,0.8653,183.530135,fed_h10_eur
2025-06-16,216.100006,0.8635,186.602355,fed_h10_eur
2025-06-17,214.820007,0.8669,186.227464,fed_h10_eur
2025-06-18,212.520004,0.868,184.467364,fed_h10_eur
2025-06-20,209.690002,0.8681,182.031891,fed_h10_eur
2025-06-23,208.470001,0.8667,180.68095,fed_h10_eur
2025-06-24,212.770004,0.8615,183.301359,fed_h10_eur
2025-06-25,211.990005,0.8606,182.438599,fed_h10_eur
2025-06-26,217.119995,0.8535,185.311916,fed_h10_eur
2025-06-27,223.300003,0.853,190.474903,fed_h10_eur
2025-06-30,219.389999,0.8496,186.393743,fed_h10_eur
2025-07-01,220.460007,0.8492,187.214638,fed_h10_eur
2025-07-02,219.919998,0.8482,186.536142,fed_h10_eur
2025-07-03,223.410004,0.8505,190.010208,fed_h10_eur
2025-07-07,223.470001,0.8523,190.463482,fed_h10_eur
2025-07-08,219.360001,0.8542,187.377313,fed_h10_eur
2025-07-09,222.539993,0.8542,190.093662,fed_h10_eur
2025-07-10,222.259995,0.8556,190.165651,fed_h10_eur
2025-07-11,225.020004,0.855,192.392104,fed_h10_eur
2025-07-14,225.690002,0.8568,193.371194,fed_h10_eur
2025-07-15,226.350006,0.8607,194.81945,fed_h10_eur
2025-07-16,223.190002,0.8599,191.921083,fed_h10_eur
2025-07-17,223.880005,0.8623,193.051728,fed_h10_eur
2025-07-18,226.130005,0.8587,194.177835,fed_h10_eur
2025-07-21,229.300003,0.8543,195.890993,fed_h10_eur
2025-07-22,227.470001,0.8511,193.599718,fed_h10_eur
2025-07-23,228.289993,0.8512,194.320442,fed_h10_eur
2025-07-24,232.229996,0.85,197.395496,fed_h10_eur
2025-07-25,231.440002,0.8525,197.302602,fed_h10_eur
2025-07-28,232.789993,0.8614,200.5253,fed_h10_eur
2025-07-29,231.009995,0.867,200.285665,fed_h10_eur
2025-07-30,230.190002,0.8718,200.679644,fed_h10_eur
2025-07-31,234.110001,0.8748,204.799429,fed_h10_eur
2025-08-01,214.75,0.8654,185.84465,fed_h10_eur
2025-08-04,211.649994,0.8645,182.97142,fed_h10_eur
2025-08-05,213.75,0.8636,184.5945,fed_h10_eur
2025-08-06,222.309998,0.8586,190.875364,fed_h10_eur
2025-08-07,223.130005,0.859,191.668674,fed_h10_eur
2025-08-08,222.690002,0.8576,190.978946,fed_h10_eur
2025-08-11,221.300003,0.8615,190.649953,fed_h10_eur
2025-08-12,221.470001,0.8567,189.73335,fed_h10_eur
2025-08-13,224.559998,0.8536,191.684414,fed_h10_eur
2025-08-14,230.979996,0.8588,198.36562,fed_h10_eur
2025-08-15,231.029999,0.8541,197.322722,fed_h10_eur
2025-08-18,231.490005,0.8571,198.410084,fed_h10_eur
2025-08-19,228.009995,0.8576,195.541371,fed_h10_eur
2025-08-20,223.809998,0.8584,192.118502,fed_h10_eur
2025-08-21,221.949997,0.8617,191.254312,fed_h10_eur
2025-08-22,228.839996,0.8538,195.383589,fed_h10_eur
2025-08-25,227.940002,0.8569,195.321788,fed_h10_eur
2025-08-26,228.710007,0.8579,196.210315,fed_h10_eur
2025-08-27,229.119995,0.8613,197.341052,fed_h10_eur
2025-08-28,231.600006,0.8568,198.434885,fed_h10_eur
2025-08-29,229.0,0.8551,195.8179,fed_h10_eur
2025-09-02,225.339996,0.8581,193.364251,fed_h10_eur
2025-09-03,225.990005,0.8565,193.56044,fed_h10_eur
2025-09-04,235.679993,0.8585,202.331274,fed_h10_eur
2025-09-05,232.330002,0.8504,197.573434,fed_h10_eur
2025-09-08,235.839996,0.851,200.699837,fed_h10_eur
2025-09-09,238.240005,0.853,203.218725,fed_h10_eur
2025-09-10,230.330002,0.8537,196.632723,fed_h10_eur
2025-09-11,229.949997,0.8524,196.009377,fed_h10_eur
2025-09-12,228.149994,0.8537,194.77165,fed_h10_eur
2025-09-15,231.429993,0.8495,196.599779,fed_h10_eur
2025-09-16,234.050003,0.844,197.538203,fed_h10_eur
2025-09-17,231.619995,0.8442,195.5336,fed_h10_eur
2025-09-18,231.229996,0.8489,196.291143,fed_h10_eur
2025-09-19,231.479996,0.8508,196.94318,fed_h10_eur
2025-09-22,227.630005,0.8494,193.348926,fed_h10_eur
2025-09-23,220.710007,0.8475,187.051731,fed_h10_eur
2025-09-24,220.210007,0.8516,187.530842,fed_h10_eur
2025-09-25,218.149994,0.8567,186.8891,fed_h10_eur
2025-09-26,219.779999,0.8553,187.977833,fed_h10_eur
2025-09-29,222.169998,0.8525,189.399923,fed_h10_eur
2025-09-30,219.570007,0.8522,187.11756,fed_h10_eur
2025-10-01,220.630005,0.853,188.197394,fed_h10_eur
2025-10-02,222.410004,0.855,190.160553,fed_h10_eur
2025-10-03,219.509995,0.8513,186.868858,fed_h10_eur
2025-10-06,220.899994,0.8542,188.692775,fed_h10_eur
2025-10-07,221.779999,0.8566,189.976747,fed_h10_eur
2025-10-08,225.220001,0.8616,194.049553,fed_h10_eur
2025-10-09,227.740005,0.8651,197.017879,fed_h10_eur
2025-10-10,216.369995,0.8611,186.316203,fed_h10_eur
2025-10-13,220.070007,0.8611,189.502283,fed_h10_eur
2025-10-14,216.389999,0.8615,186.419984,fed_h10_eur
2025-10-15,215.570007,0.8593,185.239307,fed_h10_eur
2025-10-16,214.470001,0.8573,183.865132,fed_h10_eur
2025-10-17,213.039993,0.8566,182.490058,fed_h10_eur
2025-10-20,216.479996,0.8579,185.718188,fed_h10_eur
2025-10-21,222.029999,0.8609,191.145626,fed_h10_eur
2025-10-22,217.949997,0.8612,187.698537,fed_h10_eur
2025-10-23,221.089996,0.8612,190.402705,fed_h10_eur
2025-10-24,224.210007,0.8601,192.843027,fed_h10_eur
2025-10-27,226.970001,0.8594,195.058019,fed_h10_eur
2025-10-28,229.25,0.8577,196.627725,fed_h10_eur
2025-10-29,230.300003,0.8573,197.436193,fed_h10_eur
2025-10-30,222.860001,0.8648,192.729329,fed_h10_eur
2025-10-31,244.220001,0.8665,211.616631,fed_h10_eur
2025-11-03,254.0,0.8672,220.2688,fed_h10_eur
2025-11-04,249.320007,0.8702,216.95827,fed_h10_eur
2025-11-05,250.199997,0.8707,217.849137,fed_h10_eur
2025-11-06,243.039993,0.8666,210.618458,fed_h10_eur
2025-11-07,244.410004,0.8637,211.09692,fed_h10_eur
2025-11-10,248.399994,0.8662,215.164075,fed_h10_eur
2025-11-11,249.100006,0.8662,215.770425,fed_h10_eur
2025-11-12,244.199997,0.8627,210.671337,fed_h10_eur
2025-11-13,237.580002,0.8584,203.938674,fed_h10_eur
2025-11-14,234.690002,0.8608,202.021154,fed_h10_eur
2025-11-17,232.869995,0.8622,200.78051,fed_h10_eur
2025-11-18,222.550003,0.8636,192.194183,fed_h10_eur
2025-11-19,222.690002,0.8666,192.983156,fed_h10_eur
2025-11-20,217.139999,0.867,188.260379,fed_h10_eur
2025-11-21,220.690002,0.8691,191.801681,fed_h10_eur
2025-11-24,226.279999,0.8682,196.456295,fed_h10_eur
2025-11-25,229.669998,0.8656,198.80235,fed_h10_eur
2025-11-26,229.160004,0.8627,197.696335,fed_h10_eur
2025-11-28,233.220001,0.8621,201.058963,fed_h10_eur
2025-12-01,233.880005,0.8604,201.230356,fed_h10_eur
2025-12-02,234.419998,0.8624,202.163806,fed_h10_eur
2025-12-03,232.380005,0.8576,199.289092,fed_h10_eur
2025-12-04,229.110001,0.8577,196.507648,fed_h10_eur
2025-12-05,229.529999,0.8595,197.281034,fed_h10_eur
2025-12-08,226.889999,0.8601,195.148088,fed_h10_eur
2025-12-09,227.919998,0.8592,195.828862,fed_h10_eur
2025-12-10,231.779999,0.8584,198.959951,fed_h10_eur
2025-12-11,230.279999,0.8506,195.876167,fed_h10_eur
2025-12-12,226.190002,0.8524,192.804358,fed_h10_eur
2025-12-15,222.539993,0.8506,189.292518,fed_h10_eur
2025-12-16,222.559998,0.8496,189.086974,fed_h10_eur
2025-12-17,221.270004,0.8512,188.345028,fed_h10_eur
2025-12-18,226.759995,0.8526,193.335571,fed_h10_eur
2025-12-19,227.350006,0.8532,193.975025,fed_h10_eur
2025-12-22,228.429993,0.8511,194.416767,fed_h10_eur
2025-12-23,232.139999,0.8492,197.133287,fed_h10_eur
2025-12-24,232.380005,0.8489,197.267386,fed_h10_eur
2025-12-26,232.520004,0.8499,197.618752,fed_h10_eur
2025-12-29,232.070007,0.8506,197.398748,fed_h10_eur
2025-12-30,232.529999,0.85,197.650499,fed_h10_eur
2025-12-31,230.820007,0.8521,196.681728,fed_h10_eur
2026-01-02,226.5,0.8519,192.95535,fed_h10_eur
2026-01-05,233.059998,0.8536,198.940014,fed_h10_eur
2026-01-06,240.929993,0.8555,206.115609,fed_h10_eur
2026-01-07,241.559998,0.8554,206.630422,fed_h10_eur
2026-01-08,246.289993,0.858,211.316814,fed_h10_eur
2026-01-09,247.380005,0.8595,212.623114,fed_h10_eur
2026-01-12,246.470001,0.8568,211.175497,fed_h10_eur
2026-01-13,242.600006,0.8587,208.320625,fed_h10_eur
2026-01-14,236.649994,0.858,203.045695,fed_h10_eur
2026-01-15,238.179993,0.8617,205.2397,fed_h10_eur
2026-01-16,239.119995,0.8621,206.145348,fed_h10_eur
2026-01-20,231.0,0.8519,196.7889,fed_h10_eur
2026-01-21,231.309998,0.8543,197.608131,fed_h10_eur
2026-01-22,234.339996,0.8519,199.634243,fed_h10_eur
2026-01-23,239.160004,0.8495,203.166423,fed_h10_eur
2026-01-26,238.419998,0.8413,200.582744,fed_h10_eur
2026-01-27,244.679993,0.8347,204.23439,fed_h10_eur
2026-01-28,243.009995,0.8375,203.52087,fed_h10_eur
2026-01-29,241.729996,0.8373,202.400525,fed_h10_eur
2026-01-30,239.300003,0.8414,201.347023,fed_h10_eur
2026-02-02,242.960007,0.847,205.787126,fed_h10_eur
2026-02-03,238.619995,0.8461,201.896378,fed_h10_eur
2026-02-04,232.990005,0.8472,197.389133,fed_h10_eur
2026-02-05,222.690002,0.8473,188.685239,fed_h10_eur
2026-02-06,210.320007,0.8466,178.056918,fed_h10_eur
2026-02-09,208.720001,0.8405,175.429161,fed_h10_eur
2026-02-10,206.960007,0.8405,173.949886,fed_h10_eur
2026-02-11,204.080002,0.8415,171.733322,fed_h10_eur
2026-02-12,199.600006,0.8425,168.163005,fed_h10_eur
2026-02-13,198.789993,0.8425,167.480569,fed_h10_eur
2026-02-17,201.149994,0.8452,170.011975,fed_h10_eur
2026-02-18,204.789993,0.8467,173.395687,fed_h10_eur
2026-02-19,204.860001,0.8502,174.171973,fed_h10_eur
2026-02-20,210.110001,0.8488,178.341369,fed_h10_eur
2026-02-23,205.270004,0.8472,173.904748,fed_h10_eur
2026-02-24,208.559998,0.8482,176.90059,fed_h10_eur
2026-02-25,210.639999,0.8472,178.454207,fed_h10_eur
2026-02-26,207.919998,0.848,176.316158,fed_h10_eur
2026-02-27,210.0,0.8459,177.639,fed_h10_eur
2026-03-02,208.389999,0.8554,178.256805,fed_h10_eur
2026-03-03,208.729996,0.8618,179.88351,fed_h10_eur
2026-03-04,216.820007,0.8593,186.313432,fed_h10_eur
2026-03-05,218.940002,0.8632,188.98901,fed_h10_eur
2026-03-06,213.210007,0.8616,183.701742,fed_h10_eur
2026-03-09,213.490005,0.8627,184.177828,fed_h10_eur
2026-03-10,214.330002,0.8585,184.002307,fed_h10_eur
2026-03-11,212.649994,0.8646,183.857185,fed_h10_eur
2026-03-12,209.529999,0.8679,181.851086,fed_h10_eur
2026-03-13,207.669998,0.8738,181.462044,fed_h10_eur
2026-03-16,211.740005,0.8705,184.319675,fed_h10_eur
2026-03-17,215.199997,0.8677,186.729037,fed_h10_eur
2026-03-18,209.869995,0.8686,182.293078,fed_h10_eur
2026-03-19,208.759995,0.8684,181.287179,fed_h10_eur
2026-03-20,205.369995,0.8663,177.912027,fed_h10_eur
2026-03-23,210.139999,0.863,181.350819,fed_h10_eur
2026-03-24,207.240005,0.8637,178.993193,fed_h10_eur
2026-03-25,211.710007,0.8643,182.980959,fed_h10_eur
2026-03-26,207.539993,0.8664,179.81265,fed_h10_eur
2026-03-27,199.339996,0.8681,173.047051,fed_h10_eur
2026-03-30,200.949997,0.8731,175.449442,fed_h10_eur
2026-03-31,208.270004,0.8682,180.820018,fed_h10_eur
2026-04-01,210.570007,0.861,181.300776,fed_h10_eur
2026-04-02,209.770004,0.8661,181.681801,fed_h10_eur
2026-04-06,212.789993,0.8662,184.318692,fed_h10_eur
2026-04-07,213.770004,0.8642,184.740038,fed_h10_eur
2026-04-08,221.25,0.8557,189.323625,fed_h10_eur
2026-04-09,233.649994,0.8543,199.60719,fed_h10_eur
2026-04-10,238.380005,0.853,203.338144,fed_h10_eur
2026-04-13,239.889999,0.854,204.866059,fed_h10_eur
2026-04-14,249.020004,0.8481,211.193866,fed_h10_eur
2026-04-15,248.5,0.8475,210.60375,fed_h10_eur
2026-04-16,249.699997,0.8487,211.920387,fed_h10_eur
2026-04-17,250.559998,0.8474,212.324542,fed_h10_eur
2026-04-20,248.279999,0.8485,210.665579,fed_h10_eur
2026-04-21,249.910004,0.8509,212.648422,fed_h10_eur
2026-04-22,255.360001,0.8537,218.000833,fed_h10_eur
2026-04-23,255.080002,0.8544,217.940354,fed_h10_eur
2026-04-24,263.98999,0.8534,225.289058,fed_h10_eur
2026-04-27,261.119995,0.8524,222.578684,fed_h10_eur
2026-04-28,259.700012,0.8536,221.67993,fed_h10_eur
2026-04-29,263.040009,0.8551,224.925511,fed_h10_eur
2026-04-30,265.059998,0.8526,225.990154,fed_h10_eur
2026-05-01,268.26001,0.8507,228.20879,fed_h10_eur
2026-05-04,272.049988,0.8548,232.54833,fed_h10_eur
2026-05-05,273.549988,0.8542,233.6664,fed_h10_eur
2026-05-06,274.98999,0.8508,233.961484,fed_h10_eur
2026-05-07,271.170013,0.8501,230.521628,fed_h10_eur
2026-05-08,272.679993,0.8494,231.614386,fed_h10_eur
2026-05-11,268.98999,0.8489,228.345603,fed_h10_eur
2026-05-12,265.820007,0.8523,226.558392,fed_h10_eur
2026-05-13,270.130005,0.8539,230.664011,fed_h10_eur
2026-05-14,267.220001,0.8563,228.820487,fed_h10_eur
2026-05-15,264.140015,0.8601,227.186827,fed_h10_eur
2026-05-18,264.859985,0.8584,227.355811,fed_h10_eur
2026-05-19,259.339996,0.8619,223.525143,fed_h10_eur
2026-05-20,265.01001,0.8606,228.067614,fed_h10_eur
2026-05-21,268.459991,0.8629,231.654127,fed_h10_eur
2026-05-22,266.320007,0.8618,229.514582,fed_h10_eur
2026-05-26,265.290009,0.8606,228.308581,fed_h10_eur
2026-05-27,271.850006,0.8598,233.736635,fed_h10_eur
2026-05-28,274.0,0.8584,235.2016,fed_h10_eur
2026-05-29,270.640015,0.8562,231.721981,fed_h10_eur
2026-06-01,261.26001,0.8603,224.761986,fed_h10_eur
2026-06-02,256.519989,0.859,220.350671,fed_h10_eur
2026-06-03,250.020004,0.8617,215.442238,fed_h10_eur
2026-06-04,253.789993,0.8599,218.234015,fed_h10_eur
2026-06-05,246.029999,0.8671,213.332612,fed_h10_eur
2026-06-08,245.220001,0.8662,212.409565,fed_h10_eur
2026-06-09,244.190002,0.8654,211.322028,fed_h10_eur
2026-06-10,238.0,0.8658,206.0604,fed_h10_eur
2026-06-11,241.509995,0.8684,209.727279,fed_h10_eur
2026-06-12,238.550003,0.8641,206.131058,fed_h10_eur
2026-06-15,246.020004,0.8621,212.093846,fed_h10_eur
2026-06-16,246.0,0.861,211.806,fed_h10_eur
2026-06-17,237.5,0.8626,204.8675,fed_h10_eur
2026-06-18,244.389999,0.8718,213.059201,fed_h10_eur
2026-06-22,232.789993,0.8747,203.621407,fed_h10_eur
2026-06-23,234.110001,0.8785,205.665636,fed_h10_eur
2026-06-24,234.270004,0.8812,206.438728,fed_h10_eur
2026-06-25,227.009995,0.8783,199.382878,fed_h10_eur
2026-06-26,232.690002,0.877,204.069132,fed_h10_eur
2026-06-29,240.139999,0.8753,210.194541,fed_h10_eur
2026-06-30,238.339996,0.8759,208.762003,fed_h10_eur
2026-07-01,241.699997,0.8784,212.309277,fed_h10_eur
2026-07-02,242.669998,0.8735,211.972243,fed_h10_eur
2026-07-06,244.160004,0.8752,213.688835,fed_h10_eur
2026-07-07,245.979996,0.8754,215.330888,fed_h10_eur
2026-07-08,243.619995,0.8775,213.776546,fed_h10_eur
2026-07-09,247.039993,0.8742,215.962362,fed_h10_eur
2026-07-10,245.339996,0.8743,214.500759,fed_h10_eur
2026-07-13,247.309998,0.877,216.890868,fed_h10_eur
2026-07-14,247.490005,0.875,216.553755,fed_h10_eur
2026-07-15,254.960007,0.8744,222.93703,fed_h10_eur
2026-07-16,249.889999,0.8736,218.303903,fed_h10_eur
2026-07-17,247.229996,0.8741,216.103739,fed_h10_eur
2026-07-20,249.990005,0.8763,219.066242,fed_h10_eur
2026-07-21,247.550003,0.8766,217.002333,fed_h10_eur
2026-07-22,244.850006,0.8761,214.51309,fed_h10_eur
2026-07-23,233.660004,0.8793,205.457241,fed_h10_eur
2026-07-24,232.110001,0.8783,203.862214,fed_h10_eur
2026-07-27,231.389999,0.8783,203.229836,fed_h10_eur
2026-07-28,230.860001,0.8783,202.764339,fed_h10_eur
2026-07-29,226.649994,0.8783,199.06669,fed_h10_eur
2026-07-30,235.5,0.8783,206.83965,fed_h10_eur
2026-07-31,271.579987,0.8783,238.528702,fed_h10_eur
2026-08-03,284.019989,0.866927,246.224597,ecb
2026-08-04,277.420013,0.868432,240.920417,ecb
2026-08-05,272.649994,0.865501,235.978842,ecb
2026-08-06,272.260010,0.866401,235.886345,ecb
2026-08-07,274.480011,0.866927,237.954132,ecb
2026-08-10,278.089996,0.865426,240.666313,ecb
2026-08-11,274.605011,0.866551,237.959247,ecb
2026-08-12,267.279999,0.866176,231.511520,ecb
2026-08-13,265.130005,0.867002,229.868245,ecb
2026-08-14,262.649994,0.864528,227.068274,ecb
2026-08-17,261.309998,0.862589,225.403130,ecb
2026-08-18,259.450012,0.863856,224.127450,ecb
2026-08-19,265.839996,0.861698,229.073793,ecb
2026-08-20,260.109985,0.856091,222.677817,ecb
2026-08-21,258.630005,0.854774,221.070204,ecb
2026-08-24,262.070007,0.857339,224.682838,ecb
2026-08-25,261.059998,0.857486,223.855293,ecb
2026-08-26,260.279999,0.856971,223.052411,ecb
2026-08-27,256.260010,0.858738,220.060208,ecb
2026-08-28,266.429993,0.858885,228.832725,ecb
2026-08-31,259.769989,0.862366,224.016806,ecb
2026-09-01,254.919998,0.862813,219.948288,ecb
